2026-07-30 12:49:29,481 INFO:FFB_Engine:SDL3 custom events registered: {'EFFECT_START': 32768, 'EFFECT_STOP': 32769, 'POSITION_REQUEST': 32770}
2026-07-30 12:49:29,670 INFO:FFB_Engine:Loaded DirectInput provider: unity_di (c:\Users\nishi\OneDrive\Desktop\MotorBuster\MotorBuster\DirectInputForceFeedback.dll)
2026-07-30 12:49:29,828 INFO:FFB_Engine:DirectInput scan found 1 FFB-capable device(s) via Unity DI
2026-07-30 12:49:29,828 INFO:FFB_Engine:Connecting to (DI mode): CONSPIT Ares [VID:0000 PID:0000]
2026-07-30 12:49:29,892 INFO:FFB_Engine:Opened SDL input telemetry handle: joy_id=5, axes=8, gamepad=no
2026-07-30 12:49:29,892 INFO:FFB_Engine:DirectInput backend ignores SDL device index; using first available DI device
2026-07-30 12:49:30,073 INFO:FFB_Engine:DirectInput backend initialized via Unity DI for guid={8424D4D0-5664-11F0-8001-444553540000}
2026-07-30 12:49:30,073 INFO:FFB_Engine:DirectInput backend active; SDL haptics disabled.
2026-07-30 12:51:59,677 INFO:FFB_Engine:DI-DESC: resolved payload type=periodic_sine mag_in=3276 unit=s16 length_us=2009000 period_us=100000 offset=0
2026-07-30 13:47:55,012 INFO:FFB_Engine:SDL3 custom events registered: {'EFFECT_START': 32768, 'EFFECT_STOP': 32769, 'POSITION_REQUEST': 32770}
2026-07-30 13:47:55,194 INFO:FFB_Engine:Loaded DirectInput provider: unity_di (c:\Users\nishi\OneDrive\Desktop\MotorBuster\MotorBuster\DirectInputForceFeedback.dll)
2026-07-30 13:47:55,352 INFO:FFB_Engine:DirectInput scan found 1 FFB-capable device(s) via Unity DI
2026-07-30 13:47:55,353 INFO:FFB_Engine:Connecting to (DI mode): CONSPIT Ares [VID:0000 PID:0000]
2026-07-30 13:47:55,415 INFO:FFB_Engine:Opened SDL input telemetry handle: joy_id=5, axes=8, gamepad=no
2026-07-30 13:47:55,415 INFO:FFB_Engine:DirectInput backend ignores SDL device index; using first available DI device
2026-07-30 13:47:55,588 INFO:FFB_Engine:DirectInput backend initialized via Unity DI for guid={8424D4D0-5664-11F0-8001-444553540000}
2026-07-30 13:47:55,588 INFO:FFB_Engine:DirectInput backend active; SDL haptics disabled.
2026-07-30 13:54:45,379 INFO:FFB_Engine:SDL3 custom events registered: {'EFFECT_START': 32768, 'EFFECT_STOP': 32769, 'POSITION_REQUEST': 32770}
2026-07-30 13:54:45,575 INFO:FFB_Engine:Loaded DirectInput provider: unity_di (c:\Users\nishi\OneDrive\Desktop\MotorBuster\MotorBuster\DirectInputForceFeedback.dll)
2026-07-30 13:54:45,734 INFO:FFB_Engine:DirectInput scan found 1 FFB-capable device(s) via Unity DI
2026-07-30 13:54:45,735 INFO:FFB_Engine:Connecting to (DI mode): CONSPIT Ares [VID:0000 PID:0000]
2026-07-30 13:54:45,798 INFO:FFB_Engine:Opened SDL input telemetry handle: joy_id=5, axes=8, gamepad=no
2026-07-30 13:54:45,798 INFO:FFB_Engine:DirectInput backend ignores SDL device index; using first available DI device
2026-07-30 13:54:45,976 INFO:FFB_Engine:DirectInput backend initialized via Unity DI for guid={8424D4D0-5664-11F0-8001-444553540000}
2026-07-30 13:54:45,977 INFO:FFB_Engine:DirectInput backend active; SDL haptics disabled.
2026-07-30 13:58:42,931 INFO:FFB_Engine:SDL3 custom events registered: {'EFFECT_START': 32768, 'EFFECT_STOP': 32769, 'POSITION_REQUEST': 32770}
2026-07-30 13:58:43,117 INFO:FFB_Engine:Loaded DirectInput provider: unity_di (c:\Users\nishi\OneDrive\Desktop\MotorBuster\MotorBuster\DirectInputForceFeedback.dll)
2026-07-30 13:58:43,276 INFO:FFB_Engine:DirectInput scan found 1 FFB-capable device(s) via Unity DI
2026-07-30 13:58:43,276 INFO:FFB_Engine:Connecting to (DI mode): CONSPIT Ares [VID:0000 PID:0000]
2026-07-30 13:58:43,339 INFO:FFB_Engine:Opened SDL input telemetry handle: joy_id=5, axes=8, gamepad=no
2026-07-30 13:58:43,339 INFO:FFB_Engine:DirectInput backend ignores SDL device index; using first available DI device
2026-07-30 13:58:43,515 INFO:FFB_Engine:DirectInput backend initialized via Unity DI for guid={8424D4D0-5664-11F0-8001-444553540000}
2026-07-30 13:58:43,516 INFO:FFB_Engine:DirectInput backend active; SDL haptics disabled.
2026-07-30 14:03:47,833 INFO:FFB_Engine:SDL3 custom events registered: {'EFFECT_START': 32768, 'EFFECT_STOP': 32769, 'POSITION_REQUEST': 32770}
2026-07-30 14:03:48,028 INFO:FFB_Engine:Loaded DirectInput provider: unity_di (c:\Users\nishi\OneDrive\Desktop\MotorBuster\MotorBuster\DirectInputForceFeedback.dll)
2026-07-30 14:03:48,185 INFO:FFB_Engine:DirectInput scan found 1 FFB-capable device(s) via Unity DI
2026-07-30 14:03:48,185 INFO:FFB_Engine:Connecting to (DI mode): CONSPIT Ares [VID:0000 PID:0000]
2026-07-30 14:03:48,248 INFO:FFB_Engine:Opened SDL input telemetry handle: joy_id=5, axes=8, gamepad=no
2026-07-30 14:03:48,248 INFO:FFB_Engine:DirectInput backend ignores SDL device index; using first available DI device
2026-07-30 14:03:48,424 INFO:FFB_Engine:DirectInput backend initialized via Unity DI for guid={8424D4D0-5664-11F0-8001-444553540000}
2026-07-30 14:03:48,425 INFO:FFB_Engine:DirectInput backend active; SDL haptics disabled.
2026-07-30 14:08:03,640 INFO:FFB_Engine:SDL3 custom events registered: {'EFFECT_START': 32768, 'EFFECT_STOP': 32769, 'POSITION_REQUEST': 32770}
2026-07-30 14:08:03,824 INFO:FFB_Engine:Loaded DirectInput provider: unity_di (c:\Users\nishi\OneDrive\Desktop\MotorBuster\MotorBuster\DirectInputForceFeedback.dll)
2026-07-30 14:08:03,982 INFO:FFB_Engine:DirectInput scan found 1 FFB-capable device(s) via Unity DI
2026-07-30 14:08:03,983 INFO:FFB_Engine:Connecting to (DI mode): CONSPIT Ares [VID:0000 PID:0000]
2026-07-30 14:08:04,047 INFO:FFB_Engine:Opened SDL input telemetry handle: joy_id=5, axes=8, gamepad=no
2026-07-30 14:08:04,047 INFO:FFB_Engine:DirectInput backend ignores SDL device index; using first available DI device
2026-07-30 14:08:04,226 INFO:FFB_Engine:DirectInput backend initialized via Unity DI for guid={8424D4D0-5664-11F0-8001-444553540000}
2026-07-30 14:08:04,226 INFO:FFB_Engine:DirectInput backend active; SDL haptics disabled.
2026-07-30 14:14:16,126 INFO:FFB_Engine:SDL3 custom events registered: {'EFFECT_START': 32768, 'EFFECT_STOP': 32769, 'POSITION_REQUEST': 32770}
2026-07-30 14:14:16,312 INFO:FFB_Engine:Loaded DirectInput provider: unity_di (c:\Users\nishi\OneDrive\Desktop\MotorBuster\MotorBuster\DirectInputForceFeedback.dll)
2026-07-30 14:14:16,469 INFO:FFB_Engine:DirectInput scan found 1 FFB-capable device(s) via Unity DI
2026-07-30 14:14:16,469 INFO:FFB_Engine:Connecting to (DI mode): CONSPIT Ares [VID:0000 PID:0000]
2026-07-30 14:14:16,534 INFO:FFB_Engine:Opened SDL input telemetry handle: joy_id=5, axes=8, gamepad=no
2026-07-30 14:14:16,534 INFO:FFB_Engine:DirectInput backend ignores SDL device index; using first available DI device
2026-07-30 14:14:16,706 INFO:FFB_Engine:DirectInput backend initialized via Unity DI for guid={8424D4D0-5664-11F0-8001-444553540000}
2026-07-30 14:14:16,706 INFO:FFB_Engine:DirectInput backend active; SDL haptics disabled.
2026-07-30 14:15:42,967 INFO:FFB_Engine:DI-DESC: resolved payload type=periodic_sine mag_in=3276 unit=s16 length_us=3669000 period_us=100000 offset=0
2026-07-30 14:15:42,977 INFO:FFB_Engine:DI-UPDATE: resolved payload type=periodic_sine freq=10.237482493040991 mag_in=1000 unit=di duration_us=3669000 period_us=97680 phase=0
2026-07-30 14:15:42,982 INFO:FFB_Engine:DI-UPDATE: resolved payload type=periodic_sine freq=10.383218780892793 mag_in=1000 unit=di duration_us=3669000 period_us=96309 phase=0
2026-07-30 14:15:42,988 INFO:FFB_Engine:DI-UPDATE: resolved payload type=periodic_sine freq=10.53101875742928 mag_in=1000 unit=di duration_us=3669000 period_us=94957 phase=0
2026-07-30 14:15:42,993 INFO:FFB_Engine:DI-UPDATE: resolved payload type=periodic_sine freq=10.631770149606172 mag_in=1000 unit=di duration_us=3669000 period_us=94057 phase=0
2026-07-30 14:15:42,998 INFO:FFB_Engine:DI-UPDATE: resolved payload type=periodic_sine freq=10.77750057470603 mag_in=1000 unit=di duration_us=3669000 period_us=92785 phase=0
2026-07-30 14:15:43,003 INFO:FFB_Engine:DI-UPDATE: resolved payload type=periodic_sine freq=10.886366015574971 mag_in=1000 unit=di duration_us=3669000 period_us=91858 phase=0
2026-07-30 14:15:43,009 INFO:FFB_Engine:DI-UPDATE: resolved payload type=periodic_sine freq=11.035666856609406 mag_in=1000 unit=di duration_us=3669000 period_us=90615 phase=0
2026-07-30 14:15:43,013 INFO:FFB_Engine:DI-UPDATE: resolved payload type=periodic_sine freq=11.135873012855404 mag_in=1000 unit=di duration_us=3669000 period_us=89799 phase=0
2026-07-30 14:15:43,017 INFO:FFB_Engine:DI-UPDATE: resolved payload type=periodic_sine freq=11.242381627442407 mag_in=1000 unit=di duration_us=3669000 period_us=88949 phase=0
2026-07-30 14:15:43,023 INFO:FFB_Engine:DI-UPDATE: resolved payload type=periodic_sine freq=11.39058027111116 mag_in=1000 unit=di duration_us=3669000 period_us=87791 phase=0
2026-07-30 14:15:43,028 INFO:FFB_Engine:DI-UPDATE: resolved payload type=periodic_sine freq=11.49071021158187 mag_in=1000 unit=di duration_us=3669000 period_us=87026 phase=0
2026-07-30 14:15:43,035 INFO:FFB_Engine:DI-UPDATE: resolved payload type=periodic_sine freq=11.663438609389008 mag_in=1000 unit=di duration_us=3669000 period_us=85738 phase=0
2026-07-30 14:15:43,040 INFO:FFB_Engine:DI-UPDATE: resolved payload type=periodic_sine freq=11.809327328791383 mag_in=1000 unit=di duration_us=3669000 period_us=84678 phase=0
2026-07-30 14:15:43,046 INFO:FFB_Engine:DI-UPDATE: resolved payload type=periodic_sine freq=11.956435500598344 mag_in=1000 unit=di duration_us=3669000 period_us=83636 phase=0
2026-07-30 14:15:43,051 INFO:FFB_Engine:DI-UPDATE: resolved payload type=periodic_sine freq=12.06142566243156 mag_in=1000 unit=di duration_us=3669000 period_us=82908 phase=0
2026-07-30 14:15:43,057 INFO:FFB_Engine:DI-UPDATE: resolved payload type=periodic_sine freq=12.210849621256845 mag_in=1000 unit=di duration_us=3669000 period_us=81894 phase=0
2026-07-30 14:15:43,063 INFO:FFB_Engine:DI-UPDATE: resolved payload type=periodic_sine freq=12.359546598840932 mag_in=1000 unit=di duration_us=3669000 period_us=80909 phase=0
2026-07-30 14:15:43,067 INFO:FFB_Engine:DI-UPDATE: resolved payload type=periodic_sine freq=12.472598044598689 mag_in=1000 unit=di duration_us=3669000 period_us=80175 phase=0
2026-07-30 14:15:43,072 INFO:FFB_Engine:DI-UPDATE: resolved payload type=periodic_sine freq=12.575055497591613 mag_in=1000 unit=di duration_us=3669000 period_us=79522 phase=0
2026-07-30 14:15:43,078 INFO:FFB_Engine:DI-UPDATE: resolved payload type=periodic_sine freq=12.722198845910244 mag_in=1000 unit=di duration_us=3669000 period_us=78602 phase=0
2026-07-30 14:15:43,084 INFO:FFB_Engine:DI-UPDATE: resolved payload type=periodic_sine freq=12.884227721417536 mag_in=1000 unit=di duration_us=3669000 period_us=77614 phase=0
2026-07-30 14:15:43,090 INFO:FFB_Engine:DI-UPDATE: resolved payload type=periodic_sine freq=13.033505111444192 mag_in=1000 unit=di duration_us=3669000 period_us=76725 phase=0
2026-07-30 14:15:43,096 INFO:FFB_Engine:DI-UPDATE: resolved payload type=periodic_sine freq=13.178959987202628 mag_in=1000 unit=di duration_us=3669000 period_us=75878 phase=0
2026-07-30 14:15:43,101 INFO:FFB_Engine:DI-UPDATE: resolved payload type=periodic_sine freq=13.291337216486696 mag_in=1000 unit=di duration_us=3669000 period_us=75236 phase=0
2026-07-30 14:15:43,105 INFO:FFB_Engine:DI-UPDATE: resolved payload type=periodic_sine freq=13.391531647228803 mag_in=1000 unit=di duration_us=3669000 period_us=74674 phase=0
2026-07-30 14:15:43,111 INFO:FFB_Engine:DI-UPDATE: resolved payload type=periodic_sine freq=13.537895249538735 mag_in=1000 unit=di duration_us=3669000 period_us=73866 phase=0
2026-07-30 14:15:43,118 INFO:FFB_Engine:DI-UPDATE: resolved payload type=periodic_sine freq=13.71247627696053 mag_in=1000 unit=di duration_us=3669000 period_us=72926 phase=0
2026-07-30 14:15:43,124 INFO:FFB_Engine:DI-UPDATE: resolved payload type=periodic_sine freq=13.859713429310283 mag_in=1000 unit=di duration_us=3669000 period_us=72151 phase=0
2026-07-30 14:15:43,130 INFO:FFB_Engine:DI-UPDATE: resolved payload type=periodic_sine freq=14.00766583739734 mag_in=1000 unit=di duration_us=3669000 period_us=71389 phase=0
2026-07-30 14:15:43,134 INFO:FFB_Engine:DI-UPDATE: resolved payload type=periodic_sine freq=14.11444413857382 mag_in=1000 unit=di duration_us=3669000 period_us=70849 phase=0
2026-07-30 14:15:43,138 INFO:FFB_Engine:DI-UPDATE: resolved payload type=periodic_sine freq=14.214497863269244 mag_in=1000 unit=di duration_us=3669000 period_us=70350 phase=0
2026-07-30 14:15:43,144 INFO:FFB_Engine:DI-UPDATE: resolved payload type=periodic_sine freq=14.35924334604232 mag_in=1000 unit=di duration_us=3669000 period_us=69641 phase=0
2026-07-30 14:15:43,151 INFO:FFB_Engine:DI-UPDATE: resolved payload type=periodic_sine freq=14.5253116576398 mag_in=1000 unit=di duration_us=3669000 period_us=68845 phase=0
2026-07-30 14:15:43,157 INFO:FFB_Engine:DI-UPDATE: resolved payload type=periodic_sine freq=14.673903105688876 mag_in=1000 unit=di duration_us=3669000 period_us=68148 phase=0
2026-07-30 14:15:43,163 INFO:FFB_Engine:DI-UPDATE: resolved payload type=periodic_sine freq=14.819991158657388 mag_in=1000 unit=di duration_us=3669000 period_us=67476 phase=0
2026-07-30 14:15:43,168 INFO:FFB_Engine:DI-UPDATE: resolved payload type=periodic_sine freq=14.936689236125009 mag_in=1000 unit=di duration_us=3669000 period_us=66949 phase=0
2026-07-30 14:15:43,174 INFO:FFB_Engine:DI-UPDATE: resolved payload type=periodic_sine freq=15.084887879793762 mag_in=1000 unit=di duration_us=3669000 period_us=66291 phase=0
2026-07-30 14:15:43,180 INFO:FFB_Engine:DI-UPDATE: resolved payload type=periodic_sine freq=15.230178598497734 mag_in=1000 unit=di duration_us=3669000 period_us=65659 phase=0
2026-07-30 14:15:43,184 INFO:FFB_Engine:DI-UPDATE: resolved payload type=periodic_sine freq=15.339214059173084 mag_in=1000 unit=di duration_us=3669000 period_us=65192 phase=0
2026-07-30 14:15:43,188 INFO:FFB_Engine:DI-UPDATE: resolved payload type=periodic_sine freq=15.44082727588591 mag_in=1000 unit=di duration_us=3669000 period_us=64763 phase=0
2026-07-30 14:15:43,194 INFO:FFB_Engine:DI-UPDATE: resolved payload type=periodic_sine freq=15.58685670133497 mag_in=1000 unit=di duration_us=3669000 period_us=64156 phase=0
2026-07-30 14:15:43,201 INFO:FFB_Engine:DI-UPDATE: resolved payload type=periodic_sine freq=15.76689595081767 mag_in=1000 unit=di duration_us=3669000 period_us=63424 phase=0
2026-07-30 14:15:43,207 INFO:FFB_Engine:DI-UPDATE: resolved payload type=periodic_sine freq=15.914062750144083 mag_in=1000 unit=di duration_us=3669000 period_us=62837 phase=0
2026-07-30 14:15:43,213 INFO:FFB_Engine:DI-UPDATE: resolved payload type=periodic_sine freq=16.059881116523115 mag_in=1000 unit=di duration_us=3669000 period_us=62266 phase=0
2026-07-30 14:15:43,217 INFO:FFB_Engine:DI-UPDATE: resolved payload type=periodic_sine freq=16.162602393353573 mag_in=1000 unit=di duration_us=3669000 period_us=61871 phase=0
2026-07-30 14:15:43,223 INFO:FFB_Engine:DI-UPDATE: resolved payload type=periodic_sine freq=16.31037305613033 mag_in=1000 unit=di duration_us=3669000 period_us=61310 phase=0
2026-07-30 14:15:43,230 INFO:FFB_Engine:DI-UPDATE: resolved payload type=periodic_sine freq=16.459316269296114 mag_in=1000 unit=di duration_us=3669000 period_us=60755 phase=0
2026-07-30 14:15:43,234 INFO:FFB_Engine:DI-UPDATE: resolved payload type=periodic_sine freq=16.569840868965525 mag_in=1000 unit=di duration_us=3669000 period_us=60350 phase=0
2026-07-30 14:15:43,238 INFO:FFB_Engine:DI-UPDATE: resolved payload type=periodic_sine freq=16.67075641819688 mag_in=1000 unit=di duration_us=3669000 period_us=59985 phase=0
2026-07-30 14:15:43,242 INFO:FFB_Engine:DI-UPDATE: resolved payload type=periodic_sine freq=16.771150182505124 mag_in=1000 unit=di duration_us=3669000 period_us=59626 phase=0
2026-07-30 14:15:43,248 INFO:FFB_Engine:DI-UPDATE: resolved payload type=periodic_sine freq=16.916827842837474 mag_in=1000 unit=di duration_us=3669000 period_us=59112 phase=0
2026-07-30 14:15:43,253 INFO:FFB_Engine:DI-UPDATE: resolved payload type=periodic_sine freq=17.031075289992035 mag_in=1000 unit=di duration_us=3669000 period_us=58716 phase=0
2026-07-30 14:15:43,257 INFO:FFB_Engine:DI-UPDATE: resolved payload type=periodic_sine freq=17.131304897245812 mag_in=1000 unit=di duration_us=3669000 period_us=58372 phase=0
2026-07-30 14:15:43,263 INFO:FFB_Engine:DI-UPDATE: resolved payload type=periodic_sine freq=17.2783778925411 mag_in=1000 unit=di duration_us=3669000 period_us=57875 phase=0
2026-07-30 14:15:43,267 INFO:FFB_Engine:DI-UPDATE: resolved payload type=periodic_sine freq=17.38811102069792 mag_in=1000 unit=di duration_us=3669000 period_us=57510 phase=0
2026-07-30 14:15:43,271 INFO:FFB_Engine:DI-UPDATE: resolved payload type=periodic_sine freq=17.488827236363143 mag_in=1000 unit=di duration_us=3669000 period_us=57179 phase=0
2026-07-30 14:15:43,277 INFO:FFB_Engine:DI-UPDATE: resolved payload type=periodic_sine freq=17.63643374208544 mag_in=1000 unit=di duration_us=3669000 period_us=56700 phase=0
2026-07-30 14:15:43,284 INFO:FFB_Engine:DI-UPDATE: resolved payload type=periodic_sine freq=17.79823983301882 mag_in=1000 unit=di duration_us=3669000 period_us=56185 phase=0
2026-07-30 14:15:43,290 INFO:FFB_Engine:DI-UPDATE: resolved payload type=periodic_sine freq=17.945740809206104 mag_in=1000 unit=di duration_us=3669000 period_us=55723 phase=0
2026-07-30 14:15:43,296 INFO:FFB_Engine:DI-UPDATE: resolved payload type=periodic_sine freq=18.09518235628722 mag_in=1000 unit=di duration_us=3669000 period_us=55263 phase=0
2026-07-30 14:15:43,301 INFO:FFB_Engine:DI-UPDATE: resolved payload type=periodic_sine freq=18.208069644990516 mag_in=1000 unit=di duration_us=3669000 period_us=54920 phase=0
2026-07-30 14:15:43,305 INFO:FFB_Engine:DI-UPDATE: resolved payload type=periodic_sine freq=18.309207978795786 mag_in=1000 unit=di duration_us=3669000 period_us=54617 phase=0
2026-07-30 14:15:43,311 INFO:FFB_Engine:DI-UPDATE: resolved payload type=periodic_sine freq=18.454756658585346 mag_in=1000 unit=di duration_us=3669000 period_us=54186 phase=0
2026-07-30 14:15:43,317 INFO:FFB_Engine:DI-UPDATE: resolved payload type=periodic_sine freq=18.618896124792883 mag_in=1000 unit=di duration_us=3669000 period_us=53708 phase=0
2026-07-30 14:15:43,322 INFO:FFB_Engine:DI-UPDATE: resolved payload type=periodic_sine freq=18.71977063476062 mag_in=1000 unit=di duration_us=3669000 period_us=53419 phase=0
2026-07-30 14:15:43,327 INFO:FFB_Engine:DI-UPDATE: resolved payload type=periodic_sine freq=18.867042963622048 mag_in=1000 unit=di duration_us=3669000 period_us=53002 phase=0
2026-07-30 14:15:43,334 INFO:FFB_Engine:DI-UPDATE: resolved payload type=periodic_sine freq=19.032923667157284 mag_in=1000 unit=di duration_us=3669000 period_us=52540 phase=0
2026-07-30 14:15:43,340 INFO:FFB_Engine:DI-UPDATE: resolved payload type=periodic_sine freq=19.179697662103372 mag_in=1000 unit=di duration_us=3669000 period_us=52138 phase=0
2026-07-30 14:15:43,346 INFO:FFB_Engine:DI-UPDATE: resolved payload type=periodic_sine freq=19.326418892281954 mag_in=1000 unit=di duration_us=3669000 period_us=51742 phase=0
2026-07-30 14:15:43,351 INFO:FFB_Engine:DI-UPDATE: resolved payload type=periodic_sine freq=19.439945220947266 mag_in=1000 unit=di duration_us=3669000 period_us=51440 phase=0
2026-07-30 14:15:43,355 INFO:FFB_Engine:DI-UPDATE: resolved payload type=periodic_sine freq=19.541482221884806 mag_in=1000 unit=di duration_us=3669000 period_us=51173 phase=0
2026-07-30 14:15:43,361 INFO:FFB_Engine:DI-UPDATE: resolved payload type=periodic_sine freq=19.686403587216237 mag_in=1000 unit=di duration_us=3669000 period_us=50796 phase=0
2026-07-30 14:15:43,368 INFO:FFB_Engine:DI-UPDATE: resolved payload type=periodic_sine freq=19.86468987386735 mag_in=1000 unit=di duration_us=3669000 period_us=50340 phase=0
2026-07-30 14:15:43,374 INFO:FFB_Engine:DI-UPDATE: resolved payload type=periodic_sine freq=20.011622163115952 mag_in=1000 unit=di duration_us=3669000 period_us=49970 phase=0
2026-07-30 14:15:43,380 INFO:FFB_Engine:DI-UPDATE: resolved payload type=periodic_sine freq=20.158466511085386 mag_in=1000 unit=di duration_us=3669000 period_us=49606 phase=0
2026-07-30 14:15:43,384 INFO:FFB_Engine:DI-UPDATE: resolved payload type=periodic_sine freq=20.2593117072934 mag_in=1000 unit=di duration_us=3669000 period_us=49360 phase=0
2026-07-30 14:15:43,388 INFO:FFB_Engine:DI-UPDATE: resolved payload type=periodic_sine freq=20.36184537606161 mag_in=1000 unit=di duration_us=3669000 period_us=49111 phase=0
2026-07-30 14:15:43,394 INFO:FFB_Engine:DI-UPDATE: resolved payload type=periodic_sine freq=20.505635230267636 mag_in=1000 unit=di duration_us=3669000 period_us=48767 phase=0
2026-07-30 14:15:43,398 INFO:FFB_Engine:DI-UPDATE: resolved payload type=periodic_sine freq=20.60567136670722 mag_in=1000 unit=di duration_us=3669000 period_us=48530 phase=0
2026-07-30 14:15:43,403 INFO:FFB_Engine:DI-UPDATE: resolved payload type=periodic_sine freq=20.719268048395875 mag_in=1000 unit=di duration_us=3669000 period_us=48264 phase=0
2026-07-30 14:15:43,409 INFO:FFB_Engine:DI-UPDATE: resolved payload type=periodic_sine freq=20.864992610743787 mag_in=1000 unit=di duration_us=3669000 period_us=47927 phase=0
2026-07-30 14:15:43,415 INFO:FFB_Engine:DI-UPDATE: resolved payload type=periodic_sine freq=21.011924899992394 mag_in=1000 unit=di duration_us=3669000 period_us=47592 phase=0
2026-07-30 14:15:43,420 INFO:FFB_Engine:DI-UPDATE: resolved payload type=periodic_sine freq=21.137159144292113 mag_in=1000 unit=di duration_us=3669000 period_us=47310 phase=0
2026-07-30 14:15:43,425 INFO:FFB_Engine:DI-UPDATE: resolved payload type=periodic_sine freq=21.238555439182967 mag_in=1000 unit=di duration_us=3669000 period_us=47084 phase=0
2026-07-30 14:15:43,428 INFO:FFB_Engine:DI-UPDATE: resolved payload type=periodic_sine freq=21.349408352961305 mag_in=1000 unit=di duration_us=3669000 period_us=46839 phase=0
2026-07-30 14:15:43,434 INFO:FFB_Engine:DI-UPDATE: resolved payload type=periodic_sine freq=21.495836445542633 mag_in=1000 unit=di duration_us=3669000 period_us=46520 phase=0
2026-07-30 14:15:43,439 INFO:FFB_Engine:DI-UPDATE: resolved payload type=periodic_sine freq=21.596447131672843 mag_in=1000 unit=di duration_us=3669000 period_us=46303 phase=0
2026-07-30 14:15:43,444 INFO:FFB_Engine:DI-UPDATE: resolved payload type=periodic_sine freq=21.743584617239527 mag_in=1000 unit=di duration_us=3669000 period_us=45990 phase=0
2026-07-30 14:15:43,451 INFO:FFB_Engine:DI-UPDATE: resolved payload type=periodic_sine freq=21.91113034232718 mag_in=1000 unit=di duration_us=3669000 period_us=45638 phase=0
2026-07-30 14:15:43,457 INFO:FFB_Engine:DI-UPDATE: resolved payload type=periodic_sine freq=22.056163099945568 mag_in=1000 unit=di duration_us=3669000 period_us=45338 phase=0
2026-07-30 14:15:43,463 INFO:FFB_Engine:DI-UPDATE: resolved payload type=periodic_sine freq=22.202391858960763 mag_in=1000 unit=di duration_us=3669000 period_us=45040 phase=0
2026-07-30 14:15:43,468 INFO:FFB_Engine:DI-UPDATE: resolved payload type=periodic_sine freq=22.324776805815148 mag_in=1000 unit=di duration_us=3669000 period_us=44793 phase=0
2026-07-30 14:15:43,473 INFO:FFB_Engine:DI-UPDATE: resolved payload type=periodic_sine freq=22.429901810943104 mag_in=1000 unit=di duration_us=3669000 period_us=44583 phase=0
2026-07-30 14:15:43,478 INFO:FFB_Engine:DI-UPDATE: resolved payload type=periodic_sine freq=22.569411856229188 mag_in=1000 unit=di duration_us=3669000 period_us=44307 phase=0
2026-07-30 14:15:43,484 INFO:FFB_Engine:DI-UPDATE: resolved payload type=periodic_sine freq=22.717874323735472 mag_in=1000 unit=di duration_us=3669000 period_us=44018 phase=0
2026-07-30 14:15:43,488 INFO:FFB_Engine:DI-UPDATE: resolved payload type=periodic_sine freq=22.82314589766205 mag_in=1000 unit=di duration_us=3669000 period_us=43815 phase=0
2026-07-30 14:15:43,493 INFO:FFB_Engine:DI-UPDATE: resolved payload type=periodic_sine freq=22.926541390966197 mag_in=1000 unit=di duration_us=3669000 period_us=43617 phase=0
2026-07-30 14:15:43,498 INFO:FFB_Engine:DI-UPDATE: resolved payload type=periodic_sine freq=23.068988674976787 mag_in=1000 unit=di duration_us=3669000 period_us=43348 phase=0
2026-07-30 14:15:43,503 INFO:FFB_Engine:DI-UPDATE: resolved payload type=periodic_sine freq=23.178868371932232 mag_in=1000 unit=di duration_us=3669000 period_us=43142 phase=0
2026-07-30 14:15:43,509 INFO:FFB_Engine:DI-UPDATE: resolved payload type=periodic_sine freq=23.329523508665993 mag_in=1000 unit=di duration_us=3669000 period_us=42864 phase=0
2026-07-30 14:15:43,515 INFO:FFB_Engine:DI-UPDATE: resolved payload type=periodic_sine freq=23.476004366014823 mag_in=1000 unit=di duration_us=3669000 period_us=42596 phase=0
2026-07-30 14:15:43,519 INFO:FFB_Engine:DI-UPDATE: resolved payload type=periodic_sine freq=23.587296986189045 mag_in=1000 unit=di duration_us=3669000 period_us=42395 phase=0
2026-07-30 14:15:43,525 INFO:FFB_Engine:DI-UPDATE: resolved payload type=periodic_sine freq=23.734862452647725 mag_in=1000 unit=di duration_us=3669000 period_us=42132 phase=0
2026-07-30 14:15:43,531 INFO:FFB_Engine:DI-UPDATE: resolved payload type=periodic_sine freq=23.88258035065698 mag_in=1000 unit=di duration_us=3669000 period_us=41871 phase=0
2026-07-30 14:15:43,536 INFO:FFB_Engine:DI-UPDATE: resolved payload type=periodic_sine freq=24.004103472975434 mag_in=1000 unit=di duration_us=3669000 period_us=41659 phase=0
2026-07-30 14:15:43,542 INFO:FFB_Engine:DI-UPDATE: resolved payload type=periodic_sine freq=24.15234901865975 mag_in=1000 unit=di duration_us=3669000 period_us=41403 phase=0
2026-07-30 14:15:43,549 INFO:FFB_Engine:DI-UPDATE: resolved payload type=periodic_sine freq=24.302793096323484 mag_in=1000 unit=di duration_us=3669000 period_us=41147 phase=0
2026-07-30 14:15:43,553 INFO:FFB_Engine:DI-UPDATE: resolved payload type=periodic_sine freq=24.407472532303608 mag_in=1000 unit=di duration_us=3669000 period_us=40971 phase=0
2026-07-30 14:15:43,557 INFO:FFB_Engine:DI-UPDATE: resolved payload type=periodic_sine freq=24.512855498517144 mag_in=1000 unit=di duration_us=3669000 period_us=40794 phase=0
2026-07-30 14:15:43,563 INFO:FFB_Engine:DI-UPDATE: resolved payload type=periodic_sine freq=24.65773582458496 mag_in=1000 unit=di duration_us=3669000 period_us=40555 phase=0
2026-07-30 14:15:43,568 INFO:FFB_Engine:DI-UPDATE: resolved payload type=periodic_sine freq=24.77472117689789 mag_in=1000 unit=di duration_us=3669000 period_us=40363 phase=0
2026-07-30 14:15:43,572 INFO:FFB_Engine:DI-UPDATE: resolved payload type=periodic_sine freq=24.875161843221694 mag_in=1000 unit=di duration_us=3669000 period_us=40200 phase=0
2026-07-30 14:15:43,578 INFO:FFB_Engine:DI-UPDATE: resolved payload type=periodic_sine freq=25.022328642548107 mag_in=1000 unit=di duration_us=3669000 period_us=39964 phase=0
2026-07-30 14:15:43,584 INFO:FFB_Engine:DI-UPDATE: resolved payload type=periodic_sine freq=25.1846565184046 mag_in=1000 unit=di duration_us=3669000 period_us=39706 phase=0
2026-07-30 14:15:43,590 INFO:FFB_Engine:DI-UPDATE: resolved payload type=periodic_sine freq=25.33120186602483 mag_in=1000 unit=di duration_us=3669000 period_us=39477 phase=0
2026-07-30 14:15:43,596 INFO:FFB_Engine:DI-UPDATE: resolved payload type=periodic_sine freq=25.476000113565412 mag_in=1000 unit=di duration_us=3669000 period_us=39252 phase=0
2026-07-30 14:15:43,601 INFO:FFB_Engine:DI-UPDATE: resolved payload type=periodic_sine freq=25.58865875494285 mag_in=1000 unit=di duration_us=3669000 period_us=39079 phase=0
2026-07-30 14:15:43,605 INFO:FFB_Engine:DI-UPDATE: resolved payload type=periodic_sine freq=25.692095287510604 mag_in=1000 unit=di duration_us=3669000 period_us=38922 phase=0
2026-07-30 14:15:43,611 INFO:FFB_Engine:DI-UPDATE: resolved payload type=periodic_sine freq=25.837966418657146 mag_in=1000 unit=di duration_us=3669000 period_us=38702 phase=0
2026-07-30 14:15:43,618 INFO:FFB_Engine:DI-UPDATE: resolved payload type=periodic_sine freq=26.010044050998374 mag_in=1000 unit=di duration_us=3669000 period_us=38446 phase=0
2026-07-30 14:15:43,624 INFO:FFB_Engine:DI-UPDATE: resolved payload type=periodic_sine freq=26.15946214707171 mag_in=1000 unit=di duration_us=3669000 period_us=38227 phase=0
2026-07-30 14:15:43,630 INFO:FFB_Engine:DI-UPDATE: resolved payload type=periodic_sine freq=26.307285574615978 mag_in=1000 unit=di duration_us=3669000 period_us=38012 phase=0
2026-07-30 14:15:43,634 INFO:FFB_Engine:DI-UPDATE: resolved payload type=periodic_sine freq=26.408634967491274 mag_in=1000 unit=di duration_us=3669000 period_us=37866 phase=0
2026-07-30 14:15:43,638 INFO:FFB_Engine:DI-UPDATE: resolved payload type=periodic_sine freq=26.509157712342308 mag_in=1000 unit=di duration_us=3669000 period_us=37722 phase=0
2026-07-30 14:15:43,644 INFO:FFB_Engine:DI-UPDATE: resolved payload type=periodic_sine freq=26.656729041552932 mag_in=1000 unit=di duration_us=3669000 period_us=37513 phase=0
2026-07-30 14:15:43,651 INFO:FFB_Engine:DI-UPDATE: resolved payload type=periodic_sine freq=26.823647452182456 mag_in=1000 unit=di duration_us=3669000 period_us=37280 phase=0
2026-07-30 14:15:43,657 INFO:FFB_Engine:DI-UPDATE: resolved payload type=periodic_sine freq=26.971119114610016 mag_in=1000 unit=di duration_us=3669000 period_us=37076 phase=0
2026-07-30 14:15:43,661 INFO:FFB_Engine:DI-UPDATE: resolved payload type=periodic_sine freq=27.072222271903616 mag_in=1000 unit=di duration_us=3669000 period_us=36938 phase=0
2026-07-30 14:15:43,668 INFO:FFB_Engine:DI-UPDATE: resolved payload type=periodic_sine freq=27.235324031016866 mag_in=1000 unit=di duration_us=3669000 period_us=36717 phase=0
2026-07-30 14:15:43,674 INFO:FFB_Engine:DI-UPDATE: resolved payload type=periodic_sine freq=27.383299890111704 mag_in=1000 unit=di duration_us=3669000 period_us=36518 phase=0
2026-07-30 14:15:43,680 INFO:FFB_Engine:DI-UPDATE: resolved payload type=periodic_sine freq=27.533192869092595 mag_in=1000 unit=di duration_us=3669000 period_us=36319 phase=0
2026-07-30 14:15:43,684 INFO:FFB_Engine:DI-UPDATE: resolved payload type=periodic_sine freq=27.636506283869508 mag_in=1000 unit=di duration_us=3669000 period_us=36184 phase=0
2026-07-30 14:15:43,688 INFO:FFB_Engine:DI-UPDATE: resolved payload type=periodic_sine freq=27.739526561049164 mag_in=1000 unit=di duration_us=3669000 period_us=36049 phase=0
2026-07-30 14:15:43,694 INFO:FFB_Engine:DI-UPDATE: resolved payload type=periodic_sine freq=27.883932004209424 mag_in=1000 unit=di duration_us=3669000 period_us=35862 phase=0
2026-07-30 14:15:43,701 INFO:FFB_Engine:DI-UPDATE: resolved payload type=periodic_sine freq=28.05375247705178 mag_in=1000 unit=di duration_us=3669000 period_us=35645 phase=0
2026-07-30 14:15:43,707 INFO:FFB_Engine:DI-UPDATE: resolved payload type=periodic_sine freq=28.200075040098096 mag_in=1000 unit=di duration_us=3669000 period_us=35460 phase=0
2026-07-30 14:15:43,713 INFO:FFB_Engine:DI-UPDATE: resolved payload type=periodic_sine freq=28.350384274467093 mag_in=1000 unit=di duration_us=3669000 period_us=35272 phase=0
2026-07-30 14:15:43,718 INFO:FFB_Engine:DI-UPDATE: resolved payload type=periodic_sine freq=28.459173499560745 mag_in=1000 unit=di duration_us=3669000 period_us=35138 phase=0
2026-07-30 14:15:43,722 INFO:FFB_Engine:DI-UPDATE: resolved payload type=periodic_sine freq=28.559537950109263 mag_in=1000 unit=di duration_us=3669000 period_us=35014 phase=0
2026-07-30 14:15:43,728 INFO:FFB_Engine:DI-UPDATE: resolved payload type=periodic_sine freq=28.7062533175359 mag_in=1000 unit=di duration_us=3669000 period_us=34835 phase=0
2026-07-30 14:15:43,734 INFO:FFB_Engine:DI-UPDATE: resolved payload type=periodic_sine freq=28.86474109086834 mag_in=1000 unit=di duration_us=3669000 period_us=34644 phase=0
2026-07-30 14:15:43,740 INFO:FFB_Engine:DI-UPDATE: resolved payload type=periodic_sine freq=29.012324145582856 mag_in=1000 unit=di duration_us=3669000 period_us=34468 phase=0
2026-07-30 14:15:43,744 INFO:FFB_Engine:DI-UPDATE: resolved payload type=periodic_sine freq=29.11335108710117 mag_in=1000 unit=di duration_us=3669000 period_us=34348 phase=0
2026-07-30 14:15:43,751 INFO:FFB_Engine:DI-UPDATE: resolved payload type=periodic_sine freq=29.282725990795697 mag_in=1000 unit=di duration_us=3669000 period_us=34149 phase=0
2026-07-30 14:15:43,757 INFO:FFB_Engine:DI-UPDATE: resolved payload type=periodic_sine freq=29.431270536829214 mag_in=1000 unit=di duration_us=3669000 period_us=33977 phase=0
2026-07-30 14:15:43,763 INFO:FFB_Engine:DI-UPDATE: resolved payload type=periodic_sine freq=29.577288236774383 mag_in=1000 unit=di duration_us=3669000 period_us=33809 phase=0
2026-07-30 14:15:43,767 INFO:FFB_Engine:DI-UPDATE: resolved payload type=periodic_sine freq=29.687930091482695 mag_in=1000 unit=di duration_us=3669000 period_us=33683 phase=0
2026-07-30 14:15:43,772 INFO:FFB_Engine:DI-UPDATE: resolved payload type=periodic_sine freq=29.789543308195523 mag_in=1000 unit=di duration_us=3669000 period_us=33568 phase=0
2026-07-30 14:15:43,778 INFO:FFB_Engine:DI-UPDATE: resolved payload type=periodic_sine freq=29.93712050015809 mag_in=1000 unit=di duration_us=3669000 period_us=33403 phase=0
2026-07-30 14:15:43,785 INFO:FFB_Engine:DI-UPDATE: resolved payload type=periodic_sine freq=30.107116855558804 mag_in=1000 unit=di duration_us=3669000 period_us=33214 phase=0
2026-07-30 14:15:43,791 INFO:FFB_Engine:DI-UPDATE: resolved payload type=periodic_sine freq=30.254354007908553 mag_in=1000 unit=di duration_us=3669000 period_us=33053 phase=0
2026-07-30 14:15:43,796 INFO:FFB_Engine:DI-UPDATE: resolved payload type=periodic_sine freq=30.40120421862993 mag_in=1000 unit=di duration_us=3669000 period_us=32893 phase=0
2026-07-30 14:15:43,801 INFO:FFB_Engine:DI-UPDATE: resolved payload type=periodic_sine freq=30.51851788505179 mag_in=1000 unit=di duration_us=3669000 period_us=32766 phase=0
2026-07-30 14:15:43,805 INFO:FFB_Engine:DI-UPDATE: resolved payload type=periodic_sine freq=30.620482866881325 mag_in=1000 unit=di duration_us=3669000 period_us=32657 phase=0
2026-07-30 14:15:43,811 INFO:FFB_Engine:DI-UPDATE: resolved payload type=periodic_sine freq=30.76379783817979 mag_in=1000 unit=di duration_us=3669000 period_us=32505 phase=0
2026-07-30 14:15:43,817 INFO:FFB_Engine:DI-UPDATE: resolved payload type=periodic_sine freq=30.91729054685499 mag_in=1000 unit=di duration_us=3669000 period_us=32344 phase=0
2026-07-30 14:15:43,822 INFO:FFB_Engine:DI-UPDATE: resolved payload type=periodic_sine freq=31.019097234382002 mag_in=1000 unit=di duration_us=3669000 period_us=32238 phase=0
2026-07-30 14:15:43,828 INFO:FFB_Engine:DI-UPDATE: resolved payload type=periodic_sine freq=31.16671546560819 mag_in=1000 unit=di duration_us=3669000 period_us=32085 phase=0
2026-07-30 14:15:43,835 INFO:FFB_Engine:DI-UPDATE: resolved payload type=periodic_sine freq=31.33733327271508 mag_in=1000 unit=di duration_us=3669000 period_us=31910 phase=0
2026-07-30 14:15:43,841 INFO:FFB_Engine:DI-UPDATE: resolved payload type=periodic_sine freq=31.48651685871062 mag_in=1000 unit=di duration_us=3669000 period_us=31759 phase=0
2026-07-30 14:15:43,847 INFO:FFB_Engine:DI-UPDATE: resolved payload type=periodic_sine freq=31.634164403696527 mag_in=1000 unit=di duration_us=3669000 period_us=31611 phase=0
2026-07-30 14:15:43,851 INFO:FFB_Engine:DI-UPDATE: resolved payload type=periodic_sine freq=31.73673324897641 mag_in=1000 unit=di duration_us=3669000 period_us=31509 phase=0
2026-07-30 14:15:43,855 INFO:FFB_Engine:DI-UPDATE: resolved payload type=periodic_sine freq=31.838668917046217 mag_in=1000 unit=di duration_us=3669000 period_us=31408 phase=0
2026-07-30 14:15:43,861 INFO:FFB_Engine:DI-UPDATE: resolved payload type=periodic_sine freq=31.986228520752952 mag_in=1000 unit=di duration_us=3669000 period_us=31263 phase=0
2026-07-30 14:15:43,868 INFO:FFB_Engine:DI-UPDATE: resolved payload type=periodic_sine freq=32.15856411417977 mag_in=1000 unit=di duration_us=3669000 period_us=31095 phase=0
2026-07-30 14:15:43,874 INFO:FFB_Engine:DI-UPDATE: resolved payload type=periodic_sine freq=32.30835156362565 mag_in=1000 unit=di duration_us=3669000 period_us=30951 phase=0
2026-07-30 14:15:43,880 INFO:FFB_Engine:DI-UPDATE: resolved payload type=periodic_sine freq=32.45618085392186 mag_in=1000 unit=di duration_us=3669000 period_us=30810 phase=0
2026-07-30 14:15:43,884 INFO:FFB_Engine:DI-UPDATE: resolved payload type=periodic_sine freq=32.56165176141457 mag_in=1000 unit=di duration_us=3669000 period_us=30710 phase=0
2026-07-30 14:15:43,889 INFO:FFB_Engine:DI-UPDATE: resolved payload type=periodic_sine freq=32.664918274175925 mag_in=1000 unit=di duration_us=3669000 period_us=30613 phase=0
2026-07-30 14:15:43,894 INFO:FFB_Engine:DI-UPDATE: resolved payload type=periodic_sine freq=32.80794010787714 mag_in=1000 unit=di duration_us=3669000 period_us=30480 phase=0
2026-07-30 14:15:43,902 INFO:FFB_Engine:DI-UPDATE: resolved payload type=periodic_sine freq=32.9882080046857 mag_in=1000 unit=di duration_us=3669000 period_us=30313 phase=0
2026-07-30 14:15:43,908 INFO:FFB_Engine:DI-UPDATE: resolved payload type=periodic_sine freq=33.13459505800341 mag_in=1000 unit=di duration_us=3669000 period_us=30179 phase=0
2026-07-30 14:15:43,914 INFO:FFB_Engine:DI-UPDATE: resolved payload type=periodic_sine freq=33.28167391605064 mag_in=1000 unit=di duration_us=3669000 period_us=30046 phase=0
2026-07-30 14:15:43,918 INFO:FFB_Engine:DI-UPDATE: resolved payload type=periodic_sine freq=33.38264809280145 mag_in=1000 unit=di duration_us=3669000 period_us=29955 phase=0
2026-07-30 14:15:43,924 INFO:FFB_Engine:DI-UPDATE: resolved payload type=periodic_sine freq=33.530952266005215 mag_in=1000 unit=di duration_us=3669000 period_us=29823 phase=0
2026-07-30 14:15:43,930 INFO:FFB_Engine:DI-UPDATE: resolved payload type=periodic_sine freq=33.67692892668677 mag_in=1000 unit=di duration_us=3669000 period_us=29693 phase=0
2026-07-30 14:15:43,934 INFO:FFB_Engine:DI-UPDATE: resolved payload type=periodic_sine freq=33.78777011496122 mag_in=1000 unit=di duration_us=3669000 period_us=29596 phase=0
2026-07-30 14:15:43,938 INFO:FFB_Engine:DI-UPDATE: resolved payload type=periodic_sine freq=33.88986994008549 mag_in=1000 unit=di duration_us=3669000 period_us=29507 phase=0
2026-07-30 14:15:43,944 INFO:FFB_Engine:DI-UPDATE: resolved payload type=periodic_sine freq=34.0362042286357 mag_in=1000 unit=di duration_us=3669000 period_us=29380 phase=0
2026-07-30 14:15:43,951 INFO:FFB_Engine:DI-UPDATE: resolved payload type=periodic_sine freq=34.2040958560881 mag_in=1000 unit=di duration_us=3669000 period_us=29236 phase=0
2026-07-30 14:15:43,957 INFO:FFB_Engine:DI-UPDATE: resolved payload type=periodic_sine freq=34.34974420266073 mag_in=1000 unit=di duration_us=3669000 period_us=29112 phase=0
2026-07-30 14:15:43,963 INFO:FFB_Engine:DI-UPDATE: resolved payload type=periodic_sine freq=34.49776110101919 mag_in=1000 unit=di duration_us=3669000 period_us=28987 phase=0
2026-07-30 14:15:43,968 INFO:FFB_Engine:DI-UPDATE: resolved payload type=periodic_sine freq=34.610361114877165 mag_in=1000 unit=di duration_us=3669000 period_us=28893 phase=0
2026-07-30 14:15:43,972 INFO:FFB_Engine:DI-UPDATE: resolved payload type=periodic_sine freq=34.720264262840395 mag_in=1000 unit=di duration_us=3669000 period_us=28801 phase=0
2026-07-30 14:15:43,978 INFO:FFB_Engine:DI-UPDATE: resolved payload type=periodic_sine freq=34.86287570390545 mag_in=1000 unit=di duration_us=3669000 period_us=28683 phase=0
2026-07-30 14:15:43,984 INFO:FFB_Engine:DI-UPDATE: resolved payload type=periodic_sine freq=35.01685502099209 mag_in=1000 unit=di duration_us=3669000 period_us=28557 phase=0
2026-07-30 14:15:43,988 INFO:FFB_Engine:DI-UPDATE: resolved payload type=periodic_sine freq=35.117928864525965 mag_in=1000 unit=di duration_us=3669000 period_us=28475 phase=0
2026-07-30 14:15:43,994 INFO:FFB_Engine:DI-UPDATE: resolved payload type=periodic_sine freq=35.26659652835033 mag_in=1000 unit=di duration_us=3669000 period_us=28355 phase=0
2026-07-30 14:15:44,001 INFO:FFB_Engine:DI-UPDATE: resolved payload type=periodic_sine freq=35.43430641049244 mag_in=1000 unit=di duration_us=3669000 period_us=28221 phase=0
2026-07-30 14:15:44,007 INFO:FFB_Engine:DI-UPDATE: resolved payload type=periodic_sine freq=35.582634034703986 mag_in=1000 unit=di duration_us=3669000 period_us=28103 phase=0
2026-07-30 14:15:44,013 INFO:FFB_Engine:DI-UPDATE: resolved payload type=periodic_sine freq=35.730815090116906 mag_in=1000 unit=di duration_us=3669000 period_us=27987 phase=0
2026-07-30 14:15:44,018 INFO:FFB_Engine:DI-UPDATE: resolved payload type=periodic_sine freq=35.84006747261422 mag_in=1000 unit=di duration_us=3669000 period_us=27901 phase=0
2026-07-30 14:15:44,022 INFO:FFB_Engine:DI-UPDATE: resolved payload type=periodic_sine freq=35.940156373821324 mag_in=1000 unit=di duration_us=3669000 period_us=27824 phase=0
2026-07-30 14:15:44,028 INFO:FFB_Engine:DI-UPDATE: resolved payload type=periodic_sine freq=36.088718508110674 mag_in=1000 unit=di duration_us=3669000 period_us=27709 phase=0
2026-07-30 14:15:44,035 INFO:FFB_Engine:DI-UPDATE: resolved payload type=periodic_sine freq=36.26047955184686 mag_in=1000 unit=di duration_us=3669000 period_us=27578 phase=0
2026-07-30 14:15:44,041 INFO:FFB_Engine:DI-UPDATE: resolved payload type=periodic_sine freq=36.40557679973665 mag_in=1000 unit=di duration_us=3669000 period_us=27468 phase=0
2026-07-30 14:15:44,047 INFO:FFB_Engine:DI-UPDATE: resolved payload type=periodic_sine freq=36.554930405538585 mag_in=1000 unit=di duration_us=3669000 period_us=27356 phase=0
2026-07-30 14:15:44,051 INFO:FFB_Engine:DI-UPDATE: resolved payload type=periodic_sine freq=36.66435867059426 mag_in=1000 unit=di duration_us=3669000 period_us=27274 phase=0
2026-07-30 14:15:44,056 INFO:FFB_Engine:DI-UPDATE: resolved payload type=periodic_sine freq=36.76856908641878 mag_in=1000 unit=di duration_us=3669000 period_us=27197 phase=0
2026-07-30 14:15:44,061 INFO:FFB_Engine:DI-UPDATE: resolved payload type=periodic_sine freq=36.90996693783119 mag_in=1000 unit=di duration_us=3669000 period_us=27092 phase=0
2026-07-30 14:15:44,065 INFO:FFB_Engine:DI-UPDATE: resolved payload type=periodic_sine freq=37.010390015899155 mag_in=1000 unit=di duration_us=3669000 period_us=27019 phase=0
2026-07-30 14:15:44,070 INFO:FFB_Engine:DI-UPDATE: resolved payload type=periodic_sine freq=37.12424465867339 mag_in=1000 unit=di duration_us=3669000 period_us=26936 phase=0
2026-07-30 14:15:44,076 INFO:FFB_Engine:DI-UPDATE: resolved payload type=periodic_sine freq=37.270666888502774 mag_in=1000 unit=di duration_us=3669000 period_us=26830 phase=0
2026-07-30 14:15:44,082 INFO:FFB_Engine:DI-UPDATE: resolved payload type=periodic_sine freq=37.41659664716877 mag_in=1000 unit=di duration_us=3669000 period_us=26726 phase=0
2026-07-30 14:15:44,087 INFO:FFB_Engine:DI-UPDATE: resolved payload type=periodic_sine freq=37.54056453704834 mag_in=1000 unit=di duration_us=3669000 period_us=26637 phase=0
2026-07-30 14:15:44,091 INFO:FFB_Engine:DI-UPDATE: resolved payload type=periodic_sine freq=37.64382518705774 mag_in=1000 unit=di duration_us=3669000 period_us=26564 phase=0
2026-07-30 14:15:44,097 INFO:FFB_Engine:DI-UPDATE: resolved payload type=periodic_sine freq=37.79062263301161 mag_in=1000 unit=di duration_us=3669000 period_us=26461 phase=0
2026-07-30 14:15:44,101 INFO:FFB_Engine:DI-UPDATE: resolved payload type=periodic_sine freq=37.89361359643154 mag_in=1000 unit=di duration_us=3669000 period_us=26389 phase=0
2026-07-30 14:15:44,105 INFO:FFB_Engine:DI-UPDATE: resolved payload type=periodic_sine freq=37.99472261647709 mag_in=1000 unit=di duration_us=3669000 period_us=26319 phase=0
2026-07-30 14:15:44,111 INFO:FFB_Engine:DI-UPDATE: resolved payload type=periodic_sine freq=38.14408794778292 mag_in=1000 unit=di duration_us=3669000 period_us=26216 phase=0
2026-07-30 14:15:44,119 INFO:FFB_Engine:DI-UPDATE: resolved payload type=periodic_sine freq=38.31926111315117 mag_in=1000 unit=di duration_us=3669000 period_us=26096 phase=0
2026-07-30 14:15:44,125 INFO:FFB_Engine:DI-UPDATE: resolved payload type=periodic_sine freq=38.46778807092885 mag_in=1000 unit=di duration_us=3669000 period_us=25995 phase=0
2026-07-30 14:15:44,130 INFO:FFB_Engine:DI-UPDATE: resolved payload type=periodic_sine freq=38.612615632229165 mag_in=1000 unit=di duration_us=3669000 period_us=25898 phase=0
2026-07-30 14:15:44,135 INFO:FFB_Engine:DI-UPDATE: resolved payload type=periodic_sine freq=38.71434610398089 mag_in=1000 unit=di duration_us=3669000 period_us=25830 phase=0
2026-07-30 14:15:44,139 INFO:FFB_Engine:DI-UPDATE: resolved payload type=periodic_sine freq=38.81678010596603 mag_in=1000 unit=di duration_us=3669000 period_us=25762 phase=0
2026-07-30 14:15:44,145 INFO:FFB_Engine:DI-UPDATE: resolved payload type=periodic_sine freq=38.963647904943244 mag_in=1000 unit=di duration_us=3669000 period_us=25664 phase=0
2026-07-30 14:15:44,151 INFO:FFB_Engine:DI-UPDATE: resolved payload type=periodic_sine freq=39.119274655326464 mag_in=1000 unit=di duration_us=3669000 period_us=25562 phase=0
2026-07-30 14:15:44,155 INFO:FFB_Engine:DI-UPDATE: resolved payload type=periodic_sine freq=39.22017261630199 mag_in=1000 unit=di duration_us=3669000 period_us=25497 phase=0
2026-07-30 14:15:44,161 INFO:FFB_Engine:DI-UPDATE: resolved payload type=periodic_sine freq=39.370118360050384 mag_in=1000 unit=di duration_us=3669000 period_us=25399 phase=0
2026-07-30 14:15:44,168 INFO:FFB_Engine:DI-UPDATE: resolved payload type=periodic_sine freq=39.54079479467673 mag_in=1000 unit=di duration_us=3669000 period_us=25290 phase=0
2026-07-30 14:15:44,174 INFO:FFB_Engine:DI-UPDATE: resolved payload type=periodic_sine freq=39.68953281152444 mag_in=1000 unit=di duration_us=3669000 period_us=25195 phase=0
2026-07-30 14:15:44,180 INFO:FFB_Engine:DI-UPDATE: resolved payload type=periodic_sine freq=39.83562086449295 mag_in=1000 unit=di duration_us=3669000 period_us=25103 phase=0
2026-07-30 14:15:44,184 INFO:FFB_Engine:DI-UPDATE: resolved payload type=periodic_sine freq=39.93734547349273 mag_in=1000 unit=di duration_us=3669000 period_us=25039 phase=0
2026-07-30 14:15:44,188 INFO:FFB_Engine:DI-UPDATE: resolved payload type=periodic_sine freq=40.03909939625224 mag_in=1000 unit=di duration_us=3669000 period_us=24975 phase=0
2026-07-30 14:15:44,194 INFO:FFB_Engine:DI-UPDATE: resolved payload type=periodic_sine freq=40.18703421608346 mag_in=1000 unit=di duration_us=3669000 period_us=24883 phase=0
2026-07-30 14:15:44,202 INFO:FFB_Engine:DI-UPDATE: resolved payload type=periodic_sine freq=40.36430038389612 mag_in=1000 unit=di duration_us=3669000 period_us=24774 phase=0
2026-07-30 14:15:44,208 INFO:FFB_Engine:DI-UPDATE: resolved payload type=periodic_sine freq=40.50912208244449 mag_in=1000 unit=di duration_us=3669000 period_us=24685 phase=0
2026-07-30 14:15:44,213 INFO:FFB_Engine:DI-UPDATE: resolved payload type=periodic_sine freq=40.65445970316402 mag_in=1000 unit=di duration_us=3669000 period_us=24597 phase=0
2026-07-30 14:15:44,218 INFO:FFB_Engine:DI-UPDATE: resolved payload type=periodic_sine freq=40.76150182817803 mag_in=1000 unit=di duration_us=3669000 period_us=24532 phase=0
2026-07-30 14:15:44,222 INFO:FFB_Engine:DI-UPDATE: resolved payload type=periodic_sine freq=40.86258739721579 mag_in=1000 unit=di duration_us=3669000 period_us=24472 phase=0
2026-07-30 14:15:44,228 INFO:FFB_Engine:DI-UPDATE: resolved payload type=periodic_sine freq=41.007866390415884 mag_in=1000 unit=di duration_us=3669000 period_us=24385 phase=0
2026-07-30 14:15:44,234 INFO:FFB_Engine:DI-UPDATE: resolved payload type=periodic_sine freq=41.16943797127145 mag_in=1000 unit=di duration_us=3669000 period_us=24289 phase=0
2026-07-30 14:15:44,238 INFO:FFB_Engine:DI-UPDATE: resolved payload type=periodic_sine freq=41.269444793951315 mag_in=1000 unit=di duration_us=3669000 period_us=24231 phase=0
2026-07-30 14:15:44,243 INFO:FFB_Engine:DI-UPDATE: resolved payload type=periodic_sine freq=41.369486793142855 mag_in=1000 unit=di duration_us=3669000 period_us=24172 phase=0
2026-07-30 14:15:44,248 INFO:FFB_Engine:DI-UPDATE: resolved payload type=periodic_sine freq=41.51436711921066 mag_in=1000 unit=di duration_us=3669000 period_us=24088 phase=0
2026-07-30 14:15:44,254 INFO:FFB_Engine:DI-UPDATE: resolved payload type=periodic_sine freq=41.646888764178165 mag_in=1000 unit=di duration_us=3669000 period_us=24011 phase=0
2026-07-30 14:15:44,258 INFO:FFB_Engine:DI-UPDATE: resolved payload type=periodic_sine freq=41.748918236279096 mag_in=1000 unit=di duration_us=3669000 period_us=23952 phase=0
2026-07-30 14:15:44,264 INFO:FFB_Engine:DI-UPDATE: resolved payload type=periodic_sine freq=41.895105956030676 mag_in=1000 unit=di duration_us=3669000 period_us=23869 phase=0
2026-07-30 14:15:44,270 INFO:FFB_Engine:DI-UPDATE: resolved payload type=periodic_sine freq=42.04136989155754 mag_in=1000 unit=di duration_us=3669000 period_us=23786 phase=0
2026-07-30 14:15:44,276 INFO:FFB_Engine:DI-UPDATE: resolved payload type=periodic_sine freq=42.188261141542526 mag_in=1000 unit=di duration_us=3669000 period_us=23703 phase=0
2026-07-30 14:15:44,282 INFO:FFB_Engine:DI-UPDATE: resolved payload type=periodic_sine freq=42.3354748428845 mag_in=1000 unit=di duration_us=3669000 period_us=23620 phase=0
2026-07-30 14:15:44,287 INFO:FFB_Engine:DI-UPDATE: resolved payload type=periodic_sine freq=42.45447698186655 mag_in=1000 unit=di duration_us=3669000 period_us=23554 phase=0
2026-07-30 14:15:44,293 INFO:FFB_Engine:DI-UPDATE: resolved payload type=periodic_sine freq=42.60306256716368 mag_in=1000 unit=di duration_us=3669000 period_us=23472 phase=0
2026-07-30 14:15:44,299 INFO:FFB_Engine:DI-UPDATE: resolved payload type=periodic_sine freq=42.751665740716646 mag_in=1000 unit=di duration_us=3669000 period_us=23390 phase=0
2026-07-30 14:15:44,303 INFO:FFB_Engine:DI-UPDATE: resolved payload type=periodic_sine freq=42.85892478755263 mag_in=1000 unit=di duration_us=3669000 period_us=23332 phase=0
2026-07-30 14:15:44,309 INFO:FFB_Engine:DI-UPDATE: resolved payload type=periodic_sine freq=43.0064374892438 mag_in=1000 unit=di duration_us=3669000 period_us=23252 phase=0
2026-07-30 14:15:44,313 INFO:FFB_Engine:DI-UPDATE: resolved payload type=periodic_sine freq=43.10836143180972 mag_in=1000 unit=di duration_us=3669000 period_us=23197 phase=0
2026-07-30 14:15:44,318 INFO:FFB_Engine:DI-UPDATE: resolved payload type=periodic_sine freq=43.22308962462378 mag_in=1000 unit=di duration_us=3669000 period_us=23135 phase=0
2026-07-30 14:15:44,322 INFO:FFB_Engine:DI-UPDATE: resolved payload type=periodic_sine freq=43.323295780869785 mag_in=1000 unit=di duration_us=3669000 period_us=23082 phase=0
2026-07-30 14:15:44,326 INFO:FFB_Engine:DI-UPDATE: resolved payload type=periodic_sine freq=43.42585876339772 mag_in=1000 unit=di duration_us=3669000 period_us=23027 phase=0
2026-07-30 14:15:44,332 INFO:FFB_Engine:DI-UPDATE: resolved payload type=periodic_sine freq=43.56784289000464 mag_in=1000 unit=di duration_us=3669000 period_us=22952 phase=0
2026-07-30 14:15:44,337 INFO:FFB_Engine:DI-UPDATE: resolved payload type=periodic_sine freq=43.68590112592353 mag_in=1000 unit=di duration_us=3669000 period_us=22890 phase=0
2026-07-30 14:15:44,341 INFO:FFB_Engine:DI-UPDATE: resolved payload type=periodic_sine freq=43.78644732178235 mag_in=1000 unit=di duration_us=3669000 period_us=22838 phase=0
2026-07-30 14:15:44,347 INFO:FFB_Engine:DI-UPDATE: resolved payload type=periodic_sine freq=43.935150162118376 mag_in=1000 unit=di duration_us=3669000 period_us=22760 phase=0
2026-07-30 14:15:44,351 INFO:FFB_Engine:DI-UPDATE: resolved payload type=periodic_sine freq=44.0386863614692 mag_in=1000 unit=di duration_us=3669000 period_us=22707 phase=0
2026-07-30 14:15:44,355 INFO:FFB_Engine:DI-UPDATE: resolved payload type=periodic_sine freq=44.14112036345435 mag_in=1000 unit=di duration_us=3669000 period_us=22654 phase=0
2026-07-30 14:15:44,361 INFO:FFB_Engine:DI-UPDATE: resolved payload type=periodic_sine freq=44.291370970303895 mag_in=1000 unit=di duration_us=3669000 period_us=22577 phase=0
2026-07-30 14:15:44,368 INFO:FFB_Engine:DI-UPDATE: resolved payload type=periodic_sine freq=44.460704834734806 mag_in=1000 unit=di duration_us=3669000 period_us=22491 phase=0
2026-07-30 14:15:44,374 INFO:FFB_Engine:DI-UPDATE: resolved payload type=periodic_sine freq=44.606147984989356 mag_in=1000 unit=di duration_us=3669000 period_us=22418 phase=0
2026-07-30 14:15:44,380 INFO:FFB_Engine:DI-UPDATE: resolved payload type=periodic_sine freq=44.75238846950844 mag_in=1000 unit=di duration_us=3669000 period_us=22345 phase=0
2026-07-30 14:15:44,385 INFO:FFB_Engine:DI-UPDATE: resolved payload type=periodic_sine freq=44.861224596617646 mag_in=1000 unit=di duration_us=3669000 period_us=22290 phase=0
2026-07-30 14:15:44,391 INFO:FFB_Engine:DI-UPDATE: resolved payload type=periodic_sine freq=45.01072477121822 mag_in=1000 unit=di duration_us=3669000 period_us=22216 phase=0
2026-07-30 14:15:44,397 INFO:FFB_Engine:DI-UPDATE: resolved payload type=periodic_sine freq=45.162118614697064 mag_in=1000 unit=di duration_us=3669000 period_us=22142 phase=0
2026-07-30 14:15:44,405 INFO:FFB_Engine:DI-UPDATE: resolved payload type=periodic_sine freq=45.37303697867471 mag_in=1000 unit=di duration_us=3669000 period_us=22039 phase=0
2026-07-30 14:15:44,410 INFO:FFB_Engine:DI-UPDATE: resolved payload type=periodic_sine freq=45.4745153520928 mag_in=1000 unit=di duration_us=3669000 period_us=21990 phase=0
2026-07-30 14:15:44,415 INFO:FFB_Engine:DI-UPDATE: resolved payload type=periodic_sine freq=45.62023405168877 mag_in=1000 unit=di duration_us=3669000 period_us=21920 phase=0
2026-07-30 14:15:44,420 INFO:FFB_Engine:DI-UPDATE: resolved payload type=periodic_sine freq=45.7336841645788 mag_in=1000 unit=di duration_us=3669000 period_us=21865 phase=0
2026-07-30 14:15:44,424 INFO:FFB_Engine:DI-UPDATE: resolved payload type=periodic_sine freq=45.83465834132961 mag_in=1000 unit=di duration_us=3669000 period_us=21817 phase=0
2026-07-30 14:15:44,430 INFO:FFB_Engine:DI-UPDATE: resolved payload type=periodic_sine freq=45.982991828293095 mag_in=1000 unit=di duration_us=3669000 period_us=21747 phase=0
2026-07-30 14:15:44,434 INFO:FFB_Engine:DI-UPDATE: resolved payload type=periodic_sine freq=46.08860344183249 mag_in=1000 unit=di duration_us=3669000 period_us=21697 phase=0
2026-07-30 14:15:44,439 INFO:FFB_Engine:DI-UPDATE: resolved payload type=periodic_sine freq=46.19032218808033 mag_in=1000 unit=di duration_us=3669000 period_us=21649 phase=0
2026-07-30 14:15:44,445 INFO:FFB_Engine:DI-UPDATE: resolved payload type=periodic_sine freq=46.33650990783191 mag_in=1000 unit=di duration_us=3669000 period_us=21581 phase=0
2026-07-30 14:15:44,452 INFO:FFB_Engine:DI-UPDATE: resolved payload type=periodic_sine freq=46.515751823050074 mag_in=1000 unit=di duration_us=3669000 period_us=21498 phase=0
2026-07-30 14:15:44,458 INFO:FFB_Engine:DI-UPDATE: resolved payload type=periodic_sine freq=46.66806025583236 mag_in=1000 unit=di duration_us=3669000 period_us=21427 phase=0
2026-07-30 14:15:44,464 INFO:FFB_Engine:DI-UPDATE: resolved payload type=periodic_sine freq=46.8111641680608 mag_in=1000 unit=di duration_us=3669000 period_us=21362 phase=0
2026-07-30 14:15:44,470 INFO:FFB_Engine:DI-UPDATE: resolved payload type=periodic_sine freq=46.95896414459729 mag_in=1000 unit=di duration_us=3669000 period_us=21295 phase=0
2026-07-30 14:15:44,474 INFO:FFB_Engine:DI-UPDATE: resolved payload type=periodic_sine freq=47.059522065959996 mag_in=1000 unit=di duration_us=3669000 period_us=21249 phase=0
2026-07-30 14:15:44,480 INFO:FFB_Engine:DI-UPDATE: resolved payload type=periodic_sine freq=47.20658919850334 mag_in=1000 unit=di duration_us=3669000 period_us=21183 phase=0
2026-07-30 14:15:44,484 INFO:FFB_Engine:DI-UPDATE: resolved payload type=periodic_sine freq=47.31694377836634 mag_in=1000 unit=di duration_us=3669000 period_us=21134 phase=0
2026-07-30 14:15:44,489 INFO:FFB_Engine:DI-UPDATE: resolved payload type=periodic_sine freq=47.417753798062684 mag_in=1000 unit=di duration_us=3669000 period_us=21089 phase=0
2026-07-30 14:15:44,493 INFO:FFB_Engine:DI-UPDATE: resolved payload type=periodic_sine freq=47.518792465084886 mag_in=1000 unit=di duration_us=3669000 period_us=21044 phase=0
2026-07-30 14:15:44,498 INFO:FFB_Engine:DI-UPDATE: resolved payload type=periodic_sine freq=47.66210157363141 mag_in=1000 unit=di duration_us=3669000 period_us=20981 phase=0
2026-07-30 14:15:44,504 INFO:FFB_Engine:DI-UPDATE: resolved payload type=periodic_sine freq=47.797871183176504 mag_in=1000 unit=di duration_us=3669000 period_us=20921 phase=0
2026-07-30 14:15:44,508 INFO:FFB_Engine:DI-UPDATE: resolved payload type=periodic_sine freq=47.90056314624724 mag_in=1000 unit=di duration_us=3669000 period_us=20876 phase=0
2026-07-30 14:15:44,514 INFO:FFB_Engine:DI-UPDATE: resolved payload type=periodic_sine freq=48.046651199215745 mag_in=1000 unit=di duration_us=3669000 period_us=20813 phase=0
2026-07-30 14:15:44,520 INFO:FFB_Engine:DI-UPDATE: resolved payload type=periodic_sine freq=48.19245197733895 mag_in=1000 unit=di duration_us=3669000 period_us=20750 phase=0
2026-07-30 14:15:44,526 INFO:FFB_Engine:DI-UPDATE: resolved payload type=periodic_sine freq=48.34129552372166 mag_in=1000 unit=di duration_us=3669000 period_us=20686 phase=0
2026-07-30 14:15:44,530 INFO:FFB_Engine:DI-UPDATE: resolved payload type=periodic_sine freq=48.44139615043265 mag_in=1000 unit=di duration_us=3669000 period_us=20643 phase=0
2026-07-30 14:15:44,535 INFO:FFB_Engine:DI-UPDATE: resolved payload type=periodic_sine freq=48.56102560387283 mag_in=1000 unit=di duration_us=3669000 period_us=20592 phase=0
2026-07-30 14:15:44,541 INFO:FFB_Engine:DI-UPDATE: resolved payload type=periodic_sine freq=48.71017401335669 mag_in=1000 unit=di duration_us=3669000 period_us=20529 phase=0
2026-07-30 14:15:44,547 INFO:FFB_Engine:DI-UPDATE: resolved payload type=periodic_sine freq=48.85525367299064 mag_in=1000 unit=di duration_us=3669000 period_us=20468 phase=0
2026-07-30 14:15:44,551 INFO:FFB_Engine:DI-UPDATE: resolved payload type=periodic_sine freq=48.958150832379445 mag_in=1000 unit=di duration_us=3669000 period_us=20425 phase=0
2026-07-30 14:15:44,555 INFO:FFB_Engine:DI-UPDATE: resolved payload type=periodic_sine freq=49.05981681385978 mag_in=1000 unit=di duration_us=3669000 period_us=20383 phase=0
2026-07-30 14:15:44,561 INFO:FFB_Engine:DI-UPDATE: resolved payload type=periodic_sine freq=49.20533617988961 mag_in=1000 unit=di duration_us=3669000 period_us=20322 phase=0
2026-07-30 14:15:44,568 INFO:FFB_Engine:DI-UPDATE: resolved payload type=periodic_sine freq=49.37171521734019 mag_in=1000 unit=di duration_us=3669000 period_us=20254 phase=0
2026-07-30 14:15:44,574 INFO:FFB_Engine:DI-UPDATE: resolved payload type=periodic_sine freq=49.5182840159682 mag_in=1000 unit=di duration_us=3669000 period_us=20194 phase=0
2026-07-30 14:15:44,578 INFO:FFB_Engine:DI-UPDATE: resolved payload type=periodic_sine freq=49.618425681942796 mag_in=1000 unit=di duration_us=3669000 period_us=20153 phase=0
2026-07-30 14:15:44,585 INFO:FFB_Engine:DI-UPDATE: resolved payload type=periodic_sine freq=49.78991117633757 mag_in=1000 unit=di duration_us=3669000 period_us=20084 phase=0
2026-07-30 14:15:44,591 INFO:FFB_Engine:DI-UPDATE: resolved payload type=periodic_sine freq=49.938379506595794 mag_in=1000 unit=di duration_us=3669000 period_us=20024 phase=0
2026-07-30 14:15:44,597 INFO:FFB_Engine:DI-UPDATE: resolved payload type=periodic_sine freq=50.090271683989975 mag_in=1000 unit=di duration_us=3669000 period_us=19963 phase=0
2026-07-30 14:15:44,603 INFO:FFB_Engine:DI-UPDATE: resolved payload type=periodic_sine freq=50.23770230715392 mag_in=1000 unit=di duration_us=3669000 period_us=19905 phase=0
2026-07-30 14:15:44,609 INFO:FFB_Engine:DI-UPDATE: resolved payload type=periodic_sine freq=50.38339755574211 mag_in=1000 unit=di duration_us=3669000 period_us=19847 phase=0
2026-07-30 14:15:44,615 INFO:FFB_Engine:DI-UPDATE: resolved payload type=periodic_sine freq=50.531953827279516 mag_in=1000 unit=di duration_us=3669000 period_us=19789 phase=0
2026-07-30 14:15:44,620 INFO:FFB_Engine:DI-UPDATE: resolved payload type=periodic_sine freq=50.65293757641901 mag_in=1000 unit=di duration_us=3669000 period_us=19742 phase=0
2026-07-30 14:15:44,626 INFO:FFB_Engine:DI-UPDATE: resolved payload type=periodic_sine freq=50.801235886870835 mag_in=1000 unit=di duration_us=3669000 period_us=19684 phase=0
2026-07-30 14:15:44,632 INFO:FFB_Engine:DI-UPDATE: resolved payload type=periodic_sine freq=50.9506305319364 mag_in=1000 unit=di duration_us=3669000 period_us=19626 phase=0
2026-07-30 14:15:44,637 INFO:FFB_Engine:DI-UPDATE: resolved payload type=periodic_sine freq=51.059824286914264 mag_in=1000 unit=di duration_us=3669000 period_us=19584 phase=0
2026-07-30 14:15:44,643 INFO:FFB_Engine:DI-UPDATE: resolved payload type=periodic_sine freq=51.2066041446123 mag_in=1000 unit=di duration_us=3669000 period_us=19528 phase=0
2026-07-30 14:15:44,647 INFO:FFB_Engine:DI-UPDATE: resolved payload type=periodic_sine freq=51.307308634773634 mag_in=1000 unit=di duration_us=3669000 period_us=19490 phase=0
2026-07-30 14:15:44,651 INFO:FFB_Engine:DI-UPDATE: resolved payload type=periodic_sine freq=51.41972690332131 mag_in=1000 unit=di duration_us=3669000 period_us=19447 phase=0
2026-07-30 14:15:44,657 INFO:FFB_Engine:DI-UPDATE: resolved payload type=periodic_sine freq=51.566653329817974 mag_in=1000 unit=di duration_us=3669000 period_us=19392 phase=0
2026-07-30 14:15:44,662 INFO:FFB_Engine:DI-UPDATE: resolved payload type=periodic_sine freq=51.67312090514136 mag_in=1000 unit=di duration_us=3669000 period_us=19352 phase=0
2026-07-30 14:15:44,668 INFO:FFB_Engine:DI-UPDATE: resolved payload type=periodic_sine freq=51.84073698325235 mag_in=1000 unit=di duration_us=3669000 period_us=19289 phase=0
2026-07-30 14:15:44,674 INFO:FFB_Engine:DI-UPDATE: resolved payload type=periodic_sine freq=51.99033682463599 mag_in=1000 unit=di duration_us=3669000 period_us=19234 phase=0
2026-07-30 14:15:44,680 INFO:FFB_Engine:DI-UPDATE: resolved payload type=periodic_sine freq=52.138160252180256 mag_in=1000 unit=di duration_us=3669000 period_us=19179 phase=0
2026-07-30 14:15:44,685 INFO:FFB_Engine:DI-UPDATE: resolved payload type=periodic_sine freq=52.25125859995357 mag_in=1000 unit=di duration_us=3669000 period_us=19138 phase=0
2026-07-30 14:15:44,691 INFO:FFB_Engine:DI-UPDATE: resolved payload type=periodic_sine freq=52.39958036141317 mag_in=1000 unit=di duration_us=3669000 period_us=19084 phase=0
2026-07-30 14:15:44,697 INFO:FFB_Engine:DI-UPDATE: resolved payload type=periodic_sine freq=52.5439037260462 mag_in=1000 unit=di duration_us=3669000 period_us=19031 phase=0
2026-07-30 14:15:44,702 INFO:FFB_Engine:DI-UPDATE: resolved payload type=periodic_sine freq=52.66186815793397 mag_in=1000 unit=di duration_us=3669000 period_us=18989 phase=0
2026-07-30 14:15:44,708 INFO:FFB_Engine:DI-UPDATE: resolved payload type=periodic_sine freq=52.80814968171667 mag_in=1000 unit=di duration_us=3669000 period_us=18936 phase=0
2026-07-30 14:15:44,714 INFO:FFB_Engine:DI-UPDATE: resolved payload type=periodic_sine freq=52.95349902794009 mag_in=1000 unit=di duration_us=3669000 period_us=18884 phase=0
2026-07-30 14:15:44,718 INFO:FFB_Engine:DI-UPDATE: resolved payload type=periodic_sine freq=53.061397114738085 mag_in=1000 unit=di duration_us=3669000 period_us=18846 phase=0
2026-07-30 14:15:44,722 INFO:FFB_Engine:DI-UPDATE: resolved payload type=periodic_sine freq=53.16547855001981 mag_in=1000 unit=di duration_us=3669000 period_us=18809 phase=0
2026-07-30 14:15:44,728 INFO:FFB_Engine:DI-UPDATE: resolved payload type=periodic_sine freq=53.309637757598374 mag_in=1000 unit=di duration_us=3669000 period_us=18758 phase=0
2026-07-30 14:15:44,735 INFO:FFB_Engine:DI-UPDATE: resolved payload type=periodic_sine freq=53.47551846113361 mag_in=1000 unit=di duration_us=3669000 period_us=18700 phase=0
2026-07-30 14:15:44,741 INFO:FFB_Engine:DI-UPDATE: resolved payload type=periodic_sine freq=53.623001849065055 mag_in=1000 unit=di duration_us=3669000 period_us=18648 phase=0
2026-07-30 14:15:44,747 INFO:FFB_Engine:DI-UPDATE: resolved payload type=periodic_sine freq=53.77213853304504 mag_in=1000 unit=di duration_us=3669000 period_us=18596 phase=0
2026-07-30 14:15:44,752 INFO:FFB_Engine:DI-UPDATE: resolved payload type=periodic_sine freq=53.89224286939277 mag_in=1000 unit=di duration_us=3669000 period_us=18555 phase=0
2026-07-30 14:15:44,758 INFO:FFB_Engine:DI-UPDATE: resolved payload type=periodic_sine freq=54.03918102139332 mag_in=1000 unit=di duration_us=3669000 period_us=18505 phase=0
2026-07-30 14:15:44,764 INFO:FFB_Engine:DI-UPDATE: resolved payload type=periodic_sine freq=54.190428296073534 mag_in=1000 unit=di duration_us=3669000 period_us=18453 phase=0
2026-07-30 14:15:44,768 INFO:FFB_Engine:DI-UPDATE: resolved payload type=periodic_sine freq=54.29073998185455 mag_in=1000 unit=di duration_us=3669000 period_us=18419 phase=0
2026-07-30 14:15:44,774 INFO:FFB_Engine:DI-UPDATE: resolved payload type=periodic_sine freq=54.438756880213 mag_in=1000 unit=di duration_us=3669000 period_us=18369 phase=0
2026-07-30 14:15:44,778 INFO:FFB_Engine:DI-UPDATE: resolved payload type=periodic_sine freq=54.54056943049196 mag_in=1000 unit=di duration_us=3669000 period_us=18334 phase=0
2026-07-30 14:15:44,786 INFO:FFB_Engine:DI-UPDATE: resolved payload type=periodic_sine freq=54.7205617779591 mag_in=1000 unit=di duration_us=3669000 period_us=18274 phase=0
2026-07-30 14:15:44,792 INFO:FFB_Engine:DI-UPDATE: resolved payload type=periodic_sine freq=54.869194265271794 mag_in=1000 unit=di duration_us=3669000 period_us=18225 phase=0
2026-07-30 14:15:44,797 INFO:FFB_Engine:DI-UPDATE: resolved payload type=periodic_sine freq=55.011477392227924 mag_in=1000 unit=di duration_us=3669000 period_us=18178 phase=0
2026-07-30 14:15:44,802 INFO:FFB_Engine:DI-UPDATE: resolved payload type=periodic_sine freq=55.1309251003578 mag_in=1000 unit=di duration_us=3669000 period_us=18138 phase=0
2026-07-30 14:15:44,806 INFO:FFB_Engine:DI-UPDATE: resolved payload type=periodic_sine freq=55.231318864666044 mag_in=1000 unit=di duration_us=3669000 period_us=18105 phase=0
2026-07-30 14:15:44,813 INFO:FFB_Engine:DI-UPDATE: resolved payload type=periodic_sine freq=55.38695734055315 mag_in=1000 unit=di duration_us=3669000 period_us=18054 phase=0
2026-07-30 14:15:44,818 INFO:FFB_Engine:DI-UPDATE: resolved payload type=periodic_sine freq=55.52615665998615 mag_in=1000 unit=di duration_us=3669000 period_us=18009 phase=0
2026-07-30 14:15:44,823 INFO:FFB_Engine:DI-UPDATE: resolved payload type=periodic_sine freq=55.630150153988694 mag_in=1000 unit=di duration_us=3669000 period_us=17975 phase=0
2026-07-30 14:15:44,827 INFO:FFB_Engine:DI-UPDATE: resolved payload type=periodic_sine freq=55.73265450899718 mag_in=1000 unit=di duration_us=3669000 period_us=17942 phase=0
2026-07-30 14:15:44,833 INFO:FFB_Engine:DI-UPDATE: resolved payload type=periodic_sine freq=55.87545355812448 mag_in=1000 unit=di duration_us=3669000 period_us=17896 phase=0
2026-07-30 14:15:44,838 INFO:FFB_Engine:DI-UPDATE: resolved payload type=periodic_sine freq=56.00592910266313 mag_in=1000 unit=di duration_us=3669000 period_us=17855 phase=0
2026-07-30 14:15:44,844 INFO:FFB_Engine:DI-UPDATE: resolved payload type=periodic_sine freq=56.15083874249067 mag_in=1000 unit=di duration_us=3669000 period_us=17809 phase=0
2026-07-30 14:15:44,848 INFO:FFB_Engine:DI-UPDATE: resolved payload type=periodic_sine freq=56.25390005893395 mag_in=1000 unit=di duration_us=3669000 period_us=17776 phase=0
2026-07-30 14:15:44,854 INFO:FFB_Engine:DI-UPDATE: resolved payload type=periodic_sine freq=56.40966751536385 mag_in=1000 unit=di duration_us=3669000 period_us=17727 phase=0
2026-07-30 14:15:44,860 INFO:FFB_Engine:DI-UPDATE: resolved payload type=periodic_sine freq=56.55053185634925 mag_in=1000 unit=di duration_us=3669000 period_us=17683 phase=0
2026-07-30 14:15:44,864 INFO:FFB_Engine:DI-UPDATE: resolved payload type=periodic_sine freq=56.650567992788844 mag_in=1000 unit=di duration_us=3669000 period_us=17652 phase=0
2026-07-30 14:15:44,869 INFO:FFB_Engine:DI-UPDATE: resolved payload type=periodic_sine freq=56.78270855887991 mag_in=1000 unit=di duration_us=3669000 period_us=17610 phase=0
2026-07-30 14:15:44,876 INFO:FFB_Engine:DI-UPDATE: resolved payload type=periodic_sine freq=56.935005266158306 mag_in=1000 unit=di duration_us=3669000 period_us=17563 phase=0
2026-07-30 14:15:44,882 INFO:FFB_Engine:DI-UPDATE: resolved payload type=periodic_sine freq=57.08110504463071 mag_in=1000 unit=di duration_us=3669000 period_us=17518 phase=0
2026-07-30 14:15:44,886 INFO:FFB_Engine:DI-UPDATE: resolved payload type=periodic_sine freq=57.184535714446525 mag_in=1000 unit=di duration_us=3669000 period_us=17487 phase=0
2026-07-30 14:15:44,890 INFO:FFB_Engine:DI-UPDATE: resolved payload type=periodic_sine freq=57.287022481199166 mag_in=1000 unit=di duration_us=3669000 period_us=17455 phase=0
2026-07-30 14:15:44,896 INFO:FFB_Engine:DI-UPDATE: resolved payload type=periodic_sine freq=57.434587947657846 mag_in=1000 unit=di duration_us=3669000 period_us=17411 phase=0
2026-07-30 14:15:44,902 INFO:FFB_Engine:DI-UPDATE: resolved payload type=periodic_sine freq=57.59360336866535 mag_in=1000 unit=di duration_us=3669000 period_us=17363 phase=0
2026-07-30 14:15:44,908 INFO:FFB_Engine:DI-UPDATE: resolved payload type=periodic_sine freq=57.7383195376787 mag_in=1000 unit=di duration_us=3669000 period_us=17319 phase=0
2026-07-30 14:15:44,912 INFO:FFB_Engine:DI-UPDATE: resolved payload type=periodic_sine freq=57.8391236946231 mag_in=1000 unit=di duration_us=3669000 period_us=17289 phase=0
2026-07-30 14:15:44,917 INFO:FFB_Engine:DI-UPDATE: resolved payload type=periodic_sine freq=57.9404613619945 mag_in=1000 unit=di duration_us=3669000 period_us=17259 phase=0
2026-07-30 14:15:44,921 INFO:FFB_Engine:DI-UPDATE: resolved payload type=periodic_sine freq=58.06462858544021 mag_in=1000 unit=di duration_us=3669000 period_us=17222 phase=0
2026-07-30 14:15:44,927 INFO:FFB_Engine:DI-UPDATE: resolved payload type=periodic_sine freq=58.21146120790575 mag_in=1000 unit=di duration_us=3669000 period_us=17178 phase=0
2026-07-30 14:15:44,932 INFO:FFB_Engine:DI-UPDATE: resolved payload type=periodic_sine freq=58.31457528911653 mag_in=1000 unit=di duration_us=3669000 period_us=17148 phase=0
2026-07-30 14:15:44,936 INFO:FFB_Engine:DI-UPDATE: resolved payload type=periodic_sine freq=58.42018103990398 mag_in=1000 unit=di duration_us=3669000 period_us=17117 phase=0
2026-07-30 14:15:44,940 INFO:FFB_Engine:DI-UPDATE: resolved payload type=periodic_sine freq=58.526812772281836 mag_in=1000 unit=di duration_us=3669000 period_us=17086 phase=0
2026-07-30 14:15:44,946 INFO:FFB_Engine:DI-UPDATE: resolved payload type=periodic_sine freq=58.67257251114142 mag_in=1000 unit=di duration_us=3669000 period_us=17043 phase=0
2026-07-30 14:15:44,954 INFO:FFB_Engine:DI-UPDATE: resolved payload type=periodic_sine freq=58.85406572310651 mag_in=1000 unit=di duration_us=3669000 period_us=16991 phase=0
2026-07-30 14:15:44,958 INFO:FFB_Engine:DI-UPDATE: resolved payload type=periodic_sine freq=58.95444189915891 mag_in=1000 unit=di duration_us=3669000 period_us=16962 phase=0
2026-07-30 14:15:44,964 INFO:FFB_Engine:DI-UPDATE: resolved payload type=periodic_sine freq=59.09820830235715 mag_in=1000 unit=di duration_us=3669000 period_us=16920 phase=0
2026-07-30 14:15:44,968 INFO:FFB_Engine:DI-UPDATE: resolved payload type=periodic_sine freq=59.199751166046646 mag_in=1000 unit=di duration_us=3669000 period_us=16891 phase=0
2026-07-30 14:15:44,973 INFO:FFB_Engine:DI-UPDATE: resolved payload type=periodic_sine freq=59.32509093988137 mag_in=1000 unit=di duration_us=3669000 period_us=16856 phase=0
2026-07-30 14:15:44,979 INFO:FFB_Engine:DI-UPDATE: resolved payload type=periodic_sine freq=59.47045787436063 mag_in=1000 unit=di duration_us=3669000 period_us=16815 phase=0
2026-07-30 14:15:44,985 INFO:FFB_Engine:DI-UPDATE: resolved payload type=periodic_sine freq=59.615238533645375 mag_in=1000 unit=di duration_us=3669000 period_us=16774 phase=0
2026-07-30 14:15:44,990 INFO:FFB_Engine:DI-UPDATE: resolved payload type=periodic_sine freq=59.748399218574896 mag_in=1000 unit=di duration_us=3669000 period_us=16736 phase=0
2026-07-30 14:15:44,994 INFO:FFB_Engine:DI-UPDATE: resolved payload type=periodic_sine freq=59.852474791104676 mag_in=1000 unit=di duration_us=3669000 period_us=16707 phase=0
2026-07-30 14:15:45,000 INFO:FFB_Engine:DI-UPDATE: resolved payload type=periodic_sine freq=59.99967090419081 mag_in=1000 unit=di duration_us=3669000 period_us=16666 phase=0
2026-07-30 14:15:45,006 INFO:FFB_Engine:DI-UPDATE: resolved payload type=periodic_sine freq=60.1421826784728 mag_in=1000 unit=di duration_us=3669000 period_us=16627 phase=0
2026-07-30 14:15:45,012 INFO:FFB_Engine:DI-UPDATE: resolved payload type=periodic_sine freq=60.290897244312724 mag_in=1000 unit=di duration_us=3669000 period_us=16586 phase=0
2026-07-30 14:15:45,018 INFO:FFB_Engine:DI-UPDATE: resolved payload type=periodic_sine freq=60.437096689568186 mag_in=1000 unit=di duration_us=3669000 period_us=16546 phase=0
2026-07-30 14:15:45,023 INFO:FFB_Engine:DI-UPDATE: resolved payload type=periodic_sine freq=60.55979236227567 mag_in=1000 unit=di duration_us=3669000 period_us=16512 phase=0
2026-07-30 14:15:45,029 INFO:FFB_Engine:DI-UPDATE: resolved payload type=periodic_sine freq=60.71140899032843 mag_in=1000 unit=di duration_us=3669000 period_us=16471 phase=0
2026-07-30 14:15:45,035 INFO:FFB_Engine:DI-UPDATE: resolved payload type=periodic_sine freq=60.85836473058481 mag_in=1000 unit=di duration_us=3669000 period_us=16431 phase=0
2026-07-30 14:15:45,040 INFO:FFB_Engine:DI-UPDATE: resolved payload type=periodic_sine freq=60.98227985569687 mag_in=1000 unit=di duration_us=3669000 period_us=16398 phase=0
2026-07-30 14:15:45,044 INFO:FFB_Engine:DI-UPDATE: resolved payload type=periodic_sine freq=61.085411525163494 mag_in=1000 unit=di duration_us=3669000 period_us=16370 phase=0
2026-07-30 14:15:45,049 INFO:FFB_Engine:DI-UPDATE: resolved payload type=periodic_sine freq=61.186954388852975 mag_in=1000 unit=di duration_us=3669000 period_us=16343 phase=0
2026-07-30 14:15:45,055 INFO:FFB_Engine:DI-UPDATE: resolved payload type=periodic_sine freq=61.33742778027644 mag_in=1000 unit=di duration_us=3669000 period_us=16303 phase=0
2026-07-30 14:15:45,061 INFO:FFB_Engine:DI-UPDATE: resolved payload type=periodic_sine freq=61.48639444445 mag_in=1000 unit=di duration_us=3669000 period_us=16263 phase=0
2026-07-30 14:15:45,067 INFO:FFB_Engine:DI-UPDATE: resolved payload type=periodic_sine freq=61.631315809781434 mag_in=1000 unit=di duration_us=3669000 period_us=16225 phase=0
2026-07-30 14:15:45,072 INFO:FFB_Engine:DI-UPDATE: resolved payload type=periodic_sine freq=61.75584066109578 mag_in=1000 unit=di duration_us=3669000 period_us=16192 phase=0
2026-07-30 14:15:45,078 INFO:FFB_Engine:DI-UPDATE: resolved payload type=periodic_sine freq=61.90450246216821 mag_in=1000 unit=di duration_us=3669000 period_us=16153 phase=0
2026-07-30 14:15:45,082 INFO:FFB_Engine:DI-UPDATE: resolved payload type=periodic_sine freq=62.0045913633753 mag_in=1000 unit=di duration_us=3669000 period_us=16127 phase=0
2026-07-30 14:15:45,088 INFO:FFB_Engine:DI-UPDATE: resolved payload type=periodic_sine freq=62.15478334270539 mag_in=1000 unit=di duration_us=3669000 period_us=16088 phase=0
2026-07-30 14:15:45,094 INFO:FFB_Engine:DI-UPDATE: resolved payload type=periodic_sine freq=62.303122692420835 mag_in=1000 unit=di duration_us=3669000 period_us=16050 phase=0
2026-07-30 14:15:45,100 INFO:FFB_Engine:DI-UPDATE: resolved payload type=periodic_sine freq=62.451016472988435 mag_in=1000 unit=di duration_us=3669000 period_us=16012 phase=0
2026-07-30 14:15:45,105 INFO:FFB_Engine:DI-UPDATE: resolved payload type=periodic_sine freq=62.58699127885162 mag_in=1000 unit=di duration_us=3669000 period_us=15977 phase=0
2026-07-30 14:15:45,112 INFO:FFB_Engine:DI-UPDATE: resolved payload type=periodic_sine freq=62.73608106081603 mag_in=1000 unit=di duration_us=3669000 period_us=15939 phase=0
2026-07-30 14:15:45,117 INFO:FFB_Engine:DI-UPDATE: resolved payload type=periodic_sine freq=62.88089689661244 mag_in=1000 unit=di duration_us=3669000 period_us=15903 phase=0
2026-07-30 14:15:45,122 INFO:FFB_Engine:DI-UPDATE: resolved payload type=periodic_sine freq=63.00525759087234 mag_in=1000 unit=di duration_us=3669000 period_us=15871 phase=0
2026-07-30 14:15:45,127 INFO:FFB_Engine:DI-UPDATE: resolved payload type=periodic_sine freq=63.10535235483138 mag_in=1000 unit=di duration_us=3669000 period_us=15846 phase=0
2026-07-30 14:15:45,133 INFO:FFB_Engine:DI-UPDATE: resolved payload type=periodic_sine freq=63.25406105791936 mag_in=1000 unit=di duration_us=3669000 period_us=15809 phase=0
2026-07-30 14:15:45,139 INFO:FFB_Engine:DI-UPDATE: resolved payload type=periodic_sine freq=63.40500933225037 mag_in=1000 unit=di duration_us=3669000 period_us=15771 phase=0
2026-07-30 14:15:45,145 INFO:FFB_Engine:DI-UPDATE: resolved payload type=periodic_sine freq=63.55009485463627 mag_in=1000 unit=di duration_us=3669000 period_us=15735 phase=0
2026-07-30 14:15:45,149 INFO:FFB_Engine:DI-UPDATE: resolved payload type=periodic_sine freq=63.65122732568959 mag_in=1000 unit=di duration_us=3669000 period_us=15710 phase=0
2026-07-30 14:15:45,155 INFO:FFB_Engine:DI-UPDATE: resolved payload type=periodic_sine freq=63.81695559767426 mag_in=1000 unit=di duration_us=3669000 period_us=15669 phase=0
2026-07-30 14:15:45,160 INFO:FFB_Engine:DI-UPDATE: resolved payload type=periodic_sine freq=63.933577459366596 mag_in=1000 unit=di duration_us=3669000 period_us=15641 phase=0
2026-07-30 14:15:45,166 INFO:FFB_Engine:DI-UPDATE: resolved payload type=periodic_sine freq=64.07455319263896 mag_in=1000 unit=di duration_us=3669000 period_us=15606 phase=0
2026-07-30 14:15:45,173 INFO:FFB_Engine:DI-UPDATE: resolved payload type=periodic_sine freq=64.2365762053943 mag_in=1000 unit=di duration_us=3669000 period_us=15567 phase=0
2026-07-30 14:15:45,178 INFO:FFB_Engine:DI-UPDATE: resolved payload type=periodic_sine freq=64.38418857386856 mag_in=1000 unit=di duration_us=3669000 period_us=15531 phase=0
2026-07-30 14:15:45,183 INFO:FFB_Engine:DI-UPDATE: resolved payload type=periodic_sine freq=64.4860011241475 mag_in=1000 unit=di duration_us=3669000 period_us=15507 phase=0
2026-07-30 14:15:45,190 INFO:FFB_Engine:DI-UPDATE: resolved payload type=periodic_sine freq=64.67133443863665 mag_in=1000 unit=di duration_us=3669000 period_us=15462 phase=0
2026-07-30 14:15:45,194 INFO:FFB_Engine:DI-UPDATE: resolved payload type=periodic_sine freq=64.77243173317831 mag_in=1000 unit=di duration_us=3669000 period_us=15438 phase=0
2026-07-30 14:15:45,200 INFO:FFB_Engine:DI-UPDATE: resolved payload type=periodic_sine freq=64.91548288063925 mag_in=1000 unit=di duration_us=3669000 period_us=15404 phase=0
2026-07-30 14:15:45,206 INFO:FFB_Engine:DI-UPDATE: resolved payload type=periodic_sine freq=65.05002131227587 mag_in=1000 unit=di duration_us=3669000 period_us=15372 phase=0
2026-07-30 14:15:45,210 INFO:FFB_Engine:DI-UPDATE: resolved payload type=periodic_sine freq=65.15182799980289 mag_in=1000 unit=di duration_us=3669000 period_us=15348 phase=0
2026-07-30 14:15:45,216 INFO:FFB_Engine:DI-UPDATE: resolved payload type=periodic_sine freq=65.30056015389864 mag_in=1000 unit=di duration_us=3669000 period_us=15313 phase=0
2026-07-30 14:15:45,223 INFO:FFB_Engine:DI-UPDATE: resolved payload type=periodic_sine freq=65.47198115802202 mag_in=1000 unit=di duration_us=3669000 period_us=15273 phase=0
2026-07-30 14:15:45,229 INFO:FFB_Engine:DI-UPDATE: resolved payload type=periodic_sine freq=65.61799299521525 mag_in=1000 unit=di duration_us=3669000 period_us=15239 phase=0
2026-07-30 14:15:45,235 INFO:FFB_Engine:DI-UPDATE: resolved payload type=periodic_sine freq=65.76235739911189 mag_in=1000 unit=di duration_us=3669000 period_us=15206 phase=0
2026-07-30 14:15:45,239 INFO:FFB_Engine:DI-UPDATE: resolved payload type=periodic_sine freq=65.87885614301337 mag_in=1000 unit=di duration_us=3669000 period_us=15179 phase=0
2026-07-30 14:15:45,243 INFO:FFB_Engine:DI-UPDATE: resolved payload type=periodic_sine freq=65.98039900670287 mag_in=1000 unit=di duration_us=3669000 period_us=15156 phase=0
2026-07-30 14:15:45,247 INFO:FFB_Engine:DI-UPDATE: resolved payload type=periodic_sine freq=66.08044686864633 mag_in=1000 unit=di duration_us=3669000 period_us=15133 phase=0
2026-07-30 14:15:45,252 INFO:FFB_Engine:DI-UPDATE: resolved payload type=periodic_sine freq=66.18221251690974 mag_in=1000 unit=di duration_us=3669000 period_us=15109 phase=0
2026-07-30 14:15:45,256 INFO:FFB_Engine:DI-UPDATE: resolved payload type=periodic_sine freq=66.28373192959144 mag_in=1000 unit=di duration_us=3669000 period_us=15086 phase=0
2026-07-30 14:15:45,260 INFO:FFB_Engine:DI-UPDATE: resolved payload type=periodic_sine freq=66.38379151703882 mag_in=1000 unit=di duration_us=3669000 period_us=15063 phase=0
2026-07-30 14:15:45,264 INFO:FFB_Engine:DI-UPDATE: resolved payload type=periodic_sine freq=66.48711079456766 mag_in=1000 unit=di duration_us=3669000 period_us=15040 phase=0
2026-07-30 14:15:45,270 INFO:FFB_Engine:DI-UPDATE: resolved payload type=periodic_sine freq=66.62951703931465 mag_in=1000 unit=di duration_us=3669000 period_us=15008 phase=0
2026-07-30 14:15:45,276 INFO:FFB_Engine:DI-UPDATE: resolved payload type=periodic_sine freq=66.77718803530834 mag_in=1000 unit=di duration_us=3669000 period_us=14975 phase=0
2026-07-30 14:15:45,282 INFO:FFB_Engine:DI-UPDATE: resolved payload type=periodic_sine freq=66.92513458064344 mag_in=1000 unit=di duration_us=3669000 period_us=14942 phase=0
2026-07-30 14:15:45,286 INFO:FFB_Engine:DI-UPDATE: resolved payload type=periodic_sine freq=67.02745132758969 mag_in=1000 unit=di duration_us=3669000 period_us=14919 phase=0
2026-07-30 14:15:45,291 INFO:FFB_Engine:DI-UPDATE: resolved payload type=periodic_sine freq=67.16143866054347 mag_in=1000 unit=di duration_us=3669000 period_us=14889 phase=0
2026-07-30 14:15:45,297 INFO:FFB_Engine:DI-UPDATE: resolved payload type=periodic_sine freq=67.30794883165203 mag_in=1000 unit=di duration_us=3669000 period_us=14857 phase=0
2026-07-30 14:15:45,303 INFO:FFB_Engine:DI-UPDATE: resolved payload type=periodic_sine freq=67.4558895142352 mag_in=1000 unit=di duration_us=3669000 period_us=14824 phase=0
2026-07-30 14:15:45,308 INFO:FFB_Engine:DI-UPDATE: resolved payload type=periodic_sine freq=67.57787579395732 mag_in=1000 unit=di duration_us=3669000 period_us=14797 phase=0
2026-07-30 14:15:45,313 INFO:FFB_Engine:DI-UPDATE: resolved payload type=periodic_sine freq=67.68086675737725 mag_in=1000 unit=di duration_us=3669000 period_us=14775 phase=0
2026-07-30 14:15:45,318 INFO:FFB_Engine:DI-UPDATE: resolved payload type=periodic_sine freq=67.82315574708532 mag_in=1000 unit=di duration_us=3669000 period_us=14744 phase=0
2026-07-30 14:15:45,323 INFO:FFB_Engine:DI-UPDATE: resolved payload type=periodic_sine freq=67.94768059839967 mag_in=1000 unit=di duration_us=3669000 period_us=14717 phase=0
2026-07-30 14:15:45,329 INFO:FFB_Engine:DI-UPDATE: resolved payload type=periodic_sine freq=68.0948356722222 mag_in=1000 unit=di duration_us=3669000 period_us=14685 phase=0
2026-07-30 14:15:45,334 INFO:FFB_Engine:DI-UPDATE: resolved payload type=periodic_sine freq=68.1974572822696 mag_in=1000 unit=di duration_us=3669000 period_us=14663 phase=0
2026-07-30 14:15:45,340 INFO:FFB_Engine:DI-UPDATE: resolved payload type=periodic_sine freq=68.34620702462118 mag_in=1000 unit=di duration_us=3669000 period_us=14631 phase=0
2026-07-30 14:15:45,346 INFO:FFB_Engine:DI-UPDATE: resolved payload type=periodic_sine freq=68.49481606092608 mag_in=1000 unit=di duration_us=3669000 period_us=14599 phase=0
2026-07-30 14:15:45,352 INFO:FFB_Engine:DI-UPDATE: resolved payload type=periodic_sine freq=68.64115621222824 mag_in=1000 unit=di duration_us=3669000 period_us=14568 phase=0
2026-07-30 14:15:45,357 INFO:FFB_Engine:DI-UPDATE: resolved payload type=periodic_sine freq=68.77350197463738 mag_in=1000 unit=di duration_us=3669000 period_us=14540 phase=0
2026-07-30 14:15:45,363 INFO:FFB_Engine:DI-UPDATE: resolved payload type=periodic_sine freq=68.91924412524114 mag_in=1000 unit=di duration_us=3669000 period_us=14509 phase=0
2026-07-30 14:15:45,369 INFO:FFB_Engine:DI-UPDATE: resolved payload type=periodic_sine freq=69.06866808406642 mag_in=1000 unit=di duration_us=3669000 period_us=14478 phase=0
2026-07-30 14:15:45,375 INFO:FFB_Engine:DI-UPDATE: resolved payload type=periodic_sine freq=69.20348206504445 mag_in=1000 unit=di duration_us=3669000 period_us=14450 phase=0
2026-07-30 14:15:45,379 INFO:FFB_Engine:DI-UPDATE: resolved payload type=periodic_sine freq=69.32019186801597 mag_in=1000 unit=di duration_us=3669000 period_us=14425 phase=0
2026-07-30 14:15:45,385 INFO:FFB_Engine:DI-UPDATE: resolved payload type=periodic_sine freq=69.46624474447282 mag_in=1000 unit=di duration_us=3669000 period_us=14395 phase=0
2026-07-30 14:15:45,391 INFO:FFB_Engine:DI-UPDATE: resolved payload type=periodic_sine freq=69.61636050802761 mag_in=1000 unit=di duration_us=3669000 period_us=14364 phase=0
2026-07-30 14:15:45,398 INFO:FFB_Engine:DI-UPDATE: resolved payload type=periodic_sine freq=69.76611864371378 mag_in=1000 unit=di duration_us=3669000 period_us=14333 phase=0
2026-07-30 14:15:45,404 INFO:FFB_Engine:DI-UPDATE: resolved payload type=periodic_sine freq=69.92095978533635 mag_in=1000 unit=di duration_us=3669000 period_us=14301 phase=0
2026-07-30 14:15:45,409 INFO:FFB_Engine:DI-UPDATE: resolved payload type=periodic_sine freq=70.03629184160076 mag_in=1000 unit=di duration_us=3669000 period_us=14278 phase=0
2026-07-30 14:15:45,414 INFO:FFB_Engine:DI-UPDATE: resolved payload type=periodic_sine freq=70.18402732786586 mag_in=1000 unit=di duration_us=3669000 period_us=14248 phase=0
2026-07-30 14:15:45,420 INFO:FFB_Engine:DI-UPDATE: resolved payload type=periodic_sine freq=70.32795202536661 mag_in=1000 unit=di duration_us=3669000 period_us=14219 phase=0
2026-07-30 14:15:45,426 INFO:FFB_Engine:DI-UPDATE: resolved payload type=periodic_sine freq=70.47044034864082 mag_in=1000 unit=di duration_us=3669000 period_us=14190 phase=0
2026-07-30 14:15:45,432 INFO:FFB_Engine:DI-UPDATE: resolved payload type=periodic_sine freq=70.62162313304964 mag_in=1000 unit=di duration_us=3669000 period_us=14159 phase=0
2026-07-30 14:15:45,437 INFO:FFB_Engine:DI-UPDATE: resolved payload type=periodic_sine freq=70.74216717579324 mag_in=1000 unit=di duration_us=3669000 period_us=14135 phase=0
2026-07-30 14:15:45,441 INFO:FFB_Engine:DI-UPDATE: resolved payload type=periodic_sine freq=70.84708698460312 mag_in=1000 unit=di duration_us=3669000 period_us=14114 phase=0
2026-07-30 14:15:45,447 INFO:FFB_Engine:DI-UPDATE: resolved payload type=periodic_sine freq=70.99284086071077 mag_in=1000 unit=di duration_us=3669000 period_us=14085 phase=0
2026-07-30 14:15:45,452 INFO:FFB_Engine:DI-UPDATE: resolved payload type=periodic_sine freq=71.09458305796639 mag_in=1000 unit=di duration_us=3669000 period_us=14065 phase=0
2026-07-30 14:15:45,458 INFO:FFB_Engine:DI-UPDATE: resolved payload type=periodic_sine freq=71.2479350605949 mag_in=1000 unit=di duration_us=3669000 period_us=14035 phase=0
2026-07-30 14:15:45,464 INFO:FFB_Engine:DI-UPDATE: resolved payload type=periodic_sine freq=71.39438074143206 mag_in=1000 unit=di duration_us=3669000 period_us=14006 phase=0
2026-07-30 14:15:45,470 INFO:FFB_Engine:DI-UPDATE: resolved payload type=periodic_sine freq=71.54198724715437 mag_in=1000 unit=di duration_us=3669000 period_us=13977 phase=0
2026-07-30 14:15:45,475 INFO:FFB_Engine:DI-UPDATE: resolved payload type=periodic_sine freq=71.66549784238221 mag_in=1000 unit=di duration_us=3669000 period_us=13953 phase=0
2026-07-30 14:15:45,479 INFO:FFB_Engine:DI-UPDATE: resolved payload type=periodic_sine freq=71.76551639056596 mag_in=1000 unit=di duration_us=3669000 period_us=13934 phase=0
2026-07-30 14:15:45,483 INFO:FFB_Engine:DI-UPDATE: resolved payload type=periodic_sine freq=71.86863633452867 mag_in=1000 unit=di duration_us=3669000 period_us=13914 phase=0
2026-07-30 14:15:45,487 INFO:FFB_Engine:DI-UPDATE: resolved payload type=periodic_sine freq=71.96867833372022 mag_in=1000 unit=di duration_us=3669000 period_us=13894 phase=0
2026-07-30 14:15:45,491 INFO:FFB_Engine:DI-UPDATE: resolved payload type=periodic_sine freq=72.0739499076468 mag_in=1000 unit=di duration_us=3669000 period_us=13874 phase=0
2026-07-30 14:15:45,497 INFO:FFB_Engine:DI-UPDATE: resolved payload type=periodic_sine freq=72.2232859251929 mag_in=1000 unit=di duration_us=3669000 period_us=13845 phase=0
2026-07-30 14:15:45,501 INFO:FFB_Engine:DI-UPDATE: resolved payload type=periodic_sine freq=72.32355070895835 mag_in=1000 unit=di duration_us=3669000 period_us=13826 phase=0
2026-07-30 14:15:45,508 INFO:FFB_Engine:DI-UPDATE: resolved payload type=periodic_sine freq=72.49595079265657 mag_in=1000 unit=di duration_us=3669000 period_us=13793 phase=0
2026-07-30 14:15:45,514 INFO:FFB_Engine:DI-UPDATE: resolved payload type=periodic_sine freq=72.64467122124844 mag_in=1000 unit=di duration_us=3669000 period_us=13765 phase=0
2026-07-30 14:15:45,519 INFO:FFB_Engine:DI-UPDATE: resolved payload type=periodic_sine freq=72.75679635219886 mag_in=1000 unit=di duration_us=3669000 period_us=13744 phase=0
2026-07-30 14:15:45,525 INFO:FFB_Engine:DI-UPDATE: resolved payload type=periodic_sine freq=72.89477035647533 mag_in=1000 unit=di duration_us=3669000 period_us=13718 phase=0
2026-07-30 14:15:45,529 INFO:FFB_Engine:DI-UPDATE: resolved payload type=periodic_sine freq=72.99594972954421 mag_in=1000 unit=di duration_us=3669000 period_us=13699 phase=0
2026-07-30 14:15:45,535 INFO:FFB_Engine:DI-UPDATE: resolved payload type=periodic_sine freq=73.14521539406698 mag_in=1000 unit=di duration_us=3669000 period_us=13671 phase=0
2026-07-30 14:15:45,543 INFO:FFB_Engine:DI-UPDATE: resolved payload type=periodic_sine freq=73.33828167837174 mag_in=1000 unit=di duration_us=3669000 period_us=13635 phase=0
2026-07-30 14:15:45,549 INFO:FFB_Engine:DI-UPDATE: resolved payload type=periodic_sine freq=73.48553055622537 mag_in=1000 unit=di duration_us=3669000 period_us=13608 phase=0
2026-07-30 14:15:45,554 INFO:FFB_Engine:DI-UPDATE: resolved payload type=periodic_sine freq=73.62937903795086 mag_in=1000 unit=di duration_us=3669000 period_us=13581 phase=0
2026-07-30 14:15:45,559 INFO:FFB_Engine:DI-UPDATE: resolved payload type=periodic_sine freq=73.73212376578908 mag_in=1000 unit=di duration_us=3669000 period_us=13562 phase=0
2026-07-30 14:15:45,565 INFO:FFB_Engine:DI-UPDATE: resolved payload type=periodic_sine freq=73.87900915302214 mag_in=1000 unit=di duration_us=3669000 period_us=13535 phase=0
2026-07-30 14:15:45,571 INFO:FFB_Engine:DI-UPDATE: resolved payload type=periodic_sine freq=74.02758887556733 mag_in=1000 unit=di duration_us=3669000 period_us=13508 phase=0
2026-07-30 14:15:45,575 INFO:FFB_Engine:DI-UPDATE: resolved payload type=periodic_sine freq=74.1281702479378 mag_in=1000 unit=di duration_us=3669000 period_us=13490 phase=0
2026-07-30 14:15:45,579 INFO:FFB_Engine:DI-UPDATE: resolved payload type=periodic_sine freq=74.22930858174308 mag_in=1000 unit=di duration_us=3669000 period_us=13471 phase=0
2026-07-30 14:15:45,585 INFO:FFB_Engine:DI-UPDATE: resolved payload type=periodic_sine freq=74.37662781262007 mag_in=1000 unit=di duration_us=3669000 period_us=13445 phase=0
2026-07-30 14:15:45,592 INFO:FFB_Engine:DI-UPDATE: resolved payload type=periodic_sine freq=74.5536946468666 mag_in=1000 unit=di duration_us=3669000 period_us=13413 phase=0
2026-07-30 14:15:45,598 INFO:FFB_Engine:DI-UPDATE: resolved payload type=periodic_sine freq=74.7039921557317 mag_in=1000 unit=di duration_us=3669000 period_us=13386 phase=0
2026-07-30 14:15:45,604 INFO:FFB_Engine:DI-UPDATE: resolved payload type=periodic_sine freq=74.85543290122611 mag_in=1000 unit=di duration_us=3669000 period_us=13359 phase=0
2026-07-30 14:15:45,610 INFO:FFB_Engine:DI-UPDATE: resolved payload type=periodic_sine freq=75.0057949003626 mag_in=1000 unit=di duration_us=3669000 period_us=13332 phase=0
2026-07-30 14:15:45,616 INFO:FFB_Engine:DI-UPDATE: resolved payload type=periodic_sine freq=75.15313171949542 mag_in=1000 unit=di duration_us=3669000 period_us=13306 phase=0
2026-07-30 14:15:45,622 INFO:FFB_Engine:DI-UPDATE: resolved payload type=periodic_sine freq=75.30070304870605 mag_in=1000 unit=di duration_us=3669000 period_us=13280 phase=0
2026-07-30 14:15:45,628 INFO:FFB_Engine:DI-UPDATE: resolved payload type=periodic_sine freq=75.42879245320304 mag_in=1000 unit=di duration_us=3669000 period_us=13257 phase=0
2026-07-30 14:15:45,634 INFO:FFB_Engine:DI-UPDATE: resolved payload type=periodic_sine freq=75.5777708428805 mag_in=1000 unit=di duration_us=3669000 period_us=13231 phase=0
2026-07-30 14:15:45,640 INFO:FFB_Engine:DI-UPDATE: resolved payload type=periodic_sine freq=75.7284963326376 mag_in=1000 unit=di duration_us=3669000 period_us=13205 phase=0
2026-07-30 14:15:45,645 INFO:FFB_Engine:DI-UPDATE: resolved payload type=periodic_sine freq=75.8484541001867 mag_in=1000 unit=di duration_us=3669000 period_us=13184 phase=0
2026-07-30 14:15:45,651 INFO:FFB_Engine:DI-UPDATE: resolved payload type=periodic_sine freq=75.99657066532824 mag_in=1000 unit=di duration_us=3669000 period_us=13158 phase=0
2026-07-30 14:15:45,655 INFO:FFB_Engine:DI-UPDATE: resolved payload type=periodic_sine freq=76.10188914127036 mag_in=1000 unit=di duration_us=3669000 period_us=13140 phase=0
2026-07-30 14:15:45,660 INFO:FFB_Engine:DI-UPDATE: resolved payload type=periodic_sine freq=76.21696909920114 mag_in=1000 unit=di duration_us=3669000 period_us=13120 phase=0
2026-07-30 14:15:45,666 INFO:FFB_Engine:DI-UPDATE: resolved payload type=periodic_sine freq=76.36398346697698 mag_in=1000 unit=di duration_us=3669000 period_us=13095 phase=0
2026-07-30 14:15:45,672 INFO:FFB_Engine:DI-UPDATE: resolved payload type=periodic_sine freq=76.51190069855237 mag_in=1000 unit=di duration_us=3669000 period_us=13069 phase=0
2026-07-30 14:15:45,677 INFO:FFB_Engine:DI-UPDATE: resolved payload type=periodic_sine freq=76.64327324413861 mag_in=1000 unit=di duration_us=3669000 period_us=13047 phase=0
2026-07-30 14:15:45,681 INFO:FFB_Engine:DI-UPDATE: resolved payload type=periodic_sine freq=76.74377840073382 mag_in=1000 unit=di duration_us=3669000 period_us=13030 phase=0
2026-07-30 14:15:45,687 INFO:FFB_Engine:DI-UPDATE: resolved payload type=periodic_sine freq=76.89418143913393 mag_in=1000 unit=di duration_us=3669000 period_us=13004 phase=0
2026-07-30 14:15:45,693 INFO:FFB_Engine:DI-UPDATE: resolved payload type=periodic_sine freq=77.04048641392443 mag_in=1000 unit=di duration_us=3669000 period_us=12980 phase=0
2026-07-30 14:15:45,699 INFO:FFB_Engine:DI-UPDATE: resolved payload type=periodic_sine freq=77.19084255030899 mag_in=1000 unit=di duration_us=3669000 period_us=12954 phase=0
2026-07-30 14:15:45,705 INFO:FFB_Engine:DI-UPDATE: resolved payload type=periodic_sine freq=77.33718856436307 mag_in=1000 unit=di duration_us=3669000 period_us=12930 phase=0
2026-07-30 14:15:45,711 INFO:FFB_Engine:DI-UPDATE: resolved payload type=periodic_sine freq=77.46914738514384 mag_in=1000 unit=di duration_us=3669000 period_us=12908 phase=0
2026-07-30 14:15:45,717 INFO:FFB_Engine:DI-UPDATE: resolved payload type=periodic_sine freq=77.61818440234075 mag_in=1000 unit=di duration_us=3669000 period_us=12883 phase=0
2026-07-30 14:15:45,723 INFO:FFB_Engine:DI-UPDATE: resolved payload type=periodic_sine freq=77.76758491015825 mag_in=1000 unit=di duration_us=3669000 period_us=12858 phase=0
2026-07-30 14:15:45,729 INFO:FFB_Engine:DI-UPDATE: resolved payload type=periodic_sine freq=77.91738408510803 mag_in=1000 unit=di duration_us=3669000 period_us=12834 phase=0
2026-07-30 14:15:45,735 INFO:FFB_Engine:DI-UPDATE: resolved payload type=periodic_sine freq=78.06562376804038 mag_in=1000 unit=di duration_us=3669000 period_us=12809 phase=0
2026-07-30 14:15:45,741 INFO:FFB_Engine:DI-UPDATE: resolved payload type=periodic_sine freq=78.21184080155169 mag_in=1000 unit=di duration_us=3669000 period_us=12785 phase=0
2026-07-30 14:15:45,746 INFO:FFB_Engine:DI-UPDATE: resolved payload type=periodic_sine freq=78.33422574840608 mag_in=1000 unit=di duration_us=3669000 period_us=12765 phase=0
2026-07-30 14:15:45,752 INFO:FFB_Engine:DI-UPDATE: resolved payload type=periodic_sine freq=78.48265303940069 mag_in=1000 unit=di duration_us=3669000 period_us=12741 phase=0
2026-07-30 14:15:45,758 INFO:FFB_Engine:DI-UPDATE: resolved payload type=periodic_sine freq=78.63242876334269 mag_in=1000 unit=di duration_us=3669000 period_us=12717 phase=0
2026-07-30 14:15:45,763 INFO:FFB_Engine:DI-UPDATE: resolved payload type=periodic_sine freq=78.74888646798055 mag_in=1000 unit=di duration_us=3669000 period_us=12698 phase=0
2026-07-30 14:15:45,767 INFO:FFB_Engine:DI-UPDATE: resolved payload type=periodic_sine freq=78.85092766558537 mag_in=1000 unit=di duration_us=3669000 period_us=12682 phase=0
2026-07-30 14:15:45,771 INFO:FFB_Engine:DI-UPDATE: resolved payload type=periodic_sine freq=78.95148558694808 mag_in=1000 unit=di duration_us=3669000 period_us=12666 phase=0
2026-07-30 14:15:45,777 INFO:FFB_Engine:DI-UPDATE: resolved payload type=periodic_sine freq=79.10675470946265 mag_in=1000 unit=di duration_us=3669000 period_us=12641 phase=0
2026-07-30 14:15:45,783 INFO:FFB_Engine:DI-UPDATE: resolved payload type=periodic_sine freq=79.25391564603711 mag_in=1000 unit=di duration_us=3669000 period_us=12617 phase=0
2026-07-30 14:15:45,789 INFO:FFB_Engine:DI-UPDATE: resolved payload type=periodic_sine freq=79.40132281819328 mag_in=1000 unit=di duration_us=3669000 period_us=12594 phase=0
2026-07-30 14:15:45,794 INFO:FFB_Engine:DI-UPDATE: resolved payload type=periodic_sine freq=79.52703194540055 mag_in=1000 unit=di duration_us=3669000 period_us=12574 phase=0
2026-07-30 14:15:45,799 INFO:FFB_Engine:DI-UPDATE: resolved payload type=periodic_sine freq=79.62900865273397 mag_in=1000 unit=di duration_us=3669000 period_us=12558 phase=0
2026-07-30 14:15:45,804 INFO:FFB_Engine:DI-UPDATE: resolved payload type=periodic_sine freq=79.77336719387867 mag_in=1000 unit=di duration_us=3669000 period_us=12535 phase=0
2026-07-30 14:15:45,809 INFO:FFB_Engine:DI-UPDATE: resolved payload type=periodic_sine freq=79.87759519795902 mag_in=1000 unit=di duration_us=3669000 period_us=12519 phase=0
2026-07-30 14:15:45,813 INFO:FFB_Engine:DI-UPDATE: resolved payload type=periodic_sine freq=79.9922354494939 mag_in=1000 unit=di duration_us=3669000 period_us=12501 phase=0
2026-07-30 14:15:45,819 INFO:FFB_Engine:DI-UPDATE: resolved payload type=periodic_sine freq=80.13925568002169 mag_in=1000 unit=di duration_us=3669000 period_us=12478 phase=0
2026-07-30 14:15:45,825 INFO:FFB_Engine:DI-UPDATE: resolved payload type=periodic_sine freq=80.28243580802541 mag_in=1000 unit=di duration_us=3669000 period_us=12456 phase=0
2026-07-30 14:15:45,831 INFO:FFB_Engine:DI-UPDATE: resolved payload type=periodic_sine freq=80.41802953501217 mag_in=1000 unit=di duration_us=3669000 period_us=12435 phase=0
2026-07-30 14:15:45,835 INFO:FFB_Engine:DI-UPDATE: resolved payload type=periodic_sine freq=80.52087979238541 mag_in=1000 unit=di duration_us=3669000 period_us=12419 phase=0
2026-07-30 14:15:45,841 INFO:FFB_Engine:DI-UPDATE: resolved payload type=periodic_sine freq=80.66822833702211 mag_in=1000 unit=di duration_us=3669000 period_us=12396 phase=0
2026-07-30 14:15:45,847 INFO:FFB_Engine:DI-UPDATE: resolved payload type=periodic_sine freq=80.81462125309177 mag_in=1000 unit=di duration_us=3669000 period_us=12373 phase=0
2026-07-30 14:15:45,853 INFO:FFB_Engine:DI-UPDATE: resolved payload type=periodic_sine freq=80.96281403400859 mag_in=1000 unit=di duration_us=3669000 period_us=12351 phase=0
2026-07-30 14:15:45,859 INFO:FFB_Engine:DI-UPDATE: resolved payload type=periodic_sine freq=81.11423132849521 mag_in=1000 unit=di duration_us=3669000 period_us=12328 phase=0
2026-07-30 14:15:45,864 INFO:FFB_Engine:DI-UPDATE: resolved payload type=periodic_sine freq=81.2417227322938 mag_in=1000 unit=di duration_us=3669000 period_us=12308 phase=0
2026-07-30 14:15:45,870 INFO:FFB_Engine:DI-UPDATE: resolved payload type=periodic_sine freq=81.38737107886642 mag_in=1000 unit=di duration_us=3669000 period_us=12286 phase=0
2026-07-30 14:15:45,876 INFO:FFB_Engine:DI-UPDATE: resolved payload type=periodic_sine freq=81.53577491885326 mag_in=1000 unit=di duration_us=3669000 period_us=12264 phase=0
2026-07-30 14:15:45,881 INFO:FFB_Engine:DI-UPDATE: resolved payload type=periodic_sine freq=81.65672935423304 mag_in=1000 unit=di duration_us=3669000 period_us=12246 phase=0
2026-07-30 14:15:45,887 INFO:FFB_Engine:DI-UPDATE: resolved payload type=periodic_sine freq=81.80403685960613 mag_in=1000 unit=di duration_us=3669000 period_us=12224 phase=0
2026-07-30 14:15:45,893 INFO:FFB_Engine:DI-UPDATE: resolved payload type=periodic_sine freq=81.95193650292568 mag_in=1000 unit=di duration_us=3669000 period_us=12202 phase=0
2026-07-30 14:15:45,898 INFO:FFB_Engine:DI-UPDATE: resolved payload type=periodic_sine freq=82.06862285488941 mag_in=1000 unit=di duration_us=3669000 period_us=12184 phase=0
2026-07-30 14:15:45,904 INFO:FFB_Engine:DI-UPDATE: resolved payload type=periodic_sine freq=82.21727293045794 mag_in=1000 unit=di duration_us=3669000 period_us=12162 phase=0
2026-07-30 14:15:45,910 INFO:FFB_Engine:DI-UPDATE: resolved payload type=periodic_sine freq=82.36501427947498 mag_in=1000 unit=di duration_us=3669000 period_us=12141 phase=0
2026-07-30 14:15:45,915 INFO:FFB_Engine:DI-UPDATE: resolved payload type=periodic_sine freq=82.48861867873394 mag_in=1000 unit=di duration_us=3669000 period_us=12122 phase=0
2026-07-30 14:15:45,919 INFO:FFB_Engine:DI-UPDATE: resolved payload type=periodic_sine freq=82.58866067792547 mag_in=1000 unit=di duration_us=3669000 period_us=12108 phase=0
2026-07-30 14:15:45,925 INFO:FFB_Engine:DI-UPDATE: resolved payload type=periodic_sine freq=82.73635512492696 mag_in=1000 unit=di duration_us=3669000 period_us=12086 phase=0
2026-07-30 14:15:45,929 INFO:FFB_Engine:DI-UPDATE: resolved payload type=periodic_sine freq=82.83880671516793 mag_in=1000 unit=di duration_us=3669000 period_us=12071 phase=0
2026-07-30 14:15:45,935 INFO:FFB_Engine:DI-UPDATE: resolved payload type=periodic_sine freq=82.98684706453417 mag_in=1000 unit=di duration_us=3669000 period_us=12050 phase=0
2026-07-30 14:15:45,939 INFO:FFB_Engine:DI-UPDATE: resolved payload type=periodic_sine freq=83.0884485557431 mag_in=1000 unit=di duration_us=3669000 period_us=12035 phase=0
2026-07-30 14:15:45,947 INFO:FFB_Engine:DI-UPDATE: resolved payload type=periodic_sine freq=83.27113190635306 mag_in=1000 unit=di duration_us=3669000 period_us=12008 phase=0
2026-07-30 14:15:45,953 INFO:FFB_Engine:DI-UPDATE: resolved payload type=periodic_sine freq=83.4209545323106 mag_in=1000 unit=di duration_us=3669000 period_us=11987 phase=0
2026-07-30 14:15:45,959 INFO:FFB_Engine:DI-UPDATE: resolved payload type=periodic_sine freq=83.57064817772537 mag_in=1000 unit=di duration_us=3669000 period_us=11965 phase=0
2026-07-30 14:15:45,963 INFO:FFB_Engine:DI-UPDATE: resolved payload type=periodic_sine freq=83.67091296149081 mag_in=1000 unit=di duration_us=3669000 period_us=11951 phase=0
2026-07-30 14:15:45,967 INFO:FFB_Engine:DI-UPDATE: resolved payload type=periodic_sine freq=83.77242064866863 mag_in=1000 unit=di duration_us=3669000 period_us=11937 phase=0
2026-07-30 14:15:45,973 INFO:FFB_Engine:DI-UPDATE: resolved payload type=periodic_sine freq=83.91828005431128 mag_in=1000 unit=di duration_us=3669000 period_us=11916 phase=0
2026-07-30 14:15:45,980 INFO:FFB_Engine:DI-UPDATE: resolved payload type=periodic_sine freq=84.09359978847816 mag_in=1000 unit=di duration_us=3669000 period_us=11891 phase=0
2026-07-30 14:15:45,984 INFO:FFB_Engine:DI-UPDATE: resolved payload type=periodic_sine freq=84.1957347901141 mag_in=1000 unit=di duration_us=3669000 period_us=11877 phase=0
2026-07-30 14:15:45,990 INFO:FFB_Engine:DI-UPDATE: resolved payload type=periodic_sine freq=84.34336474684419 mag_in=1000 unit=di duration_us=3669000 period_us=11856 phase=0
2026-07-30 14:15:45,994 INFO:FFB_Engine:DI-UPDATE: resolved payload type=periodic_sine freq=84.44586910185267 mag_in=1000 unit=di duration_us=3669000 period_us=11841 phase=0
2026-07-30 14:15:45,999 INFO:FFB_Engine:DI-UPDATE: resolved payload type=periodic_sine freq=84.55661648609599 mag_in=1000 unit=di duration_us=3669000 period_us=11826 phase=0
2026-07-30 14:15:46,005 INFO:FFB_Engine:DI-UPDATE: resolved payload type=periodic_sine freq=84.70313838270843 mag_in=1000 unit=di duration_us=3669000 period_us=11805 phase=0
2026-07-30 14:15:46,009 INFO:FFB_Engine:DI-UPDATE: resolved payload type=periodic_sine freq=84.80376665709449 mag_in=1000 unit=di duration_us=3669000 period_us=11791 phase=0
2026-07-30 14:15:46,014 INFO:FFB_Engine:DI-UPDATE: resolved payload type=periodic_sine freq=84.92584674084773 mag_in=1000 unit=di duration_us=3669000 period_us=11774 phase=0
2026-07-30 14:15:46,020 INFO:FFB_Engine:DI-UPDATE: resolved payload type=periodic_sine freq=85.07269108881715 mag_in=1000 unit=di duration_us=3669000 period_us=11754 phase=0
2026-07-30 14:15:46,024 INFO:FFB_Engine:DI-UPDATE: resolved payload type=periodic_sine freq=85.17762262313092 mag_in=1000 unit=di duration_us=3669000 period_us=11740 phase=0
2026-07-30 14:15:46,028 INFO:FFB_Engine:DI-UPDATE: resolved payload type=periodic_sine freq=85.27784636763276 mag_in=1000 unit=di duration_us=3669000 period_us=11726 phase=0
2026-07-30 14:15:46,033 INFO:FFB_Engine:DI-UPDATE: resolved payload type=periodic_sine freq=85.39090367614246 mag_in=1000 unit=di duration_us=3669000 period_us=11710 phase=0
2026-07-30 14:15:46,037 INFO:FFB_Engine:DI-UPDATE: resolved payload type=periodic_sine freq=85.49130330320264 mag_in=1000 unit=di duration_us=3669000 period_us=11697 phase=0
2026-07-30 14:15:46,043 INFO:FFB_Engine:DI-UPDATE: resolved payload type=periodic_sine freq=85.63947849586361 mag_in=1000 unit=di duration_us=3669000 period_us=11676 phase=0
2026-07-30 14:15:46,047 INFO:FFB_Engine:DI-UPDATE: resolved payload type=periodic_sine freq=85.75260615739666 mag_in=1000 unit=di duration_us=3669000 period_us=11661 phase=0
2026-07-30 14:15:46,052 INFO:FFB_Engine:DI-UPDATE: resolved payload type=periodic_sine freq=85.85471770802482 mag_in=1000 unit=di duration_us=3669000 period_us=11647 phase=0
2026-07-30 14:15:46,056 INFO:FFB_Engine:DI-UPDATE: resolved payload type=periodic_sine freq=85.95560394349644 mag_in=1000 unit=di duration_us=3669000 period_us=11633 phase=0
2026-07-30 14:15:46,062 INFO:FFB_Engine:DI-UPDATE: resolved payload type=periodic_sine freq=86.10168613371302 mag_in=1000 unit=di duration_us=3669000 period_us=11614 phase=0
2026-07-30 14:15:46,068 INFO:FFB_Engine:DI-UPDATE: resolved payload type=periodic_sine freq=86.24605053760966 mag_in=1000 unit=di duration_us=3669000 period_us=11594 phase=0
2026-07-30 14:15:46,072 INFO:FFB_Engine:DI-UPDATE: resolved payload type=periodic_sine freq=86.34623910559982 mag_in=1000 unit=di duration_us=3669000 period_us=11581 phase=0
2026-07-30 14:15:46,078 INFO:FFB_Engine:DI-UPDATE: resolved payload type=periodic_sine freq=86.49648971244936 mag_in=1000 unit=di duration_us=3669000 period_us=11561 phase=0
2026-07-30 14:15:46,084 INFO:FFB_Engine:DI-UPDATE: resolved payload type=periodic_sine freq=86.63795791688511 mag_in=1000 unit=di duration_us=3669000 period_us=11542 phase=0
2026-07-30 14:15:46,089 INFO:FFB_Engine:DI-UPDATE: resolved payload type=periodic_sine freq=86.78103251535384 mag_in=1000 unit=di duration_us=3669000 period_us=11523 phase=0
2026-07-30 14:15:46,095 INFO:FFB_Engine:DI-UPDATE: resolved payload type=periodic_sine freq=86.92830484421526 mag_in=1000 unit=di duration_us=3669000 period_us=11503 phase=0
2026-07-30 14:15:46,100 INFO:FFB_Engine:DI-UPDATE: resolved payload type=periodic_sine freq=87.05155747835752 mag_in=1000 unit=di duration_us=3669000 period_us=11487 phase=0
2026-07-30 14:15:46,105 INFO:FFB_Engine:DI-UPDATE: resolved payload type=periodic_sine freq=87.1551757562356 mag_in=1000 unit=di duration_us=3669000 period_us=11473 phase=0
2026-07-30 14:15:46,110 INFO:FFB_Engine:DI-UPDATE: resolved payload type=periodic_sine freq=87.30095894610295 mag_in=1000 unit=di duration_us=3669000 period_us=11454 phase=0
2026-07-30 14:15:46,115 INFO:FFB_Engine:DI-UPDATE: resolved payload type=periodic_sine freq=87.40808901239613 mag_in=1000 unit=di duration_us=3669000 period_us=11440 phase=0
2026-07-30 14:15:46,119 INFO:FFB_Engine:DI-UPDATE: resolved payload type=periodic_sine freq=87.50905146364305 mag_in=1000 unit=di duration_us=3669000 period_us=11427 phase=0
2026-07-30 14:15:46,125 INFO:FFB_Engine:DI-UPDATE: resolved payload type=periodic_sine freq=87.65736736235071 mag_in=1000 unit=di duration_us=3669000 period_us=11408 phase=0
2026-07-30 14:15:46,129 INFO:FFB_Engine:DI-UPDATE: resolved payload type=periodic_sine freq=87.75736832227862 mag_in=1000 unit=di duration_us=3669000 period_us=11395 phase=0
2026-07-30 14:15:46,134 INFO:FFB_Engine:DI-UPDATE: resolved payload type=periodic_sine freq=87.87410157625793 mag_in=1000 unit=di duration_us=3669000 period_us=11379 phase=0
2026-07-30 14:15:46,140 INFO:FFB_Engine:DI-UPDATE: resolved payload type=periodic_sine freq=88.02710181376972 mag_in=1000 unit=di duration_us=3669000 period_us=11360 phase=0
2026-07-30 14:15:46,146 INFO:FFB_Engine:DI-UPDATE: resolved payload type=periodic_sine freq=88.17019400049429 mag_in=1000 unit=di duration_us=3669000 period_us=11341 phase=0
2026-07-30 14:15:46,151 INFO:FFB_Engine:DI-UPDATE: resolved payload type=periodic_sine freq=88.30188313468558 mag_in=1000 unit=di duration_us=3669000 period_us=11324 phase=0
2026-07-30 14:15:46,155 INFO:FFB_Engine:DI-UPDATE: resolved payload type=periodic_sine freq=88.40317976279337 mag_in=1000 unit=di duration_us=3669000 period_us=11311 phase=0
2026-07-30 14:15:46,160 INFO:FFB_Engine:DI-UPDATE: resolved payload type=periodic_sine freq=88.5067042366403 mag_in=1000 unit=di duration_us=3669000 period_us=11298 phase=0
2026-07-30 14:15:46,166 INFO:FFB_Engine:DI-UPDATE: resolved payload type=periodic_sine freq=88.66671632547848 mag_in=1000 unit=di duration_us=3669000 period_us=11278 phase=0
2026-07-30 14:15:46,172 INFO:FFB_Engine:DI-UPDATE: resolved payload type=periodic_sine freq=88.8143521449605 mag_in=1000 unit=di duration_us=3669000 period_us=11259 phase=0
2026-07-30 14:15:46,178 INFO:FFB_Engine:DI-UPDATE: resolved payload type=periodic_sine freq=88.96135478723245 mag_in=1000 unit=di duration_us=3669000 period_us=11240 phase=0
2026-07-30 14:15:46,183 INFO:FFB_Engine:DI-UPDATE: resolved payload type=periodic_sine freq=89.0896200742878 mag_in=1000 unit=di duration_us=3669000 period_us=11224 phase=0
2026-07-30 14:15:46,187 INFO:FFB_Engine:DI-UPDATE: resolved payload type=periodic_sine freq=89.19097532991502 mag_in=1000 unit=di duration_us=3669000 period_us=11211 phase=0
2026-07-30 14:15:46,193 INFO:FFB_Engine:DI-UPDATE: resolved payload type=periodic_sine freq=89.33433720322905 mag_in=1000 unit=di duration_us=3669000 period_us=11193 phase=0
2026-07-30 14:15:46,197 INFO:FFB_Engine:DI-UPDATE: resolved payload type=periodic_sine freq=89.43556347831351 mag_in=1000 unit=di duration_us=3669000 period_us=11181 phase=0
2026-07-30 14:15:46,202 INFO:FFB_Engine:DI-UPDATE: resolved payload type=periodic_sine freq=89.56201131226585 mag_in=1000 unit=di duration_us=3669000 period_us=11165 phase=0
2026-07-30 14:15:46,208 INFO:FFB_Engine:DI-UPDATE: resolved payload type=periodic_sine freq=89.70601808829385 mag_in=1000 unit=di duration_us=3669000 period_us=11147 phase=0
2026-07-30 14:15:46,214 INFO:FFB_Engine:DI-UPDATE: resolved payload type=periodic_sine freq=89.85387082959784 mag_in=1000 unit=di duration_us=3669000 period_us=11129 phase=0
2026-07-30 14:15:46,219 INFO:FFB_Engine:DI-UPDATE: resolved payload type=periodic_sine freq=89.97878848529253 mag_in=1000 unit=di duration_us=3669000 period_us=11113 phase=0
2026-07-30 14:15:46,225 INFO:FFB_Engine:DI-UPDATE: resolved payload type=periodic_sine freq=90.12596114737087 mag_in=1000 unit=di duration_us=3669000 period_us=11095 phase=0
2026-07-30 14:15:46,229 INFO:FFB_Engine:DI-UPDATE: resolved payload type=periodic_sine freq=90.2276388543551 mag_in=1000 unit=di duration_us=3669000 period_us=11083 phase=0
2026-07-30 14:15:46,234 INFO:FFB_Engine:DI-UPDATE: resolved payload type=periodic_sine freq=90.33411229243043 mag_in=1000 unit=di duration_us=3669000 period_us=11070 phase=0
2026-07-30 14:15:46,240 INFO:FFB_Engine:DI-UPDATE: resolved payload type=periodic_sine freq=90.48160154311383 mag_in=1000 unit=di duration_us=3669000 period_us=11051 phase=0
2026-07-30 14:15:46,244 INFO:FFB_Engine:DI-UPDATE: resolved payload type=periodic_sine freq=90.58410003537037 mag_in=1000 unit=di duration_us=3669000 period_us=11039 phase=0
2026-07-30 14:15:46,251 INFO:FFB_Engine:DI-UPDATE: resolved payload type=periodic_sine freq=90.75669945263472 mag_in=1000 unit=di duration_us=3669000 period_us=11018 phase=0
2026-07-30 14:15:46,257 INFO:FFB_Engine:DI-UPDATE: resolved payload type=periodic_sine freq=90.90666864739089 mag_in=1000 unit=di duration_us=3669000 period_us=11000 phase=0
2026-07-30 14:15:46,263 INFO:FFB_Engine:DI-UPDATE: resolved payload type=periodic_sine freq=91.05184797380791 mag_in=1000 unit=di duration_us=3669000 period_us=10982 phase=0
2026-07-30 14:15:46,267 INFO:FFB_Engine:DI-UPDATE: resolved payload type=periodic_sine freq=91.15762374440177 mag_in=1000 unit=di duration_us=3669000 period_us=10970 phase=0
2026-07-30 14:15:46,271 INFO:FFB_Engine:DI-UPDATE: resolved payload type=periodic_sine freq=91.25903762754847 mag_in=1000 unit=di duration_us=3669000 period_us=10957 phase=0
2026-07-30 14:15:46,277 INFO:FFB_Engine:DI-UPDATE: resolved payload type=periodic_sine freq=91.40595232854123 mag_in=1000 unit=di duration_us=3669000 period_us=10940 phase=0
2026-07-30 14:15:46,284 INFO:FFB_Engine:DI-UPDATE: resolved payload type=periodic_sine freq=91.57305248448105 mag_in=1000 unit=di duration_us=3669000 period_us=10920 phase=0
2026-07-30 14:15:46,290 INFO:FFB_Engine:DI-UPDATE: resolved payload type=periodic_sine freq=91.72363726819148 mag_in=1000 unit=di duration_us=3669000 period_us=10902 phase=0
2026-07-30 14:15:46,296 INFO:FFB_Engine:DI-UPDATE: resolved payload type=periodic_sine freq=91.868869359376 mag_in=1000 unit=di duration_us=3669000 period_us=10885 phase=0
2026-07-30 14:15:46,303 INFO:FFB_Engine:DI-UPDATE: resolved payload type=periodic_sine freq=92.0302767831771 mag_in=1000 unit=di duration_us=3669000 period_us=10865 phase=0
2026-07-30 14:15:46,309 INFO:FFB_Engine:DI-UPDATE: resolved payload type=periodic_sine freq=92.17598962002113 mag_in=1000 unit=di duration_us=3669000 period_us=10848 phase=0
2026-07-30 14:15:46,313 INFO:FFB_Engine:DI-UPDATE: resolved payload type=periodic_sine freq=92.27714554208224 mag_in=1000 unit=di duration_us=3669000 period_us=10836 phase=0
2026-07-30 14:15:46,318 INFO:FFB_Engine:DI-UPDATE: resolved payload type=periodic_sine freq=92.39434781621713 mag_in=1000 unit=di duration_us=3669000 period_us=10823 phase=0
2026-07-30 14:15:46,322 INFO:FFB_Engine:DI-UPDATE: resolved payload type=periodic_sine freq=92.495744111108 mag_in=1000 unit=di duration_us=3669000 period_us=10811 phase=0
2026-07-30 14:15:46,326 INFO:FFB_Engine:DI-UPDATE: resolved payload type=periodic_sine freq=92.59604993413706 mag_in=1000 unit=di duration_us=3669000 period_us=10799 phase=0
2026-07-30 14:15:46,332 INFO:FFB_Engine:DI-UPDATE: resolved payload type=periodic_sine freq=92.74110028001128 mag_in=1000 unit=di duration_us=3669000 period_us=10782 phase=0
2026-07-30 14:15:46,337 INFO:FFB_Engine:DI-UPDATE: resolved payload type=periodic_sine freq=92.88270919049373 mag_in=1000 unit=di duration_us=3669000 period_us=10766 phase=0
2026-07-30 14:15:46,343 INFO:FFB_Engine:DI-UPDATE: resolved payload type=periodic_sine freq=93.02849824311302 mag_in=1000 unit=di duration_us=3669000 period_us=10749 phase=0
2026-07-30 14:15:46,351 INFO:FFB_Engine:DI-UPDATE: resolved payload type=periodic_sine freq=93.22321782346631 mag_in=1000 unit=di duration_us=3669000 period_us=10726 phase=0
2026-07-30 14:15:46,355 INFO:FFB_Engine:DI-UPDATE: resolved payload type=periodic_sine freq=93.32384609785237 mag_in=1000 unit=di duration_us=3669000 period_us=10715 phase=0
2026-07-30 14:15:46,361 INFO:FFB_Engine:DI-UPDATE: resolved payload type=periodic_sine freq=93.47127672101631 mag_in=1000 unit=di duration_us=3669000 period_us=10698 phase=0
2026-07-30 14:15:46,370 INFO:FFB_Engine:DI-UPDATE: resolved payload type=periodic_sine freq=93.6862814230997 mag_in=1000 unit=di duration_us=3669000 period_us=10673 phase=0
2026-07-30 14:15:46,376 INFO:FFB_Engine:DI-UPDATE: resolved payload type=periodic_sine freq=93.83305541804579 mag_in=1000 unit=di duration_us=3669000 period_us=10657 phase=0
2026-07-30 14:15:46,382 INFO:FFB_Engine:DI-UPDATE: resolved payload type=periodic_sine freq=93.98937397315854 mag_in=1000 unit=di duration_us=3669000 period_us=10639 phase=0
2026-07-30 14:15:46,388 INFO:FFB_Engine:DI-UPDATE: resolved payload type=periodic_sine freq=94.12770560530365 mag_in=1000 unit=di duration_us=3669000 period_us=10623 phase=0
2026-07-30 14:15:46,394 INFO:FFB_Engine:DI-UPDATE: resolved payload type=periodic_sine freq=94.27198793067306 mag_in=1000 unit=di duration_us=3669000 period_us=10607 phase=0
2026-07-30 14:15:46,400 INFO:FFB_Engine:DI-UPDATE: resolved payload type=periodic_sine freq=94.42186332139812 mag_in=1000 unit=di duration_us=3669000 period_us=10590 phase=0
2026-07-30 14:15:46,406 INFO:FFB_Engine:DI-UPDATE: resolved payload type=periodic_sine freq=94.56861972808838 mag_in=1000 unit=di duration_us=3669000 period_us=10574 phase=0
2026-07-30 14:15:46,410 INFO:FFB_Engine:DI-UPDATE: resolved payload type=periodic_sine freq=94.66869690379157 mag_in=1000 unit=di duration_us=3669000 period_us=10563 phase=0
2026-07-30 14:15:46,416 INFO:FFB_Engine:DI-UPDATE: resolved payload type=periodic_sine freq=94.81662586087086 mag_in=1000 unit=di duration_us=3669000 period_us=10546 phase=0
2026-07-30 14:15:46,422 INFO:FFB_Engine:DI-UPDATE: resolved payload type=periodic_sine freq=94.95894416433866 mag_in=1000 unit=di duration_us=3669000 period_us=10530 phase=0
2026-07-30 14:15:46,427 INFO:FFB_Engine:DI-UPDATE: resolved payload type=periodic_sine freq=95.0710458442813 mag_in=1000 unit=di duration_us=3669000 period_us=10518 phase=0
2026-07-30 14:15:46,432 INFO:FFB_Engine:DI-UPDATE: resolved payload type=periodic_sine freq=95.21711044624203 mag_in=1000 unit=di duration_us=3669000 period_us=10502 phase=0
2026-07-30 14:15:46,437 INFO:FFB_Engine:DI-UPDATE: resolved payload type=periodic_sine freq=95.32738881032975 mag_in=1000 unit=di duration_us=3669000 period_us=10490 phase=0
2026-07-30 14:15:46,443 INFO:FFB_Engine:DI-UPDATE: resolved payload type=periodic_sine freq=95.47445594287309 mag_in=1000 unit=di duration_us=3669000 period_us=10474 phase=0
2026-07-30 14:15:46,449 INFO:FFB_Engine:DI-UPDATE: resolved payload type=periodic_sine freq=95.62251974324711 mag_in=1000 unit=di duration_us=3669000 period_us=10457 phase=0
2026-07-30 14:15:46,453 INFO:FFB_Engine:DI-UPDATE: resolved payload type=periodic_sine freq=95.73481489400395 mag_in=1000 unit=di duration_us=3669000 period_us=10445 phase=0
2026-07-30 14:15:46,459 INFO:FFB_Engine:DI-UPDATE: resolved payload type=periodic_sine freq=95.88335357728552 mag_in=1000 unit=di duration_us=3669000 period_us=10429 phase=0
2026-07-30 14:15:46,465 INFO:FFB_Engine:DI-UPDATE: resolved payload type=periodic_sine freq=96.02951784602931 mag_in=1000 unit=di duration_us=3669000 period_us=10413 phase=0
2026-07-30 14:15:46,470 INFO:FFB_Engine:DI-UPDATE: resolved payload type=periodic_sine freq=96.13903991511611 mag_in=1000 unit=di duration_us=3669000 period_us=10401 phase=0
2026-07-30 14:15:46,476 INFO:FFB_Engine:DI-UPDATE: resolved payload type=periodic_sine freq=96.28749651987044 mag_in=1000 unit=di duration_us=3669000 period_us=10385 phase=0
2026-07-30 14:15:46,480 INFO:FFB_Engine:DI-UPDATE: resolved payload type=periodic_sine freq=96.38851173588486 mag_in=1000 unit=di duration_us=3669000 period_us=10374 phase=0
2026-07-30 14:15:46,487 INFO:FFB_Engine:DI-UPDATE: resolved payload type=periodic_sine freq=96.56451741202932 mag_in=1000 unit=di duration_us=3669000 period_us=10355 phase=0
2026-07-30 14:15:46,493 INFO:FFB_Engine:DI-UPDATE: resolved payload type=periodic_sine freq=96.71398827287017 mag_in=1000 unit=di duration_us=3669000 period_us=10339 phase=0
2026-07-30 14:15:46,499 INFO:FFB_Engine:DI-UPDATE: resolved payload type=periodic_sine freq=96.85874548114714 mag_in=1000 unit=di duration_us=3669000 period_us=10324 phase=0
2026-07-30 14:15:46,504 INFO:FFB_Engine:DI-UPDATE: resolved payload type=periodic_sine freq=96.97307500682894 mag_in=1000 unit=di duration_us=3669000 period_us=10312 phase=0
2026-07-30 14:15:46,510 INFO:FFB_Engine:DI-UPDATE: resolved payload type=periodic_sine freq=97.12061702227983 mag_in=1000 unit=di duration_us=3669000 period_us=10296 phase=0
2026-07-30 14:15:46,514 INFO:FFB_Engine:DI-UPDATE: resolved payload type=periodic_sine freq=97.22072937449471 mag_in=1000 unit=di duration_us=3669000 period_us=10285 phase=0
2026-07-30 14:15:46,521 INFO:FFB_Engine:DI-UPDATE: resolved payload type=periodic_sine freq=97.38986976811142 mag_in=1000 unit=di duration_us=3669000 period_us=10268 phase=0
2026-07-30 14:15:46,527 INFO:FFB_Engine:DI-UPDATE: resolved payload type=periodic_sine freq=97.53528360460625 mag_in=1000 unit=di duration_us=3669000 period_us=10252 phase=0
2026-07-30 14:15:46,533 INFO:FFB_Engine:DI-UPDATE: resolved payload type=periodic_sine freq=97.68281389455325 mag_in=1000 unit=di duration_us=3669000 period_us=10237 phase=0
2026-07-30 14:15:46,537 INFO:FFB_Engine:DI-UPDATE: resolved payload type=periodic_sine freq=97.79490971174395 mag_in=1000 unit=di duration_us=3669000 period_us=10225 phase=0
2026-07-30 14:15:46,541 INFO:FFB_Engine:DI-UPDATE: resolved payload type=periodic_sine freq=97.89537969182749 mag_in=1000 unit=di duration_us=3669000 period_us=10214 phase=0
2026-07-30 14:15:46,547 INFO:FFB_Engine:DI-UPDATE: resolved payload type=periodic_sine freq=98.04196607871134 mag_in=1000 unit=di duration_us=3669000 period_us=10199 phase=0
2026-07-30 14:15:46,554 INFO:FFB_Engine:DI-UPDATE: resolved payload type=periodic_sine freq=98.20142706886666 mag_in=1000 unit=di duration_us=3669000 period_us=10183 phase=0
2026-07-30 14:15:46,558 INFO:FFB_Engine:DI-UPDATE: resolved payload type=periodic_sine freq=98.3016508133685 mag_in=1000 unit=di duration_us=3669000 period_us=10172 phase=0
2026-07-30 14:15:46,564 INFO:FFB_Engine:DI-UPDATE: resolved payload type=periodic_sine freq=98.44819616098873 mag_in=1000 unit=di duration_us=3669000 period_us=10157 phase=0
2026-07-30 14:15:46,571 INFO:FFB_Engine:DI-UPDATE: resolved payload type=periodic_sine freq=98.61985753794185 mag_in=1000 unit=di duration_us=3669000 period_us=10139 phase=0
2026-07-30 14:15:46,577 INFO:FFB_Engine:DI-UPDATE: resolved payload type=periodic_sine freq=98.76620355199594 mag_in=1000 unit=di duration_us=3669000 period_us=10124 phase=0
2026-07-30 14:15:46,583 INFO:FFB_Engine:DI-UPDATE: resolved payload type=periodic_sine freq=98.91261405632143 mag_in=1000 unit=di duration_us=3669000 period_us=10109 phase=0
2026-07-30 14:15:46,587 INFO:FFB_Engine:DI-UPDATE: resolved payload type=periodic_sine freq=99.02883725088151 mag_in=1000 unit=di duration_us=3669000 period_us=10098 phase=0
2026-07-30 14:15:46,593 INFO:FFB_Engine:DI-UPDATE: resolved payload type=periodic_sine freq=99.17688346299968 mag_in=1000 unit=di duration_us=3669000 period_us=10082 phase=0
2026-07-30 14:15:46,599 INFO:FFB_Engine:DI-UPDATE: resolved payload type=periodic_sine freq=99.32516418519567 mag_in=1000 unit=di duration_us=3669000 period_us=10067 phase=0
2026-07-30 14:15:46,604 INFO:FFB_Engine:DI-UPDATE: resolved payload type=periodic_sine freq=99.43913608300882 mag_in=1000 unit=di duration_us=3669000 period_us=10056 phase=0
2026-07-30 14:15:46,610 INFO:FFB_Engine:DI-UPDATE: resolved payload type=periodic_sine freq=99.5873640404373 mag_in=1000 unit=di duration_us=3669000 period_us=10041 phase=0
2026-07-30 14:15:46,614 INFO:FFB_Engine:DI-UPDATE: resolved payload type=periodic_sine freq=99.68764641245856 mag_in=1000 unit=di duration_us=3669000 period_us=10031 phase=0
2026-07-30 14:15:46,621 INFO:FFB_Engine:DI-UPDATE: resolved payload type=periodic_sine freq=99.8499273862995 mag_in=1000 unit=di duration_us=3669000 period_us=10015 phase=0
2026-07-30 14:15:46,627 INFO:FFB_Engine:DI-UPDATE: resolved payload type=periodic_sine freq=99.99844848132524 mag_in=1000 unit=di duration_us=3669000 period_us=10000 phase=0
2026-07-30 14:15:54,074 INFO:FFB_Engine:DI-DESC: resolved payload type=periodic_sine mag_in=3276 unit=s16 length_us=3669000 period_us=100000 offset=0
2026-07-30 14:15:54,083 INFO:FFB_Engine:DI-UPDATE: resolved payload type=periodic_sine freq=10.246012797121141 mag_in=1000 unit=di duration_us=3669000 period_us=97598 phase=0
2026-07-30 14:15:54,089 INFO:FFB_Engine:DI-UPDATE: resolved payload type=periodic_sine freq=10.388430767372006 mag_in=1000 unit=di duration_us=3669000 period_us=96260 phase=0
2026-07-30 14:15:54,093 INFO:FFB_Engine:DI-UPDATE: resolved payload type=periodic_sine freq=10.489991219317327 mag_in=1000 unit=di duration_us=3669000 period_us=95328 phase=0
2026-07-30 14:15:54,099 INFO:FFB_Engine:DI-UPDATE: resolved payload type=periodic_sine freq=10.636817979030921 mag_in=1000 unit=di duration_us=3669000 period_us=94013 phase=0
2026-07-30 14:15:54,105 INFO:FFB_Engine:DI-UPDATE: resolved payload type=periodic_sine freq=10.788065253711137 mag_in=1000 unit=di duration_us=3669000 period_us=92695 phase=0
2026-07-30 14:15:54,109 INFO:FFB_Engine:DI-UPDATE: resolved payload type=periodic_sine freq=10.889883666742044 mag_in=1000 unit=di duration_us=3669000 period_us=91828 phase=0
2026-07-30 14:15:54,115 INFO:FFB_Engine:DI-UPDATE: resolved payload type=periodic_sine freq=11.037390505681273 mag_in=1000 unit=di duration_us=3669000 period_us=90601 phase=0
2026-07-30 14:15:54,122 INFO:FFB_Engine:DI-UPDATE: resolved payload type=periodic_sine freq=11.20474862270668 mag_in=1000 unit=di duration_us=3669000 period_us=89247 phase=0
2026-07-30 14:15:54,128 INFO:FFB_Engine:DI-UPDATE: resolved payload type=periodic_sine freq=11.35525719064181 mag_in=1000 unit=di duration_us=3669000 period_us=88064 phase=0
2026-07-30 14:15:54,134 INFO:FFB_Engine:DI-UPDATE: resolved payload type=periodic_sine freq=11.502758166829093 mag_in=1000 unit=di duration_us=3669000 period_us=86935 phase=0
2026-07-30 14:15:54,138 INFO:FFB_Engine:DI-UPDATE: resolved payload type=periodic_sine freq=11.60749623032867 mag_in=1000 unit=di duration_us=3669000 period_us=86151 phase=0
2026-07-30 14:15:54,142 INFO:FFB_Engine:DI-UPDATE: resolved payload type=periodic_sine freq=11.708054151691375 mag_in=1000 unit=di duration_us=3669000 period_us=85411 phase=0
2026-07-30 14:15:54,148 INFO:FFB_Engine:DI-UPDATE: resolved payload type=periodic_sine freq=11.857437071253042 mag_in=1000 unit=di duration_us=3669000 period_us=84335 phase=0
2026-07-30 14:15:54,155 INFO:FFB_Engine:DI-UPDATE: resolved payload type=periodic_sine freq=12.023335363044113 mag_in=1000 unit=di duration_us=3669000 period_us=83171 phase=0
2026-07-30 14:15:54,161 INFO:FFB_Engine:DI-UPDATE: resolved payload type=periodic_sine freq=12.170402495587458 mag_in=1000 unit=di duration_us=3669000 period_us=82166 phase=0
2026-07-30 14:15:54,167 INFO:FFB_Engine:DI-UPDATE: resolved payload type=periodic_sine freq=12.318020726813645 mag_in=1000 unit=di duration_us=3669000 period_us=81181 phase=0
2026-07-30 14:15:54,172 INFO:FFB_Engine:DI-UPDATE: resolved payload type=periodic_sine freq=12.431400486680328 mag_in=1000 unit=di duration_us=3669000 period_us=80441 phase=0
2026-07-30 14:15:54,178 INFO:FFB_Engine:DI-UPDATE: resolved payload type=periodic_sine freq=12.579089070929856 mag_in=1000 unit=di duration_us=3669000 period_us=79497 phase=0
2026-07-30 14:15:54,182 INFO:FFB_Engine:DI-UPDATE: resolved payload type=periodic_sine freq=12.684313742840876 mag_in=1000 unit=di duration_us=3669000 period_us=78837 phase=0
2026-07-30 14:15:54,188 INFO:FFB_Engine:DI-UPDATE: resolved payload type=periodic_sine freq=12.838334099191133 mag_in=1000 unit=di duration_us=3669000 period_us=77891 phase=0
2026-07-30 14:15:54,194 INFO:FFB_Engine:DI-UPDATE: resolved payload type=periodic_sine freq=12.985582977044778 mag_in=1000 unit=di duration_us=3669000 period_us=77008 phase=0
2026-07-30 14:15:54,198 INFO:FFB_Engine:DI-UPDATE: resolved payload type=periodic_sine freq=13.086351957477508 mag_in=1000 unit=di duration_us=3669000 period_us=76415 phase=0
2026-07-30 14:15:54,205 INFO:FFB_Engine:DI-UPDATE: resolved payload type=periodic_sine freq=13.250895953569255 mag_in=1000 unit=di duration_us=3669000 period_us=75466 phase=0
2026-07-30 14:15:54,211 INFO:FFB_Engine:DI-UPDATE: resolved payload type=periodic_sine freq=13.401140697666856 mag_in=1000 unit=di duration_us=3669000 period_us=74620 phase=0
2026-07-30 14:15:54,217 INFO:FFB_Engine:DI-UPDATE: resolved payload type=periodic_sine freq=13.548682713117756 mag_in=1000 unit=di duration_us=3669000 period_us=73807 phase=0
2026-07-30 14:15:54,222 INFO:FFB_Engine:DI-UPDATE: resolved payload type=periodic_sine freq=13.66232629682197 mag_in=1000 unit=di duration_us=3669000 period_us=73193 phase=0
2026-07-30 14:15:54,228 INFO:FFB_Engine:DI-UPDATE: resolved payload type=periodic_sine freq=13.80988003777676 mag_in=1000 unit=di duration_us=3669000 period_us=72411 phase=0
2026-07-30 14:15:54,234 INFO:FFB_Engine:DI-UPDATE: resolved payload type=periodic_sine freq=13.956841640785091 mag_in=1000 unit=di duration_us=3669000 period_us=71649 phase=0
2026-07-30 14:15:54,239 INFO:FFB_Engine:DI-UPDATE: resolved payload type=periodic_sine freq=14.07707495767562 mag_in=1000 unit=di duration_us=3669000 period_us=71037 phase=0
2026-07-30 14:15:54,245 INFO:FFB_Engine:DI-UPDATE: resolved payload type=periodic_sine freq=14.22534981711966 mag_in=1000 unit=di duration_us=3669000 period_us=70297 phase=0
2026-07-30 14:15:54,249 INFO:FFB_Engine:DI-UPDATE: resolved payload type=periodic_sine freq=14.32679301402608 mag_in=1000 unit=di duration_us=3669000 period_us=69799 phase=0
2026-07-30 14:15:54,255 INFO:FFB_Engine:DI-UPDATE: resolved payload type=periodic_sine freq=14.478479995102179 mag_in=1000 unit=di duration_us=3669000 period_us=69068 phase=0
2026-07-30 14:15:54,259 INFO:FFB_Engine:DI-UPDATE: resolved payload type=periodic_sine freq=14.578703739604013 mag_in=1000 unit=di duration_us=3669000 period_us=68593 phase=0
2026-07-30 14:15:54,265 INFO:FFB_Engine:DI-UPDATE: resolved payload type=periodic_sine freq=14.725501185557881 mag_in=1000 unit=di duration_us=3669000 period_us=67909 phase=0
2026-07-30 14:15:54,272 INFO:FFB_Engine:DI-UPDATE: resolved payload type=periodic_sine freq=14.891540183395636 mag_in=1000 unit=di duration_us=3669000 period_us=67152 phase=0
2026-07-30 14:15:54,276 INFO:FFB_Engine:DI-UPDATE: resolved payload type=periodic_sine freq=14.992438144371157 mag_in=1000 unit=di duration_us=3669000 period_us=66700 phase=0
2026-07-30 14:15:54,282 INFO:FFB_Engine:DI-UPDATE: resolved payload type=periodic_sine freq=15.137957510400991 mag_in=1000 unit=di duration_us=3669000 period_us=66059 phase=0
2026-07-30 14:15:54,288 INFO:FFB_Engine:DI-UPDATE: resolved payload type=periodic_sine freq=15.299992248660228 mag_in=1000 unit=di duration_us=3669000 period_us=65359 phase=0
2026-07-30 14:15:54,294 INFO:FFB_Engine:DI-UPDATE: resolved payload type=periodic_sine freq=15.449680031323041 mag_in=1000 unit=di duration_us=3669000 period_us=64726 phase=0
2026-07-30 14:15:54,300 INFO:FFB_Engine:DI-UPDATE: resolved payload type=periodic_sine freq=15.597046164215588 mag_in=1000 unit=di duration_us=3669000 period_us=64114 phase=0
2026-07-30 14:15:54,305 INFO:FFB_Engine:DI-UPDATE: resolved payload type=periodic_sine freq=15.70676170411657 mag_in=1000 unit=di duration_us=3669000 period_us=63666 phase=0
2026-07-30 14:15:54,309 INFO:FFB_Engine:DI-UPDATE: resolved payload type=periodic_sine freq=15.812924416338811 mag_in=1000 unit=di duration_us=3669000 period_us=63239 phase=0
2026-07-30 14:15:54,313 INFO:FFB_Engine:DI-UPDATE: resolved payload type=periodic_sine freq=15.91324782762371 mag_in=1000 unit=di duration_us=3669000 period_us=62840 phase=0
2026-07-30 14:15:54,319 INFO:FFB_Engine:DI-UPDATE: resolved payload type=periodic_sine freq=16.057664996287862 mag_in=1000 unit=di duration_us=3669000 period_us=62275 phase=0
2026-07-30 14:15:54,324 INFO:FFB_Engine:DI-UPDATE: resolved payload type=periodic_sine freq=16.175699781198972 mag_in=1000 unit=di duration_us=3669000 period_us=61821 phase=0
2026-07-30 14:15:54,330 INFO:FFB_Engine:DI-UPDATE: resolved payload type=periodic_sine freq=16.322579305680073 mag_in=1000 unit=di duration_us=3669000 period_us=61264 phase=0
2026-07-30 14:15:54,336 INFO:FFB_Engine:DI-UPDATE: resolved payload type=periodic_sine freq=16.471329048031667 mag_in=1000 unit=di duration_us=3669000 period_us=60711 phase=0
2026-07-30 14:15:54,340 INFO:FFB_Engine:DI-UPDATE: resolved payload type=periodic_sine freq=16.579930665063074 mag_in=1000 unit=di duration_us=3669000 period_us=60313 phase=0
2026-07-30 14:15:54,346 INFO:FFB_Engine:DI-UPDATE: resolved payload type=periodic_sine freq=16.729952624586762 mag_in=1000 unit=di duration_us=3669000 period_us=59773 phase=0
2026-07-30 14:15:54,352 INFO:FFB_Engine:DI-UPDATE: resolved payload type=periodic_sine freq=16.874903303677918 mag_in=1000 unit=di duration_us=3669000 period_us=59259 phase=0
2026-07-30 14:15:54,357 INFO:FFB_Engine:DI-UPDATE: resolved payload type=periodic_sine freq=16.996690249833904 mag_in=1000 unit=di duration_us=3669000 period_us=58834 phase=0
2026-07-30 14:15:54,363 INFO:FFB_Engine:DI-UPDATE: resolved payload type=periodic_sine freq=17.144290892804257 mag_in=1000 unit=di duration_us=3669000 period_us=58328 phase=0
2026-07-30 14:15:54,369 INFO:FFB_Engine:DI-UPDATE: resolved payload type=periodic_sine freq=17.294547362405744 mag_in=1000 unit=di duration_us=3669000 period_us=57821 phase=0
2026-07-30 14:15:54,374 INFO:FFB_Engine:DI-UPDATE: resolved payload type=periodic_sine freq=17.40144878137307 mag_in=1000 unit=di duration_us=3669000 period_us=57466 phase=0
2026-07-30 14:15:54,378 INFO:FFB_Engine:DI-UPDATE: resolved payload type=periodic_sine freq=17.50150836882044 mag_in=1000 unit=di duration_us=3669000 period_us=57137 phase=0
2026-07-30 14:15:54,384 INFO:FFB_Engine:DI-UPDATE: resolved payload type=periodic_sine freq=17.648974168496053 mag_in=1000 unit=di duration_us=3669000 period_us=56660 phase=0
2026-07-30 14:15:54,388 INFO:FFB_Engine:DI-UPDATE: resolved payload type=periodic_sine freq=17.7609585933998 mag_in=1000 unit=di duration_us=3669000 period_us=56303 phase=0
2026-07-30 14:15:54,392 INFO:FFB_Engine:DI-UPDATE: resolved payload type=periodic_sine freq=17.861059220110782 mag_in=1000 unit=di duration_us=3669000 period_us=55987 phase=0
2026-07-30 14:15:54,398 INFO:FFB_Engine:DI-UPDATE: resolved payload type=periodic_sine freq=18.009439609089835 mag_in=1000 unit=di duration_us=3669000 period_us=55526 phase=0
2026-07-30 14:15:54,405 INFO:FFB_Engine:DI-UPDATE: resolved payload type=periodic_sine freq=18.179541494025557 mag_in=1000 unit=di duration_us=3669000 period_us=55006 phase=0
2026-07-30 14:15:54,411 INFO:FFB_Engine:DI-UPDATE: resolved payload type=periodic_sine freq=18.328613687734133 mag_in=1000 unit=di duration_us=3669000 period_us=54559 phase=0
2026-07-30 14:15:54,417 INFO:FFB_Engine:DI-UPDATE: resolved payload type=periodic_sine freq=18.475305604152993 mag_in=1000 unit=di duration_us=3669000 period_us=54126 phase=0
2026-07-30 14:15:54,422 INFO:FFB_Engine:DI-UPDATE: resolved payload type=periodic_sine freq=18.582148395600868 mag_in=1000 unit=di duration_us=3669000 period_us=53815 phase=0
2026-07-30 14:15:54,426 INFO:FFB_Engine:DI-UPDATE: resolved payload type=periodic_sine freq=18.683532964987833 mag_in=1000 unit=di duration_us=3669000 period_us=53523 phase=0
2026-07-30 14:15:54,432 INFO:FFB_Engine:DI-UPDATE: resolved payload type=periodic_sine freq=18.832452727145835 mag_in=1000 unit=di duration_us=3669000 period_us=53099 phase=0
2026-07-30 14:15:54,438 INFO:FFB_Engine:DI-UPDATE: resolved payload type=periodic_sine freq=18.990195930981244 mag_in=1000 unit=di duration_us=3669000 period_us=52658 phase=0
2026-07-30 14:15:54,444 INFO:FFB_Engine:DI-UPDATE: resolved payload type=periodic_sine freq=19.1369523376715 mag_in=1000 unit=di duration_us=3669000 period_us=52254 phase=0
2026-07-30 14:15:54,450 INFO:FFB_Engine:DI-UPDATE: resolved payload type=periodic_sine freq=19.287414003591067 mag_in=1000 unit=di duration_us=3669000 period_us=51847 phase=0
2026-07-30 14:15:54,455 INFO:FFB_Engine:DI-UPDATE: resolved payload type=periodic_sine freq=19.401661450745628 mag_in=1000 unit=di duration_us=3669000 period_us=51541 phase=0
2026-07-30 14:15:54,461 INFO:FFB_Engine:DI-UPDATE: resolved payload type=periodic_sine freq=19.551824116316 mag_in=1000 unit=di duration_us=3669000 period_us=51146 phase=0
2026-07-30 14:15:54,467 INFO:FFB_Engine:DI-UPDATE: resolved payload type=periodic_sine freq=19.699307504247447 mag_in=1000 unit=di duration_us=3669000 period_us=50763 phase=0
2026-07-30 14:15:54,472 INFO:FFB_Engine:DI-UPDATE: resolved payload type=periodic_sine freq=19.813543225898115 mag_in=1000 unit=di duration_us=3669000 period_us=50470 phase=0
2026-07-30 14:15:54,476 INFO:FFB_Engine:DI-UPDATE: resolved payload type=periodic_sine freq=19.914142186524437 mag_in=1000 unit=di duration_us=3669000 period_us=50215 phase=0
2026-07-30 14:15:54,482 INFO:FFB_Engine:DI-UPDATE: resolved payload type=periodic_sine freq=20.063255419496627 mag_in=1000 unit=di duration_us=3669000 period_us=49842 phase=0
2026-07-30 14:15:54,489 INFO:FFB_Engine:DI-UPDATE: resolved payload type=periodic_sine freq=20.232202342299164 mag_in=1000 unit=di duration_us=3669000 period_us=49426 phase=0
2026-07-30 14:15:54,495 INFO:FFB_Engine:DI-UPDATE: resolved payload type=periodic_sine freq=20.379867475540912 mag_in=1000 unit=di duration_us=3669000 period_us=49068 phase=0
2026-07-30 14:15:54,501 INFO:FFB_Engine:DI-UPDATE: resolved payload type=periodic_sine freq=20.529737003514022 mag_in=1000 unit=di duration_us=3669000 period_us=48709 phase=0
2026-07-30 14:15:54,505 INFO:FFB_Engine:DI-UPDATE: resolved payload type=periodic_sine freq=20.63172543635134 mag_in=1000 unit=di duration_us=3669000 period_us=48469 phase=0
2026-07-30 14:15:54,509 INFO:FFB_Engine:DI-UPDATE: resolved payload type=periodic_sine freq=20.733426594343342 mag_in=1000 unit=di duration_us=3669000 period_us=48231 phase=0
2026-07-30 14:15:54,515 INFO:FFB_Engine:DI-UPDATE: resolved payload type=periodic_sine freq=20.879930902699954 mag_in=1000 unit=di duration_us=3669000 period_us=47892 phase=0
2026-07-30 14:15:54,522 INFO:FFB_Engine:DI-UPDATE: resolved payload type=periodic_sine freq=21.04072860029877 mag_in=1000 unit=di duration_us=3669000 period_us=47526 phase=0
2026-07-30 14:15:54,528 INFO:FFB_Engine:DI-UPDATE: resolved payload type=periodic_sine freq=21.19066261854328 mag_in=1000 unit=di duration_us=3669000 period_us=47190 phase=0
2026-07-30 14:15:54,534 INFO:FFB_Engine:DI-UPDATE: resolved payload type=periodic_sine freq=21.338222222250018 mag_in=1000 unit=di duration_us=3669000 period_us=46864 phase=0
2026-07-30 14:15:54,538 INFO:FFB_Engine:DI-UPDATE: resolved payload type=periodic_sine freq=21.450136294130417 mag_in=1000 unit=di duration_us=3669000 period_us=46619 phase=0
2026-07-30 14:15:54,544 INFO:FFB_Engine:DI-UPDATE: resolved payload type=periodic_sine freq=21.599296429118173 mag_in=1000 unit=di duration_us=3669000 period_us=46297 phase=0
2026-07-30 14:15:54,550 INFO:FFB_Engine:DI-UPDATE: resolved payload type=periodic_sine freq=21.74669773852239 mag_in=1000 unit=di duration_us=3669000 period_us=45983 phase=0
2026-07-30 14:15:54,555 INFO:FFB_Engine:DI-UPDATE: resolved payload type=periodic_sine freq=21.859233262108972 mag_in=1000 unit=di duration_us=3669000 period_us=45747 phase=0
2026-07-30 14:15:54,559 INFO:FFB_Engine:DI-UPDATE: resolved payload type=periodic_sine freq=21.95929284955634 mag_in=1000 unit=di duration_us=3669000 period_us=45538 phase=0
2026-07-30 14:15:54,565 INFO:FFB_Engine:DI-UPDATE: resolved payload type=periodic_sine freq=22.10822433721824 mag_in=1000 unit=di duration_us=3669000 period_us=45232 phase=0
2026-07-30 14:15:54,572 INFO:FFB_Engine:DI-UPDATE: resolved payload type=periodic_sine freq=22.275629356259206 mag_in=1000 unit=di duration_us=3669000 period_us=44892 phase=0
2026-07-30 14:15:54,578 INFO:FFB_Engine:DI-UPDATE: resolved payload type=periodic_sine freq=22.42335897977235 mag_in=1000 unit=di duration_us=3669000 period_us=44596 phase=0
2026-07-30 14:15:54,584 INFO:FFB_Engine:DI-UPDATE: resolved payload type=periodic_sine freq=22.57154589793721 mag_in=1000 unit=di duration_us=3669000 period_us=44303 phase=0
2026-07-30 14:15:54,588 INFO:FFB_Engine:DI-UPDATE: resolved payload type=periodic_sine freq=22.678077963531994 mag_in=1000 unit=di duration_us=3669000 period_us=44095 phase=0
2026-07-30 14:15:54,592 INFO:FFB_Engine:DI-UPDATE: resolved payload type=periodic_sine freq=22.778483453344126 mag_in=1000 unit=di duration_us=3669000 period_us=43901 phase=0
2026-07-30 14:15:54,598 INFO:FFB_Engine:DI-UPDATE: resolved payload type=periodic_sine freq=22.926412410423403 mag_in=1000 unit=di duration_us=3669000 period_us=43617 phase=0
2026-07-30 14:15:54,605 INFO:FFB_Engine:DI-UPDATE: resolved payload type=periodic_sine freq=23.08770257918561 mag_in=1000 unit=di duration_us=3669000 period_us=43313 phase=0
2026-07-30 14:15:54,611 INFO:FFB_Engine:DI-UPDATE: resolved payload type=periodic_sine freq=23.238316676655753 mag_in=1000 unit=di duration_us=3669000 period_us=43032 phase=0
2026-07-30 14:15:54,617 INFO:FFB_Engine:DI-UPDATE: resolved payload type=periodic_sine freq=23.38330253225858 mag_in=1000 unit=di duration_us=3669000 period_us=42765 phase=0
2026-07-30 14:15:54,622 INFO:FFB_Engine:DI-UPDATE: resolved payload type=periodic_sine freq=23.50074517922323 mag_in=1000 unit=di duration_us=3669000 period_us=42551 phase=0
2026-07-30 14:15:54,628 INFO:FFB_Engine:DI-UPDATE: resolved payload type=periodic_sine freq=23.649840823939588 mag_in=1000 unit=di duration_us=3669000 period_us=42283 phase=0
2026-07-30 14:15:54,634 INFO:FFB_Engine:DI-UPDATE: resolved payload type=periodic_sine freq=23.797881173305825 mag_in=1000 unit=di duration_us=3669000 period_us=42020 phase=0
2026-07-30 14:15:54,639 INFO:FFB_Engine:DI-UPDATE: resolved payload type=periodic_sine freq=23.917428548218773 mag_in=1000 unit=di duration_us=3669000 period_us=41810 phase=0
2026-07-30 14:15:54,645 INFO:FFB_Engine:DI-UPDATE: resolved payload type=periodic_sine freq=24.067128056385478 mag_in=1000 unit=di duration_us=3669000 period_us=41550 phase=0
2026-07-30 14:15:54,649 INFO:FFB_Engine:DI-UPDATE: resolved payload type=periodic_sine freq=24.167187643832847 mag_in=1000 unit=di duration_us=3669000 period_us=41378 phase=0
2026-07-30 14:15:54,656 INFO:FFB_Engine:DI-UPDATE: resolved payload type=periodic_sine freq=24.33122158050537 mag_in=1000 unit=di duration_us=3669000 period_us=41099 phase=0
2026-07-30 14:15:54,662 INFO:FFB_Engine:DI-UPDATE: resolved payload type=periodic_sine freq=24.479818891306394 mag_in=1000 unit=di duration_us=3669000 period_us=40849 phase=0
2026-07-30 14:15:54,668 INFO:FFB_Engine:DI-UPDATE: resolved payload type=periodic_sine freq=24.627607142338988 mag_in=1000 unit=di duration_us=3669000 period_us=40604 phase=0
2026-07-30 14:15:54,672 INFO:FFB_Engine:DI-UPDATE: resolved payload type=periodic_sine freq=24.732075519249086 mag_in=1000 unit=di duration_us=3669000 period_us=40433 phase=0
2026-07-30 14:15:54,676 INFO:FFB_Engine:DI-UPDATE: resolved payload type=periodic_sine freq=24.832176145960073 mag_in=1000 unit=di duration_us=3669000 period_us=40270 phase=0
2026-07-30 14:15:54,682 INFO:FFB_Engine:DI-UPDATE: resolved payload type=periodic_sine freq=24.979882318465435 mag_in=1000 unit=di duration_us=3669000 period_us=40032 phase=0
2026-07-30 14:15:54,686 INFO:FFB_Engine:DI-UPDATE: resolved payload type=periodic_sine freq=25.081595201961328 mag_in=1000 unit=di duration_us=3669000 period_us=39869 phase=0
2026-07-30 14:15:54,691 INFO:FFB_Engine:DI-UPDATE: resolved payload type=periodic_sine freq=25.198023592839476 mag_in=1000 unit=di duration_us=3669000 period_us=39685 phase=0
2026-07-30 14:15:54,697 INFO:FFB_Engine:DI-UPDATE: resolved payload type=periodic_sine freq=25.345987726430423 mag_in=1000 unit=di duration_us=3669000 period_us=39453 phase=0
2026-07-30 14:15:54,703 INFO:FFB_Engine:DI-UPDATE: resolved payload type=periodic_sine freq=25.493189702268506 mag_in=1000 unit=di duration_us=3669000 period_us=39226 phase=0
2026-07-30 14:15:54,707 INFO:FFB_Engine:DI-UPDATE: resolved payload type=periodic_sine freq=25.60207273139328 mag_in=1000 unit=di duration_us=3669000 period_us=39059 phase=0
2026-07-30 14:15:54,711 INFO:FFB_Engine:DI-UPDATE: resolved payload type=periodic_sine freq=25.702460632949578 mag_in=1000 unit=di duration_us=3669000 period_us=38906 phase=0
2026-07-30 14:15:54,717 INFO:FFB_Engine:DI-UPDATE: resolved payload type=periodic_sine freq=25.849990922896588 mag_in=1000 unit=di duration_us=3669000 period_us=38684 phase=0
2026-07-30 14:15:54,722 INFO:FFB_Engine:DI-UPDATE: resolved payload type=periodic_sine freq=25.960732444387965 mag_in=1000 unit=di duration_us=3669000 period_us=38519 phase=0
2026-07-30 14:15:54,726 INFO:FFB_Engine:DI-UPDATE: resolved payload type=periodic_sine freq=26.06126691474289 mag_in=1000 unit=di duration_us=3669000 period_us=38371 phase=0
2026-07-30 14:15:54,732 INFO:FFB_Engine:DI-UPDATE: resolved payload type=periodic_sine freq=26.210157363141168 mag_in=1000 unit=di duration_us=3669000 period_us=38153 phase=0
2026-07-30 14:15:54,739 INFO:FFB_Engine:DI-UPDATE: resolved payload type=periodic_sine freq=26.384867371105756 mag_in=1000 unit=di duration_us=3669000 period_us=37900 phase=0
2026-07-30 14:15:54,745 INFO:FFB_Engine:DI-UPDATE: resolved payload type=periodic_sine freq=26.5340392315974 mag_in=1000 unit=di duration_us=3669000 period_us=37687 phase=0
2026-07-30 14:15:54,751 INFO:FFB_Engine:DI-UPDATE: resolved payload type=periodic_sine freq=26.678714361347133 mag_in=1000 unit=di duration_us=3669000 period_us=37483 phase=0
2026-07-30 14:15:54,755 INFO:FFB_Engine:DI-UPDATE: resolved payload type=periodic_sine freq=26.781969148604595 mag_in=1000 unit=di duration_us=3669000 period_us=37338 phase=0
2026-07-30 14:15:54,759 INFO:FFB_Engine:DI-UPDATE: resolved payload type=periodic_sine freq=26.88340648275907 mag_in=1000 unit=di duration_us=3669000 period_us=37197 phase=0
2026-07-30 14:15:54,766 INFO:FFB_Engine:DI-UPDATE: resolved payload type=periodic_sine freq=27.033616050345 mag_in=1000 unit=di duration_us=3669000 period_us=36990 phase=0
2026-07-30 14:15:54,770 INFO:FFB_Engine:DI-UPDATE: resolved payload type=periodic_sine freq=27.13466058011915 mag_in=1000 unit=di duration_us=3669000 period_us=36853 phase=0
2026-07-30 14:15:54,774 INFO:FFB_Engine:DI-UPDATE: resolved payload type=periodic_sine freq=27.24752441781466 mag_in=1000 unit=di duration_us=3669000 period_us=36700 phase=0
2026-07-30 14:15:54,780 INFO:FFB_Engine:DI-UPDATE: resolved payload type=periodic_sine freq=27.397241514237198 mag_in=1000 unit=di duration_us=3669000 period_us=36500 phase=0
2026-07-30 14:15:54,786 INFO:FFB_Engine:DI-UPDATE: resolved payload type=periodic_sine freq=27.54850637717325 mag_in=1000 unit=di duration_us=3669000 period_us=36299 phase=0
2026-07-30 14:15:54,791 INFO:FFB_Engine:DI-UPDATE: resolved payload type=periodic_sine freq=27.654375951798237 mag_in=1000 unit=di duration_us=3669000 period_us=36160 phase=0
2026-07-30 14:15:54,797 INFO:FFB_Engine:DI-UPDATE: resolved payload type=periodic_sine freq=27.801572064884372 mag_in=1000 unit=di duration_us=3669000 period_us=35969 phase=0
2026-07-30 14:15:54,801 INFO:FFB_Engine:DI-UPDATE: resolved payload type=periodic_sine freq=27.902106535239298 mag_in=1000 unit=di duration_us=3669000 period_us=35839 phase=0
2026-07-30 14:15:54,805 INFO:FFB_Engine:DI-UPDATE: resolved payload type=periodic_sine freq=28.017379963984254 mag_in=1000 unit=di duration_us=3669000 period_us=35692 phase=0
2026-07-30 14:15:54,810 INFO:FFB_Engine:DI-UPDATE: resolved payload type=periodic_sine freq=28.11755094371858 mag_in=1000 unit=di duration_us=3669000 period_us=35564 phase=0
2026-07-30 14:15:54,816 INFO:FFB_Engine:DI-UPDATE: resolved payload type=periodic_sine freq=28.26528642998367 mag_in=1000 unit=di duration_us=3669000 period_us=35379 phase=0
2026-07-30 14:15:54,822 INFO:FFB_Engine:DI-UPDATE: resolved payload type=periodic_sine freq=28.42523989130239 mag_in=1000 unit=di duration_us=3669000 period_us=35180 phase=0
2026-07-30 14:15:54,828 INFO:FFB_Engine:DI-UPDATE: resolved payload type=periodic_sine freq=28.572858122528576 mag_in=1000 unit=di duration_us=3669000 period_us=34998 phase=0
2026-07-30 14:15:54,834 INFO:FFB_Engine:DI-UPDATE: resolved payload type=periodic_sine freq=28.72154923736072 mag_in=1000 unit=di duration_us=3669000 period_us=34817 phase=0
2026-07-30 14:15:54,839 INFO:FFB_Engine:DI-UPDATE: resolved payload type=periodic_sine freq=28.835591488197203 mag_in=1000 unit=di duration_us=3669000 period_us=34679 phase=0
2026-07-30 14:15:54,843 INFO:FFB_Engine:DI-UPDATE: resolved payload type=periodic_sine freq=28.936002840761276 mag_in=1000 unit=di duration_us=3669000 period_us=34559 phase=0
2026-07-30 14:15:54,849 INFO:FFB_Engine:DI-UPDATE: resolved payload type=periodic_sine freq=29.083925935088608 mag_in=1000 unit=di duration_us=3669000 period_us=34383 phase=0
2026-07-30 14:15:54,856 INFO:FFB_Engine:DI-UPDATE: resolved payload type=periodic_sine freq=29.249278990948785 mag_in=1000 unit=di duration_us=3669000 period_us=34188 phase=0
2026-07-30 14:15:54,862 INFO:FFB_Engine:DI-UPDATE: resolved payload type=periodic_sine freq=29.396240593957117 mag_in=1000 unit=di duration_us=3669000 period_us=34017 phase=0
2026-07-30 14:15:54,868 INFO:FFB_Engine:DI-UPDATE: resolved payload type=periodic_sine freq=29.54372984464051 mag_in=1000 unit=di duration_us=3669000 period_us=33848 phase=0
2026-07-30 14:15:54,872 INFO:FFB_Engine:DI-UPDATE: resolved payload type=periodic_sine freq=29.65362712985179 mag_in=1000 unit=di duration_us=3669000 period_us=33722 phase=0
2026-07-30 14:15:54,878 INFO:FFB_Engine:DI-UPDATE: resolved payload type=periodic_sine freq=29.80297487290179 mag_in=1000 unit=di duration_us=3669000 period_us=33553 phase=0
2026-07-30 14:15:54,884 INFO:FFB_Engine:DI-UPDATE: resolved payload type=periodic_sine freq=29.950581378624086 mag_in=1000 unit=di duration_us=3669000 period_us=33388 phase=0
2026-07-30 14:15:54,889 INFO:FFB_Engine:DI-UPDATE: resolved payload type=periodic_sine freq=30.062378195465588 mag_in=1000 unit=di duration_us=3669000 period_us=33264 phase=0
2026-07-30 14:15:54,893 INFO:FFB_Engine:DI-UPDATE: resolved payload type=periodic_sine freq=30.162642979231038 mag_in=1000 unit=di duration_us=3669000 period_us=33153 phase=0
2026-07-30 14:15:54,899 INFO:FFB_Engine:DI-UPDATE: resolved payload type=periodic_sine freq=30.312688389762503 mag_in=1000 unit=di duration_us=3669000 period_us=32989 phase=0
2026-07-30 14:15:54,906 INFO:FFB_Engine:DI-UPDATE: resolved payload type=periodic_sine freq=30.486923514819534 mag_in=1000 unit=di duration_us=3669000 period_us=32800 phase=0
2026-07-30 14:15:54,912 INFO:FFB_Engine:DI-UPDATE: resolved payload type=periodic_sine freq=30.63546806085305 mag_in=1000 unit=di duration_us=3669000 period_us=32641 phase=0
2026-07-30 14:15:54,918 INFO:FFB_Engine:DI-UPDATE: resolved payload type=periodic_sine freq=30.782277232310808 mag_in=1000 unit=di duration_us=3669000 period_us=32486 phase=0
2026-07-30 14:15:54,924 INFO:FFB_Engine:DI-UPDATE: resolved payload type=periodic_sine freq=30.930692797801534 mag_in=1000 unit=di duration_us=3669000 period_us=32330 phase=0
2026-07-30 14:15:54,930 INFO:FFB_Engine:DI-UPDATE: resolved payload type=periodic_sine freq=31.078750735423604 mag_in=1000 unit=di duration_us=3669000 period_us=32176 phase=0
2026-07-30 14:15:54,936 INFO:FFB_Engine:DI-UPDATE: resolved payload type=periodic_sine freq=31.226281025370614 mag_in=1000 unit=di duration_us=3669000 period_us=32024 phase=0
2026-07-30 14:15:54,941 INFO:FFB_Engine:DI-UPDATE: resolved payload type=periodic_sine freq=31.347681029898222 mag_in=1000 unit=di duration_us=3669000 period_us=31900 phase=0
2026-07-30 14:15:54,947 INFO:FFB_Engine:DI-UPDATE: resolved payload type=periodic_sine freq=31.49631351721091 mag_in=1000 unit=di duration_us=3669000 period_us=31749 phase=0
2026-07-30 14:15:54,953 INFO:FFB_Engine:DI-UPDATE: resolved payload type=periodic_sine freq=31.64495186727555 mag_in=1000 unit=di duration_us=3669000 period_us=31600 phase=0
2026-07-30 14:15:54,957 INFO:FFB_Engine:DI-UPDATE: resolved payload type=periodic_sine freq=31.753659013841972 mag_in=1000 unit=di duration_us=3669000 period_us=31492 phase=0
2026-07-30 14:15:54,962 INFO:FFB_Engine:DI-UPDATE: resolved payload type=periodic_sine freq=31.855964035284323 mag_in=1000 unit=di duration_us=3669000 period_us=31391 phase=0
2026-07-30 14:15:54,968 INFO:FFB_Engine:DI-UPDATE: resolved payload type=periodic_sine freq=32.00199932348532 mag_in=1000 unit=di duration_us=3669000 period_us=31248 phase=0
2026-07-30 14:15:54,972 INFO:FFB_Engine:DI-UPDATE: resolved payload type=periodic_sine freq=32.1105833522609 mag_in=1000 unit=di duration_us=3669000 period_us=31142 phase=0
2026-07-30 14:15:54,976 INFO:FFB_Engine:DI-UPDATE: resolved payload type=periodic_sine freq=32.21735579068543 mag_in=1000 unit=di duration_us=3669000 period_us=31039 phase=0
2026-07-30 14:15:54,980 INFO:FFB_Engine:DI-UPDATE: resolved payload type=periodic_sine freq=32.31831237918041 mag_in=1000 unit=di duration_us=3669000 period_us=30942 phase=0
2026-07-30 14:15:54,986 INFO:FFB_Engine:DI-UPDATE: resolved payload type=periodic_sine freq=32.464124882807496 mag_in=1000 unit=di duration_us=3669000 period_us=30803 phase=0
2026-07-30 14:15:54,991 INFO:FFB_Engine:DI-UPDATE: resolved payload type=periodic_sine freq=32.57518885565585 mag_in=1000 unit=di duration_us=3669000 period_us=30698 phase=0
2026-07-30 14:15:54,997 INFO:FFB_Engine:DI-UPDATE: resolved payload type=periodic_sine freq=32.72325265602987 mag_in=1000 unit=di duration_us=3669000 period_us=30559 phase=0
2026-07-30 14:15:55,003 INFO:FFB_Engine:DI-UPDATE: resolved payload type=periodic_sine freq=32.87139267217918 mag_in=1000 unit=di duration_us=3669000 period_us=30421 phase=0
2026-07-30 14:15:55,007 INFO:FFB_Engine:DI-UPDATE: resolved payload type=periodic_sine freq=32.981495153708536 mag_in=1000 unit=di duration_us=3669000 period_us=30320 phase=0
2026-07-30 14:15:55,013 INFO:FFB_Engine:DI-UPDATE: resolved payload type=periodic_sine freq=33.13069046520796 mag_in=1000 unit=di duration_us=3669000 period_us=30183 phase=0
2026-07-30 14:15:55,019 INFO:FFB_Engine:DI-UPDATE: resolved payload type=periodic_sine freq=33.27851975550417 mag_in=1000 unit=di duration_us=3669000 period_us=30049 phase=0
2026-07-30 14:15:55,024 INFO:FFB_Engine:DI-UPDATE: resolved payload type=periodic_sine freq=33.39644901088027 mag_in=1000 unit=di duration_us=3669000 period_us=29943 phase=0
2026-07-30 14:15:55,030 INFO:FFB_Engine:DI-UPDATE: resolved payload type=periodic_sine freq=33.54611920528724 mag_in=1000 unit=di duration_us=3669000 period_us=29809 phase=0
2026-07-30 14:15:55,036 INFO:FFB_Engine:DI-UPDATE: resolved payload type=periodic_sine freq=33.691433374999 mag_in=1000 unit=di duration_us=3669000 period_us=29681 phase=0
2026-07-30 14:15:55,041 INFO:FFB_Engine:DI-UPDATE: resolved payload type=periodic_sine freq=33.8034764274222 mag_in=1000 unit=di duration_us=3669000 period_us=29582 phase=0
2026-07-30 14:15:55,047 INFO:FFB_Engine:DI-UPDATE: resolved payload type=periodic_sine freq=33.95151091403649 mag_in=1000 unit=di duration_us=3669000 period_us=29453 phase=0
2026-07-30 14:15:55,053 INFO:FFB_Engine:DI-UPDATE: resolved payload type=periodic_sine freq=34.098730478130406 mag_in=1000 unit=di duration_us=3669000 period_us=29326 phase=0
2026-07-30 14:15:55,058 INFO:FFB_Engine:DI-UPDATE: resolved payload type=periodic_sine freq=34.229053591118486 mag_in=1000 unit=di duration_us=3669000 period_us=29214 phase=0
2026-07-30 14:15:55,064 INFO:FFB_Engine:DI-UPDATE: resolved payload type=periodic_sine freq=34.37423878028744 mag_in=1000 unit=di duration_us=3669000 period_us=29091 phase=0
2026-07-30 14:15:55,070 INFO:FFB_Engine:DI-UPDATE: resolved payload type=periodic_sine freq=34.522572267250936 mag_in=1000 unit=di duration_us=3669000 period_us=28966 phase=0
2026-07-30 14:15:55,074 INFO:FFB_Engine:DI-UPDATE: resolved payload type=periodic_sine freq=34.63041758928142 mag_in=1000 unit=di duration_us=3669000 period_us=28876 phase=0
2026-07-30 14:15:55,078 INFO:FFB_Engine:DI-UPDATE: resolved payload type=periodic_sine freq=34.73096378514024 mag_in=1000 unit=di duration_us=3669000 period_us=28792 phase=0
2026-07-30 14:15:55,084 INFO:FFB_Engine:DI-UPDATE: resolved payload type=periodic_sine freq=34.87627795485199 mag_in=1000 unit=di duration_us=3669000 period_us=28672 phase=0
2026-07-30 14:15:55,089 INFO:FFB_Engine:DI-UPDATE: resolved payload type=periodic_sine freq=34.98256378486508 mag_in=1000 unit=di duration_us=3669000 period_us=28585 phase=0
2026-07-30 14:15:55,093 INFO:FFB_Engine:DI-UPDATE: resolved payload type=periodic_sine freq=35.08347933409644 mag_in=1000 unit=di duration_us=3669000 period_us=28503 phase=0
2026-07-30 14:15:55,099 INFO:FFB_Engine:DI-UPDATE: resolved payload type=periodic_sine freq=35.230071583732226 mag_in=1000 unit=di duration_us=3669000 period_us=28384 phase=0
2026-07-30 14:15:55,106 INFO:FFB_Engine:DI-UPDATE: resolved payload type=periodic_sine freq=35.39477973687844 mag_in=1000 unit=di duration_us=3669000 period_us=28252 phase=0
2026-07-30 14:15:55,112 INFO:FFB_Engine:DI-UPDATE: resolved payload type=periodic_sine freq=35.54454373531654 mag_in=1000 unit=di duration_us=3669000 period_us=28133 phase=0
2026-07-30 14:15:55,118 INFO:FFB_Engine:DI-UPDATE: resolved payload type=periodic_sine freq=35.69223818231801 mag_in=1000 unit=di duration_us=3669000 period_us=28017 phase=0
2026-07-30 14:15:55,122 INFO:FFB_Engine:DI-UPDATE: resolved payload type=periodic_sine freq=35.8026807034602 mag_in=1000 unit=di duration_us=3669000 period_us=27930 phase=0
2026-07-30 14:15:55,126 INFO:FFB_Engine:DI-UPDATE: resolved payload type=periodic_sine freq=35.90404182183938 mag_in=1000 unit=di duration_us=3669000 period_us=27852 phase=0
2026-07-30 14:15:55,132 INFO:FFB_Engine:DI-UPDATE: resolved payload type=periodic_sine freq=36.04755026395203 mag_in=1000 unit=di duration_us=3669000 period_us=27741 phase=0
2026-07-30 14:15:55,139 INFO:FFB_Engine:DI-UPDATE: resolved payload type=periodic_sine freq=36.214245890007646 mag_in=1000 unit=di duration_us=3669000 period_us=27613 phase=0
2026-07-30 14:15:55,143 INFO:FFB_Engine:DI-UPDATE: resolved payload type=periodic_sine freq=36.31506763520788 mag_in=1000 unit=di duration_us=3669000 period_us=27536 phase=0
2026-07-30 14:15:55,149 INFO:FFB_Engine:DI-UPDATE: resolved payload type=periodic_sine freq=36.46266241542628 mag_in=1000 unit=di duration_us=3669000 period_us=27425 phase=0
2026-07-30 14:15:55,156 INFO:FFB_Engine:DI-UPDATE: resolved payload type=periodic_sine freq=36.63240080974141 mag_in=1000 unit=di duration_us=3669000 period_us=27298 phase=0
2026-07-30 14:15:55,162 INFO:FFB_Engine:DI-UPDATE: resolved payload type=periodic_sine freq=36.78041184534792 mag_in=1000 unit=di duration_us=3669000 period_us=27188 phase=0
2026-07-30 14:15:55,168 INFO:FFB_Engine:DI-UPDATE: resolved payload type=periodic_sine freq=36.928710155799735 mag_in=1000 unit=di duration_us=3669000 period_us=27079 phase=0
2026-07-30 14:15:55,172 INFO:FFB_Engine:DI-UPDATE: resolved payload type=periodic_sine freq=37.031355216854905 mag_in=1000 unit=di duration_us=3669000 period_us=27004 phase=0
2026-07-30 14:15:55,176 INFO:FFB_Engine:DI-UPDATE: resolved payload type=periodic_sine freq=37.13241733488489 mag_in=1000 unit=di duration_us=3669000 period_us=26930 phase=0
2026-07-30 14:15:55,182 INFO:FFB_Engine:DI-UPDATE: resolved payload type=periodic_sine freq=37.28155401886487 mag_in=1000 unit=di duration_us=3669000 period_us=26822 phase=0
2026-07-30 14:15:55,189 INFO:FFB_Engine:DI-UPDATE: resolved payload type=periodic_sine freq=37.4544113972148 mag_in=1000 unit=di duration_us=3669000 period_us=26699 phase=0
2026-07-30 14:15:55,195 INFO:FFB_Engine:DI-UPDATE: resolved payload type=periodic_sine freq=37.60116780390505 mag_in=1000 unit=di duration_us=3669000 period_us=26594 phase=0
2026-07-30 14:15:55,201 INFO:FFB_Engine:DI-UPDATE: resolved payload type=periodic_sine freq=37.747906622339464 mag_in=1000 unit=di duration_us=3669000 period_us=26491 phase=0
2026-07-30 14:15:55,205 INFO:FFB_Engine:DI-UPDATE: resolved payload type=periodic_sine freq=37.85287919591684 mag_in=1000 unit=di duration_us=3669000 period_us=26418 phase=0
2026-07-30 14:15:55,210 INFO:FFB_Engine:DI-UPDATE: resolved payload type=periodic_sine freq=37.95503764856057 mag_in=1000 unit=di duration_us=3669000 period_us=26346 phase=0
2026-07-30 14:15:55,215 INFO:FFB_Engine:DI-UPDATE: resolved payload type=periodic_sine freq=38.09871611047963 mag_in=1000 unit=di duration_us=3669000 period_us=26247 phase=0
2026-07-30 14:15:55,220 INFO:FFB_Engine:DI-UPDATE: resolved payload type=periodic_sine freq=38.1988401881984 mag_in=1000 unit=di duration_us=3669000 period_us=26178 phase=0
2026-07-30 14:15:55,224 INFO:FFB_Engine:DI-UPDATE: resolved payload type=periodic_sine freq=38.31236065411177 mag_in=1000 unit=di duration_us=3669000 period_us=26101 phase=0
2026-07-30 14:15:55,230 INFO:FFB_Engine:DI-UPDATE: resolved payload type=periodic_sine freq=38.46118661223865 mag_in=1000 unit=di duration_us=3669000 period_us=26000 phase=0
2026-07-30 14:15:55,236 INFO:FFB_Engine:DI-UPDATE: resolved payload type=periodic_sine freq=38.60709291989686 mag_in=1000 unit=di duration_us=3669000 period_us=25901 phase=0
2026-07-30 14:15:55,241 INFO:FFB_Engine:DI-UPDATE: resolved payload type=periodic_sine freq=38.73377526392702 mag_in=1000 unit=di duration_us=3669000 period_us=25817 phase=0
2026-07-30 14:15:55,245 INFO:FFB_Engine:DI-UPDATE: resolved payload type=periodic_sine freq=38.83564644172543 mag_in=1000 unit=di duration_us=3669000 period_us=25749 phase=0
2026-07-30 14:15:55,251 INFO:FFB_Engine:DI-UPDATE: resolved payload type=periodic_sine freq=38.981927965508135 mag_in=1000 unit=di duration_us=3669000 period_us=25652 phase=0
2026-07-30 14:15:55,257 INFO:FFB_Engine:DI-UPDATE: resolved payload type=periodic_sine freq=39.13080082565057 mag_in=1000 unit=di duration_us=3669000 period_us=25555 phase=0
2026-07-30 14:15:55,263 INFO:FFB_Engine:DI-UPDATE: resolved payload type=periodic_sine freq=39.27829593908591 mag_in=1000 unit=di duration_us=3669000 period_us=25459 phase=0
2026-07-30 14:15:55,269 INFO:FFB_Engine:DI-UPDATE: resolved payload type=periodic_sine freq=39.42533962062148 mag_in=1000 unit=di duration_us=3669000 period_us=25364 phase=0
2026-07-30 14:15:55,274 INFO:FFB_Engine:DI-UPDATE: resolved payload type=periodic_sine freq=39.546698585885466 mag_in=1000 unit=di duration_us=3669000 period_us=25286 phase=0
2026-07-30 14:15:55,280 INFO:FFB_Engine:DI-UPDATE: resolved payload type=periodic_sine freq=39.69488550405033 mag_in=1000 unit=di duration_us=3669000 period_us=25192 phase=0
2026-07-30 14:15:55,287 INFO:FFB_Engine:DI-UPDATE: resolved payload type=periodic_sine freq=39.84667801466144 mag_in=1000 unit=di duration_us=3669000 period_us=25096 phase=0
2026-07-30 14:15:55,291 INFO:FFB_Engine:DI-UPDATE: resolved payload type=periodic_sine freq=39.9545585132036 mag_in=1000 unit=di duration_us=3669000 period_us=25028 phase=0
2026-07-30 14:15:55,297 INFO:FFB_Engine:DI-UPDATE: resolved payload type=periodic_sine freq=40.10075795845907 mag_in=1000 unit=di duration_us=3669000 period_us=24937 phase=0
2026-07-30 14:15:55,301 INFO:FFB_Engine:DI-UPDATE: resolved payload type=periodic_sine freq=40.20159729191514 mag_in=1000 unit=di duration_us=3669000 period_us=24874 phase=0
2026-07-30 14:15:55,306 INFO:FFB_Engine:DI-UPDATE: resolved payload type=periodic_sine freq=40.31753321162989 mag_in=1000 unit=di duration_us=3669000 period_us=24803 phase=0
2026-07-30 14:15:55,312 INFO:FFB_Engine:DI-UPDATE: resolved payload type=periodic_sine freq=40.465186619367756 mag_in=1000 unit=di duration_us=3669000 period_us=24712 phase=0
2026-07-30 14:15:55,318 INFO:FFB_Engine:DI-UPDATE: resolved payload type=periodic_sine freq=40.613819106680445 mag_in=1000 unit=di duration_us=3669000 period_us=24622 phase=0
2026-07-30 14:15:55,322 INFO:FFB_Engine:DI-UPDATE: resolved payload type=periodic_sine freq=40.730939302288114 mag_in=1000 unit=di duration_us=3669000 period_us=24551 phase=0
2026-07-30 14:15:55,329 INFO:FFB_Engine:DI-UPDATE: resolved payload type=periodic_sine freq=40.87990010370973 mag_in=1000 unit=di duration_us=3669000 period_us=24461 phase=0
2026-07-30 14:15:55,334 INFO:FFB_Engine:DI-UPDATE: resolved payload type=periodic_sine freq=41.02539015597984 mag_in=1000 unit=di duration_us=3669000 period_us=24375 phase=0
2026-07-30 14:15:55,339 INFO:FFB_Engine:DI-UPDATE: resolved payload type=periodic_sine freq=41.13164080948126 mag_in=1000 unit=di duration_us=3669000 period_us=24312 phase=0
2026-07-30 14:15:55,343 INFO:FFB_Engine:DI-UPDATE: resolved payload type=periodic_sine freq=41.23318367317074 mag_in=1000 unit=di duration_us=3669000 period_us=24252 phase=0
2026-07-30 14:15:55,349 INFO:FFB_Engine:DI-UPDATE: resolved payload type=periodic_sine freq=41.38050290404773 mag_in=1000 unit=di duration_us=3669000 period_us=24165 phase=0
2026-07-30 14:15:55,356 INFO:FFB_Engine:DI-UPDATE: resolved payload type=periodic_sine freq=41.55120278968185 mag_in=1000 unit=di duration_us=3669000 period_us=24066 phase=0
2026-07-30 14:15:55,362 INFO:FFB_Engine:DI-UPDATE: resolved payload type=periodic_sine freq=41.699377982342824 mag_in=1000 unit=di duration_us=3669000 period_us=23981 phase=0
2026-07-30 14:15:55,368 INFO:FFB_Engine:DI-UPDATE: resolved payload type=periodic_sine freq=41.84567123162942 mag_in=1000 unit=di duration_us=3669000 period_us=23897 phase=0
2026-07-30 14:15:55,372 INFO:FFB_Engine:DI-UPDATE: resolved payload type=periodic_sine freq=41.95297718048096 mag_in=1000 unit=di duration_us=3669000 period_us=23836 phase=0
2026-07-30 14:15:55,376 INFO:FFB_Engine:DI-UPDATE: resolved payload type=periodic_sine freq=42.05496561331827 mag_in=1000 unit=di duration_us=3669000 period_us=23778 phase=0
2026-07-30 14:15:55,382 INFO:FFB_Engine:DI-UPDATE: resolved payload type=periodic_sine freq=42.20110056830234 mag_in=1000 unit=di duration_us=3669000 period_us=23696 phase=0
2026-07-30 14:15:55,389 INFO:FFB_Engine:DI-UPDATE: resolved payload type=periodic_sine freq=42.36346948342245 mag_in=1000 unit=di duration_us=3669000 period_us=23605 phase=0
2026-07-30 14:15:55,395 INFO:FFB_Engine:DI-UPDATE: resolved payload type=periodic_sine freq=42.511292910966716 mag_in=1000 unit=di duration_us=3669000 period_us=23523 phase=0
2026-07-30 14:15:55,399 INFO:FFB_Engine:DI-UPDATE: resolved payload type=periodic_sine freq=42.61151079271661 mag_in=1000 unit=di duration_us=3669000 period_us=23467 phase=0
2026-07-30 14:15:55,406 INFO:FFB_Engine:DI-UPDATE: resolved payload type=periodic_sine freq=42.786830526883485 mag_in=1000 unit=di duration_us=3669000 period_us=23371 phase=0
2026-07-30 14:15:55,412 INFO:FFB_Engine:DI-UPDATE: resolved payload type=periodic_sine freq=42.93702250621358 mag_in=1000 unit=di duration_us=3669000 period_us=23289 phase=0
2026-07-30 14:15:55,418 INFO:FFB_Engine:DI-UPDATE: resolved payload type=periodic_sine freq=43.08563154251849 mag_in=1000 unit=di duration_us=3669000 period_us=23209 phase=0
2026-07-30 14:15:55,422 INFO:FFB_Engine:DI-UPDATE: resolved payload type=periodic_sine freq=43.18645328771872 mag_in=1000 unit=di duration_us=3669000 period_us=23155 phase=0
2026-07-30 14:15:55,427 INFO:FFB_Engine:DI-UPDATE: resolved payload type=periodic_sine freq=43.288816936680526 mag_in=1000 unit=di duration_us=3669000 period_us=23100 phase=0
2026-07-30 14:15:55,433 INFO:FFB_Engine:DI-UPDATE: resolved payload type=periodic_sine freq=43.440539094268296 mag_in=1000 unit=di duration_us=3669000 period_us=23019 phase=0
2026-07-30 14:15:55,439 INFO:FFB_Engine:DI-UPDATE: resolved payload type=periodic_sine freq=43.596552786279894 mag_in=1000 unit=di duration_us=3669000 period_us=22937 phase=0
2026-07-30 14:15:55,445 INFO:FFB_Engine:DI-UPDATE: resolved payload type=periodic_sine freq=43.74424723328137 mag_in=1000 unit=di duration_us=3669000 period_us=22860 phase=0
2026-07-30 14:15:55,451 INFO:FFB_Engine:DI-UPDATE: resolved payload type=periodic_sine freq=43.89194754303478 mag_in=1000 unit=di duration_us=3669000 period_us=22783 phase=0
2026-07-30 14:15:55,456 INFO:FFB_Engine:DI-UPDATE: resolved payload type=periodic_sine freq=44.004676537435564 mag_in=1000 unit=di duration_us=3669000 period_us=22724 phase=0
2026-07-30 14:15:55,462 INFO:FFB_Engine:DI-UPDATE: resolved payload type=periodic_sine freq=44.15408877075696 mag_in=1000 unit=di duration_us=3669000 period_us=22647 phase=0
2026-07-30 14:15:55,468 INFO:FFB_Engine:DI-UPDATE: resolved payload type=periodic_sine freq=44.30083931469527 mag_in=1000 unit=di duration_us=3669000 period_us=22572 phase=0
2026-07-30 14:15:55,472 INFO:FFB_Engine:DI-UPDATE: resolved payload type=periodic_sine freq=44.4128354651029 mag_in=1000 unit=di duration_us=3669000 period_us=22516 phase=0
2026-07-30 14:15:55,478 INFO:FFB_Engine:DI-UPDATE: resolved payload type=periodic_sine freq=44.56241185547876 mag_in=1000 unit=di duration_us=3669000 period_us=22440 phase=0
2026-07-30 14:15:55,482 INFO:FFB_Engine:DI-UPDATE: resolved payload type=periodic_sine freq=44.66378469936183 mag_in=1000 unit=di duration_us=3669000 period_us=22389 phase=0
2026-07-30 14:15:55,489 INFO:FFB_Engine:DI-UPDATE: resolved payload type=periodic_sine freq=44.82737892963847 mag_in=1000 unit=di duration_us=3669000 period_us=22307 phase=0
2026-07-30 14:15:55,495 INFO:FFB_Engine:DI-UPDATE: resolved payload type=periodic_sine freq=44.97678530020792 mag_in=1000 unit=di duration_us=3669000 period_us=22233 phase=0
2026-07-30 14:15:55,501 INFO:FFB_Engine:DI-UPDATE: resolved payload type=periodic_sine freq=45.12405762906934 mag_in=1000 unit=di duration_us=3669000 period_us=22161 phase=0
2026-07-30 14:15:55,506 INFO:FFB_Engine:DI-UPDATE: resolved payload type=periodic_sine freq=45.23511573916576 mag_in=1000 unit=di duration_us=3669000 period_us=22106 phase=0
2026-07-30 14:15:55,512 INFO:FFB_Engine:DI-UPDATE: resolved payload type=periodic_sine freq=45.382745695895835 mag_in=1000 unit=di duration_us=3669000 period_us=22034 phase=0
2026-07-30 14:15:55,516 INFO:FFB_Engine:DI-UPDATE: resolved payload type=periodic_sine freq=45.483549852840234 mag_in=1000 unit=di duration_us=3669000 period_us=21985 phase=0
2026-07-30 14:15:55,523 INFO:FFB_Engine:DI-UPDATE: resolved payload type=periodic_sine freq=45.64949504664687 mag_in=1000 unit=di duration_us=3669000 period_us=21906 phase=0
2026-07-30 14:15:55,528 INFO:FFB_Engine:DI-UPDATE: resolved payload type=periodic_sine freq=45.79517856973116 mag_in=1000 unit=di duration_us=3669000 period_us=21836 phase=0
2026-07-30 14:15:55,534 INFO:FFB_Engine:DI-UPDATE: resolved payload type=periodic_sine freq=45.94395176309054 mag_in=1000 unit=di duration_us=3669000 period_us=21765 phase=0
2026-07-30 14:15:55,539 INFO:FFB_Engine:DI-UPDATE: resolved payload type=periodic_sine freq=46.05622932559154 mag_in=1000 unit=di duration_us=3669000 period_us=21712 phase=0
2026-07-30 14:15:55,545 INFO:FFB_Engine:DI-UPDATE: resolved payload type=periodic_sine freq=46.20451591053947 mag_in=1000 unit=di duration_us=3669000 period_us=21642 phase=0
2026-07-30 14:15:55,551 INFO:FFB_Engine:DI-UPDATE: resolved payload type=periodic_sine freq=46.354350262000914 mag_in=1000 unit=di duration_us=3669000 period_us=21572 phase=0
2026-07-30 14:15:55,556 INFO:FFB_Engine:DI-UPDATE: resolved payload type=periodic_sine freq=46.46474001837558 mag_in=1000 unit=di duration_us=3669000 period_us=21521 phase=0
2026-07-30 14:15:55,560 INFO:FFB_Engine:DI-UPDATE: resolved payload type=periodic_sine freq=46.56479374307101 mag_in=1000 unit=di duration_us=3669000 period_us=21475 phase=0
2026-07-30 14:15:55,566 INFO:FFB_Engine:DI-UPDATE: resolved payload type=periodic_sine freq=46.71376040724457 mag_in=1000 unit=di duration_us=3669000 period_us=21406 phase=0
2026-07-30 14:15:55,573 INFO:FFB_Engine:DI-UPDATE: resolved payload type=periodic_sine freq=46.88063191585853 mag_in=1000 unit=di duration_us=3669000 period_us=21330 phase=0
2026-07-30 14:15:55,579 INFO:FFB_Engine:DI-UPDATE: resolved payload type=periodic_sine freq=47.02941097196985 mag_in=1000 unit=di duration_us=3669000 period_us=21263 phase=0
2026-07-30 14:15:55,585 INFO:FFB_Engine:DI-UPDATE: resolved payload type=periodic_sine freq=47.17463133765048 mag_in=1000 unit=di duration_us=3669000 period_us=21197 phase=0
2026-07-30 14:15:55,589 INFO:FFB_Engine:DI-UPDATE: resolved payload type=periodic_sine freq=47.281474129098356 mag_in=1000 unit=di duration_us=3669000 period_us=21149 phase=0
2026-07-30 14:15:55,593 INFO:FFB_Engine:DI-UPDATE: resolved payload type=periodic_sine freq=47.383087345811184 mag_in=1000 unit=di duration_us=3669000 period_us=21104 phase=0
2026-07-30 14:15:55,599 INFO:FFB_Engine:DI-UPDATE: resolved payload type=periodic_sine freq=47.53407665940582 mag_in=1000 unit=di duration_us=3669000 period_us=21037 phase=0
2026-07-30 14:15:55,606 INFO:FFB_Engine:DI-UPDATE: resolved payload type=periodic_sine freq=47.697623987666894 mag_in=1000 unit=di duration_us=3669000 period_us=20965 phase=0
2026-07-30 14:15:55,612 INFO:FFB_Engine:DI-UPDATE: resolved payload type=periodic_sine freq=47.84421037455074 mag_in=1000 unit=di duration_us=3669000 period_us=20901 phase=0
2026-07-30 14:15:55,618 INFO:FFB_Engine:DI-UPDATE: resolved payload type=periodic_sine freq=47.9911368010474 mag_in=1000 unit=di duration_us=3669000 period_us=20837 phase=0
2026-07-30 14:15:55,622 INFO:FFB_Engine:DI-UPDATE: resolved payload type=periodic_sine freq=48.10404754075848 mag_in=1000 unit=di duration_us=3669000 period_us=20788 phase=0
2026-07-30 14:15:55,626 INFO:FFB_Engine:DI-UPDATE: resolved payload type=periodic_sine freq=48.20547314940906 mag_in=1000 unit=di duration_us=3669000 period_us=20744 phase=0
2026-07-30 14:15:55,632 INFO:FFB_Engine:DI-UPDATE: resolved payload type=periodic_sine freq=48.350523495283284 mag_in=1000 unit=di duration_us=3669000 period_us=20682 phase=0
2026-07-30 14:15:55,639 INFO:FFB_Engine:DI-UPDATE: resolved payload type=periodic_sine freq=48.51093425125372 mag_in=1000 unit=di duration_us=3669000 period_us=20613 phase=0
2026-07-30 14:15:55,643 INFO:FFB_Engine:DI-UPDATE: resolved payload type=periodic_sine freq=48.61093521118164 mag_in=1000 unit=di duration_us=3669000 period_us=20571 phase=0
2026-07-30 14:15:55,649 INFO:FFB_Engine:DI-UPDATE: resolved payload type=periodic_sine freq=48.75931560016069 mag_in=1000 unit=di duration_us=3669000 period_us=20508 phase=0
2026-07-30 14:15:55,656 INFO:FFB_Engine:DI-UPDATE: resolved payload type=periodic_sine freq=48.926890639008064 mag_in=1000 unit=di duration_us=3669000 period_us=20438 phase=0
2026-07-30 14:15:55,662 INFO:FFB_Engine:DI-UPDATE: resolved payload type=periodic_sine freq=49.0759569699647 mag_in=1000 unit=di duration_us=3669000 period_us=20376 phase=0
2026-07-30 14:15:55,668 INFO:FFB_Engine:DI-UPDATE: resolved payload type=periodic_sine freq=49.221194923901166 mag_in=1000 unit=di duration_us=3669000 period_us=20316 phase=0
2026-07-30 14:15:55,672 INFO:FFB_Engine:DI-UPDATE: resolved payload type=periodic_sine freq=49.33255203434678 mag_in=1000 unit=di duration_us=3669000 period_us=20270 phase=0
2026-07-30 14:15:55,676 INFO:FFB_Engine:DI-UPDATE: resolved payload type=periodic_sine freq=49.43567784106145 mag_in=1000 unit=di duration_us=3669000 period_us=20228 phase=0
2026-07-30 14:15:55,682 INFO:FFB_Engine:DI-UPDATE: resolved payload type=periodic_sine freq=49.58193005108442 mag_in=1000 unit=di duration_us=3669000 period_us=20168 phase=0
2026-07-30 14:15:55,689 INFO:FFB_Engine:DI-UPDATE: resolved payload type=periodic_sine freq=49.75578409726502 mag_in=1000 unit=di duration_us=3669000 period_us=20098 phase=0
2026-07-30 14:15:55,695 INFO:FFB_Engine:DI-UPDATE: resolved payload type=periodic_sine freq=49.90217115058274 mag_in=1000 unit=di duration_us=3669000 period_us=20039 phase=0
2026-07-30 14:15:55,701 INFO:FFB_Engine:DI-UPDATE: resolved payload type=periodic_sine freq=50.05004734289451 mag_in=1000 unit=di duration_us=3669000 period_us=19980 phase=0
2026-07-30 14:15:55,706 INFO:FFB_Engine:DI-UPDATE: resolved payload type=periodic_sine freq=50.15330799290391 mag_in=1000 unit=di duration_us=3669000 period_us=19938 phase=0
2026-07-30 14:15:55,710 INFO:FFB_Engine:DI-UPDATE: resolved payload type=periodic_sine freq=50.25832160574491 mag_in=1000 unit=di duration_us=3669000 period_us=19897 phase=0
2026-07-30 14:15:55,716 INFO:FFB_Engine:DI-UPDATE: resolved payload type=periodic_sine freq=50.40039367363101 mag_in=1000 unit=di duration_us=3669000 period_us=19841 phase=0
2026-07-30 14:15:55,723 INFO:FFB_Engine:DI-UPDATE: resolved payload type=periodic_sine freq=50.568566713176786 mag_in=1000 unit=di duration_us=3669000 period_us=19775 phase=0
2026-07-30 14:15:55,729 INFO:FFB_Engine:DI-UPDATE: resolved payload type=periodic_sine freq=50.71689433738833 mag_in=1000 unit=di duration_us=3669000 period_us=19717 phase=0
2026-07-30 14:15:55,735 INFO:FFB_Engine:DI-UPDATE: resolved payload type=periodic_sine freq=50.863193449426866 mag_in=1000 unit=di duration_us=3669000 period_us=19660 phase=0
2026-07-30 14:15:55,740 INFO:FFB_Engine:DI-UPDATE: resolved payload type=periodic_sine freq=50.98455241469086 mag_in=1000 unit=di duration_us=3669000 period_us=19613 phase=0
2026-07-30 14:15:55,744 INFO:FFB_Engine:DI-UPDATE: resolved payload type=periodic_sine freq=51.08613631764396 mag_in=1000 unit=di duration_us=3669000 period_us=19574 phase=0
2026-07-30 14:15:55,750 INFO:FFB_Engine:DI-UPDATE: resolved payload type=periodic_sine freq=51.23316827367564 mag_in=1000 unit=di duration_us=3669000 period_us=19518 phase=0
2026-07-30 14:15:55,754 INFO:FFB_Engine:DI-UPDATE: resolved payload type=periodic_sine freq=51.333245449378836 mag_in=1000 unit=di duration_us=3669000 period_us=19480 phase=0
2026-07-30 14:15:55,759 INFO:FFB_Engine:DI-UPDATE: resolved payload type=periodic_sine freq=51.455108611310116 mag_in=1000 unit=di duration_us=3669000 period_us=19434 phase=0
2026-07-30 14:15:55,764 INFO:FFB_Engine:DI-UPDATE: resolved payload type=periodic_sine freq=51.59960785850149 mag_in=1000 unit=di duration_us=3669000 period_us=19379 phase=0
2026-07-30 14:15:55,769 INFO:FFB_Engine:DI-UPDATE: resolved payload type=periodic_sine freq=51.70097483963263 mag_in=1000 unit=di duration_us=3669000 period_us=19341 phase=0
2026-07-30 14:15:55,773 INFO:FFB_Engine:DI-UPDATE: resolved payload type=periodic_sine freq=51.81465946260046 mag_in=1000 unit=di duration_us=3669000 period_us=19299 phase=0
2026-07-30 14:15:55,779 INFO:FFB_Engine:DI-UPDATE: resolved payload type=periodic_sine freq=51.96105824142205 mag_in=1000 unit=di duration_us=3669000 period_us=19245 phase=0
2026-07-30 14:15:55,785 INFO:FFB_Engine:DI-UPDATE: resolved payload type=periodic_sine freq=52.1108281026121 mag_in=1000 unit=di duration_us=3669000 period_us=19189 phase=0
2026-07-30 14:15:55,791 INFO:FFB_Engine:DI-UPDATE: resolved payload type=periodic_sine freq=52.24645700611052 mag_in=1000 unit=di duration_us=3669000 period_us=19140 phase=0
2026-07-30 14:15:55,797 INFO:FFB_Engine:DI-UPDATE: resolved payload type=periodic_sine freq=52.392169842954544 mag_in=1000 unit=di duration_us=3669000 period_us=19086 phase=0
2026-07-30 14:15:55,801 INFO:FFB_Engine:DI-UPDATE: resolved payload type=periodic_sine freq=52.492792254588636 mag_in=1000 unit=di duration_us=3669000 period_us=19050 phase=0
2026-07-30 14:15:55,805 INFO:FFB_Engine:DI-UPDATE: resolved payload type=periodic_sine freq=52.594065431688655 mag_in=1000 unit=di duration_us=3669000 period_us=19013 phase=0
2026-07-30 14:15:55,810 INFO:FFB_Engine:DI-UPDATE: resolved payload type=periodic_sine freq=52.71561786776683 mag_in=1000 unit=di duration_us=3669000 period_us=18969 phase=0
2026-07-30 14:15:55,816 INFO:FFB_Engine:DI-UPDATE: resolved payload type=periodic_sine freq=52.86317747147356 mag_in=1000 unit=di duration_us=3669000 period_us=18916 phase=0
2026-07-30 14:15:55,822 INFO:FFB_Engine:DI-UPDATE: resolved payload type=periodic_sine freq=53.01110642855284 mag_in=1000 unit=di duration_us=3669000 period_us=18863 phase=0
2026-07-30 14:15:55,826 INFO:FFB_Engine:DI-UPDATE: resolved payload type=periodic_sine freq=53.118084063295456 mag_in=1000 unit=di duration_us=3669000 period_us=18825 phase=0
2026-07-30 14:15:55,831 INFO:FFB_Engine:DI-UPDATE: resolved payload type=periodic_sine freq=53.22571832625592 mag_in=1000 unit=di duration_us=3669000 period_us=18787 phase=0
2026-07-30 14:15:55,837 INFO:FFB_Engine:DI-UPDATE: resolved payload type=periodic_sine freq=53.37325447895488 mag_in=1000 unit=di duration_us=3669000 period_us=18735 phase=0
2026-07-30 14:15:55,841 INFO:FFB_Engine:DI-UPDATE: resolved payload type=periodic_sine freq=53.47640373667733 mag_in=1000 unit=di duration_us=3669000 period_us=18699 phase=0
2026-07-30 14:15:55,845 INFO:FFB_Engine:DI-UPDATE: resolved payload type=periodic_sine freq=53.576650932186936 mag_in=1000 unit=di duration_us=3669000 period_us=18664 phase=0
2026-07-30 14:15:55,851 INFO:FFB_Engine:DI-UPDATE: resolved payload type=periodic_sine freq=53.723653574458886 mag_in=1000 unit=di duration_us=3669000 period_us=18613 phase=0
2026-07-30 14:15:55,858 INFO:FFB_Engine:DI-UPDATE: resolved payload type=periodic_sine freq=53.89216665361748 mag_in=1000 unit=di duration_us=3669000 period_us=18555 phase=0
2026-07-30 14:15:55,862 INFO:FFB_Engine:DI-UPDATE: resolved payload type=periodic_sine freq=53.99630671641866 mag_in=1000 unit=di duration_us=3669000 period_us=18519 phase=0
2026-07-30 14:15:55,866 INFO:FFB_Engine:DI-UPDATE: resolved payload type=periodic_sine freq=54.09966703321113 mag_in=1000 unit=di duration_us=3669000 period_us=18484 phase=0
2026-07-30 14:15:55,872 INFO:FFB_Engine:DI-UPDATE: resolved payload type=periodic_sine freq=54.24284716121486 mag_in=1000 unit=di duration_us=3669000 period_us=18435 phase=0
2026-07-30 14:15:55,876 INFO:FFB_Engine:DI-UPDATE: resolved payload type=periodic_sine freq=54.34993618824443 mag_in=1000 unit=di duration_us=3669000 period_us=18399 phase=0
2026-07-30 14:15:55,882 INFO:FFB_Engine:DI-UPDATE: resolved payload type=periodic_sine freq=54.496710183190515 mag_in=1000 unit=di duration_us=3669000 period_us=18349 phase=0
2026-07-30 14:15:55,888 INFO:FFB_Engine:DI-UPDATE: resolved payload type=periodic_sine freq=54.6428334126707 mag_in=1000 unit=di duration_us=3669000 period_us=18300 phase=0
2026-07-30 14:15:55,893 INFO:FFB_Engine:DI-UPDATE: resolved payload type=periodic_sine freq=54.76512455549396 mag_in=1000 unit=di duration_us=3669000 period_us=18259 phase=0
2026-07-30 14:15:55,899 INFO:FFB_Engine:DI-UPDATE: resolved payload type=periodic_sine freq=54.9139446508689 mag_in=1000 unit=di duration_us=3669000 period_us=18210 phase=0
2026-07-30 14:15:55,905 INFO:FFB_Engine:DI-UPDATE: resolved payload type=periodic_sine freq=55.06151598007952 mag_in=1000 unit=di duration_us=3669000 period_us=18161 phase=0
2026-07-30 14:15:55,910 INFO:FFB_Engine:DI-UPDATE: resolved payload type=periodic_sine freq=55.17147189281026 mag_in=1000 unit=di duration_us=3669000 period_us=18125 phase=0
2026-07-30 14:15:55,916 INFO:FFB_Engine:DI-UPDATE: resolved payload type=periodic_sine freq=55.31882630019891 mag_in=1000 unit=di duration_us=3669000 period_us=18077 phase=0
2026-07-30 14:15:55,922 INFO:FFB_Engine:DI-UPDATE: resolved payload type=periodic_sine freq=55.46639176665759 mag_in=1000 unit=di duration_us=3669000 period_us=18028 phase=0
2026-07-30 14:15:55,927 INFO:FFB_Engine:DI-UPDATE: resolved payload type=periodic_sine freq=55.58451449284787 mag_in=1000 unit=di duration_us=3669000 period_us=17990 phase=0
2026-07-30 14:15:55,933 INFO:FFB_Engine:DI-UPDATE: resolved payload type=periodic_sine freq=55.73246690093493 mag_in=1000 unit=di duration_us=3669000 period_us=17942 phase=0
2026-07-30 14:15:55,939 INFO:FFB_Engine:DI-UPDATE: resolved payload type=periodic_sine freq=55.879182268361575 mag_in=1000 unit=di duration_us=3669000 period_us=17895 phase=0
2026-07-30 14:15:55,944 INFO:FFB_Engine:DI-UPDATE: resolved payload type=periodic_sine freq=56.00599359293453 mag_in=1000 unit=di duration_us=3669000 period_us=17855 phase=0
2026-07-30 14:15:55,950 INFO:FFB_Engine:DI-UPDATE: resolved payload type=periodic_sine freq=56.15301968621426 mag_in=1000 unit=di duration_us=3669000 period_us=17808 phase=0
2026-07-30 14:15:55,954 INFO:FFB_Engine:DI-UPDATE: resolved payload type=periodic_sine freq=56.25424009854677 mag_in=1000 unit=di duration_us=3669000 period_us=17776 phase=0
2026-07-30 14:15:55,958 INFO:FFB_Engine:DI-UPDATE: resolved payload type=periodic_sine freq=56.3586088086738 mag_in=1000 unit=di duration_us=3669000 period_us=17743 phase=0
2026-07-30 14:15:55,964 INFO:FFB_Engine:DI-UPDATE: resolved payload type=periodic_sine freq=56.50704782517229 mag_in=1000 unit=di duration_us=3669000 period_us=17696 phase=0
2026-07-30 14:15:55,968 INFO:FFB_Engine:DI-UPDATE: resolved payload type=periodic_sine freq=56.60708982436383 mag_in=1000 unit=di duration_us=3669000 period_us=17665 phase=0
2026-07-30 14:15:55,975 INFO:FFB_Engine:DI-UPDATE: resolved payload type=periodic_sine freq=56.77900916240254 mag_in=1000 unit=di duration_us=3669000 period_us=17612 phase=0
2026-07-30 14:15:55,981 INFO:FFB_Engine:DI-UPDATE: resolved payload type=periodic_sine freq=56.92754198293217 mag_in=1000 unit=di duration_us=3669000 period_us=17566 phase=0
2026-07-30 14:15:55,987 INFO:FFB_Engine:DI-UPDATE: resolved payload type=periodic_sine freq=57.07423389935103 mag_in=1000 unit=di duration_us=3669000 period_us=17521 phase=0
2026-07-30 14:15:55,991 INFO:FFB_Engine:DI-UPDATE: resolved payload type=periodic_sine freq=57.175817802304124 mag_in=1000 unit=di duration_us=3669000 period_us=17489 phase=0
2026-07-30 14:15:55,995 INFO:FFB_Engine:DI-UPDATE: resolved payload type=periodic_sine freq=57.2771261559158 mag_in=1000 unit=di duration_us=3669000 period_us=17458 phase=0
2026-07-30 14:15:56,001 INFO:FFB_Engine:DI-UPDATE: resolved payload type=periodic_sine freq=57.42327283640377 mag_in=1000 unit=di duration_us=3669000 period_us=17414 phase=0
2026-07-30 14:15:56,008 INFO:FFB_Engine:DI-UPDATE: resolved payload type=periodic_sine freq=57.59246599478799 mag_in=1000 unit=di duration_us=3669000 period_us=17363 phase=0
2026-07-30 14:15:56,014 INFO:FFB_Engine:DI-UPDATE: resolved payload type=periodic_sine freq=57.741872365357445 mag_in=1000 unit=di duration_us=3669000 period_us=17318 phase=0
2026-07-30 14:15:56,020 INFO:FFB_Engine:DI-UPDATE: resolved payload type=periodic_sine freq=57.88655335785913 mag_in=1000 unit=di duration_us=3669000 period_us=17275 phase=0
2026-07-30 14:15:56,025 INFO:FFB_Engine:DI-UPDATE: resolved payload type=periodic_sine freq=57.99953445059354 mag_in=1000 unit=di duration_us=3669000 period_us=17241 phase=0
2026-07-30 14:15:56,031 INFO:FFB_Engine:DI-UPDATE: resolved payload type=periodic_sine freq=58.14895254666688 mag_in=1000 unit=di duration_us=3669000 period_us=17197 phase=0
2026-07-30 14:15:56,037 INFO:FFB_Engine:DI-UPDATE: resolved payload type=periodic_sine freq=58.2962893657997 mag_in=1000 unit=di duration_us=3669000 period_us=17153 phase=0
2026-07-30 14:15:56,041 INFO:FFB_Engine:DI-UPDATE: resolved payload type=periodic_sine freq=58.40924700752633 mag_in=1000 unit=di duration_us=3669000 period_us=17120 phase=0
2026-07-30 14:15:56,047 INFO:FFB_Engine:DI-UPDATE: resolved payload type=periodic_sine freq=58.556859376000574 mag_in=1000 unit=di duration_us=3669000 period_us=17077 phase=0
2026-07-30 14:15:56,052 INFO:FFB_Engine:DI-UPDATE: resolved payload type=periodic_sine freq=58.65890057360539 mag_in=1000 unit=di duration_us=3669000 period_us=17047 phase=0
2026-07-30 14:15:56,058 INFO:FFB_Engine:DI-UPDATE: resolved payload type=periodic_sine freq=58.82545549361433 mag_in=1000 unit=di duration_us=3669000 period_us=16999 phase=0
2026-07-30 14:15:56,064 INFO:FFB_Engine:DI-UPDATE: resolved payload type=periodic_sine freq=58.976644140775086 mag_in=1000 unit=di duration_us=3669000 period_us=16955 phase=0
2026-07-30 14:15:56,069 INFO:FFB_Engine:DI-UPDATE: resolved payload type=periodic_sine freq=59.07884949543436 mag_in=1000 unit=di duration_us=3669000 period_us=16926 phase=0
2026-07-30 14:15:56,073 INFO:FFB_Engine:DI-UPDATE: resolved payload type=periodic_sine freq=59.179688828890434 mag_in=1000 unit=di duration_us=3669000 period_us=16897 phase=0
2026-07-30 14:15:56,077 INFO:FFB_Engine:DI-UPDATE: resolved payload type=periodic_sine freq=59.28972095739646 mag_in=1000 unit=di duration_us=3669000 period_us=16866 phase=0
2026-07-30 14:15:56,083 INFO:FFB_Engine:DI-UPDATE: resolved payload type=periodic_sine freq=59.43657116811784 mag_in=1000 unit=di duration_us=3669000 period_us=16824 phase=0
2026-07-30 14:15:56,087 INFO:FFB_Engine:DI-UPDATE: resolved payload type=periodic_sine freq=59.53680663812356 mag_in=1000 unit=di duration_us=3669000 period_us=16796 phase=0
2026-07-30 14:15:56,092 INFO:FFB_Engine:DI-UPDATE: resolved payload type=periodic_sine freq=59.65020398624607 mag_in=1000 unit=di duration_us=3669000 period_us=16764 phase=0
2026-07-30 14:15:56,098 INFO:FFB_Engine:DI-UPDATE: resolved payload type=periodic_sine freq=59.79845539468233 mag_in=1000 unit=di duration_us=3669000 period_us=16722 phase=0
2026-07-30 14:15:56,104 INFO:FFB_Engine:DI-UPDATE: resolved payload type=periodic_sine freq=59.94650746955246 mag_in=1000 unit=di duration_us=3669000 period_us=16681 phase=0
2026-07-30 14:15:56,109 INFO:FFB_Engine:DI-UPDATE: resolved payload type=periodic_sine freq=60.06376837120682 mag_in=1000 unit=di duration_us=3669000 period_us=16648 phase=0
2026-07-30 14:15:56,115 INFO:FFB_Engine:DI-UPDATE: resolved payload type=periodic_sine freq=60.21069479770348 mag_in=1000 unit=di duration_us=3669000 period_us=16608 phase=0
2026-07-30 14:15:56,121 INFO:FFB_Engine:DI-UPDATE: resolved payload type=periodic_sine freq=60.35845959772829 mag_in=1000 unit=di duration_us=3669000 period_us=16567 phase=0
2026-07-30 14:15:56,125 INFO:FFB_Engine:DI-UPDATE: resolved payload type=periodic_sine freq=60.47120031763295 mag_in=1000 unit=di duration_us=3669000 period_us=16536 phase=0
2026-07-30 14:15:56,131 INFO:FFB_Engine:DI-UPDATE: resolved payload type=periodic_sine freq=60.61949276533283 mag_in=1000 unit=di duration_us=3669000 period_us=16496 phase=0
2026-07-30 14:15:56,137 INFO:FFB_Engine:DI-UPDATE: resolved payload type=periodic_sine freq=60.76619640725557 mag_in=1000 unit=di duration_us=3669000 period_us=16456 phase=0
2026-07-30 14:15:56,142 INFO:FFB_Engine:DI-UPDATE: resolved payload type=periodic_sine freq=60.894432380551194 mag_in=1000 unit=di duration_us=3669000 period_us=16421 phase=0
2026-07-30 14:15:56,149 INFO:FFB_Engine:DI-UPDATE: resolved payload type=periodic_sine freq=61.044460202826826 mag_in=1000 unit=di duration_us=3669000 period_us=16381 phase=0
2026-07-30 14:15:56,155 INFO:FFB_Engine:DI-UPDATE: resolved payload type=periodic_sine freq=61.19115211924568 mag_in=1000 unit=di duration_us=3669000 period_us=16342 phase=0
2026-07-30 14:15:56,159 INFO:FFB_Engine:DI-UPDATE: resolved payload type=periodic_sine freq=61.293322297393296 mag_in=1000 unit=di duration_us=3669000 period_us=16314 phase=0
2026-07-30 14:15:56,163 INFO:FFB_Engine:DI-UPDATE: resolved payload type=periodic_sine freq=61.39451925871801 mag_in=1000 unit=di duration_us=3669000 period_us=16288 phase=0
2026-07-30 14:15:56,169 INFO:FFB_Engine:DI-UPDATE: resolved payload type=periodic_sine freq=61.542729627890665 mag_in=1000 unit=di duration_us=3669000 period_us=16248 phase=0
2026-07-30 14:15:56,176 INFO:FFB_Engine:DI-UPDATE: resolved payload type=periodic_sine freq=61.715094535077206 mag_in=1000 unit=di duration_us=3669000 period_us=16203 phase=0
2026-07-30 14:15:56,182 INFO:FFB_Engine:DI-UPDATE: resolved payload type=periodic_sine freq=61.862425491458076 mag_in=1000 unit=di duration_us=3669000 period_us=16164 phase=0
2026-07-30 14:15:56,188 INFO:FFB_Engine:DI-UPDATE: resolved payload type=periodic_sine freq=62.01010235020371 mag_in=1000 unit=di duration_us=3669000 period_us=16126 phase=0
2026-07-30 14:15:56,192 INFO:FFB_Engine:DI-UPDATE: resolved payload type=periodic_sine freq=62.11693927889964 mag_in=1000 unit=di duration_us=3669000 period_us=16098 phase=0
2026-07-30 14:15:56,196 INFO:FFB_Engine:DI-UPDATE: resolved payload type=periodic_sine freq=62.21712198413786 mag_in=1000 unit=di duration_us=3669000 period_us=16072 phase=0
2026-07-30 14:15:56,200 INFO:FFB_Engine:DI-UPDATE: resolved payload type=periodic_sine freq=62.31827204344702 mag_in=1000 unit=di duration_us=3669000 period_us=16046 phase=0
2026-07-30 14:15:56,204 INFO:FFB_Engine:DI-UPDATE: resolved payload type=periodic_sine freq=62.41917000442254 mag_in=1000 unit=di duration_us=3669000 period_us=16020 phase=0
2026-07-30 14:15:56,209 INFO:FFB_Engine:DI-UPDATE: resolved payload type=periodic_sine freq=62.52221373260998 mag_in=1000 unit=di duration_us=3669000 period_us=15994 phase=0
2026-07-30 14:15:56,215 INFO:FFB_Engine:DI-UPDATE: resolved payload type=periodic_sine freq=62.66994335612313 mag_in=1000 unit=di duration_us=3669000 period_us=15956 phase=0
2026-07-30 14:15:56,219 INFO:FFB_Engine:DI-UPDATE: resolved payload type=periodic_sine freq=62.77000294357049 mag_in=1000 unit=di duration_us=3669000 period_us=15931 phase=0
2026-07-30 14:15:56,226 INFO:FFB_Engine:DI-UPDATE: resolved payload type=periodic_sine freq=62.94396838203806 mag_in=1000 unit=di duration_us=3669000 period_us=15887 phase=0
2026-07-30 14:15:56,232 INFO:FFB_Engine:DI-UPDATE: resolved payload type=periodic_sine freq=63.093175419041366 mag_in=1000 unit=di duration_us=3669000 period_us=15849 phase=0
2026-07-30 14:15:56,238 INFO:FFB_Engine:DI-UPDATE: resolved payload type=periodic_sine freq=63.24015461030553 mag_in=1000 unit=di duration_us=3669000 period_us=15812 phase=0
2026-07-30 14:15:56,242 INFO:FFB_Engine:DI-UPDATE: resolved payload type=periodic_sine freq=63.347484010164855 mag_in=1000 unit=di duration_us=3669000 period_us=15785 phase=0
2026-07-30 14:15:56,246 INFO:FFB_Engine:DI-UPDATE: resolved payload type=periodic_sine freq=63.44801848051977 mag_in=1000 unit=di duration_us=3669000 period_us=15760 phase=0
2026-07-30 14:15:56,252 INFO:FFB_Engine:DI-UPDATE: resolved payload type=periodic_sine freq=63.59662751682469 mag_in=1000 unit=di duration_us=3669000 period_us=15724 phase=0
2026-07-30 14:15:56,259 INFO:FFB_Engine:DI-UPDATE: resolved payload type=periodic_sine freq=63.759547530627636 mag_in=1000 unit=di duration_us=3669000 period_us=15683 phase=0
2026-07-30 14:15:56,265 INFO:FFB_Engine:DI-UPDATE: resolved payload type=periodic_sine freq=63.906051838984254 mag_in=1000 unit=di duration_us=3669000 period_us=15647 phase=0
2026-07-30 14:15:56,269 INFO:FFB_Engine:DI-UPDATE: resolved payload type=periodic_sine freq=64.0117865703145 mag_in=1000 unit=di duration_us=3669000 period_us=15622 phase=0
2026-07-30 14:15:56,274 INFO:FFB_Engine:DI-UPDATE: resolved payload type=periodic_sine freq=64.11586214284428 mag_in=1000 unit=di duration_us=3669000 period_us=15596 phase=0
2026-07-30 14:15:56,278 INFO:FFB_Engine:DI-UPDATE: resolved payload type=periodic_sine freq=64.23320512302587 mag_in=1000 unit=di duration_us=3669000 period_us=15568 phase=0
2026-07-30 14:15:56,284 INFO:FFB_Engine:DI-UPDATE: resolved payload type=periodic_sine freq=64.38095233479484 mag_in=1000 unit=di duration_us=3669000 period_us=15532 phase=0
2026-07-30 14:15:56,288 INFO:FFB_Engine:DI-UPDATE: resolved payload type=periodic_sine freq=64.48123470681612 mag_in=1000 unit=di duration_us=3669000 period_us=15508 phase=0
2026-07-30 14:15:56,293 INFO:FFB_Engine:DI-UPDATE: resolved payload type=periodic_sine freq=64.59011187318896 mag_in=1000 unit=di duration_us=3669000 period_us=15482 phase=0
2026-07-30 14:15:56,299 INFO:FFB_Engine:DI-UPDATE: resolved payload type=periodic_sine freq=64.73867400747831 mag_in=1000 unit=di duration_us=3669000 period_us=15446 phase=0
2026-07-30 14:15:56,303 INFO:FFB_Engine:DI-UPDATE: resolved payload type=periodic_sine freq=64.84198742225522 mag_in=1000 unit=di duration_us=3669000 period_us=15422 phase=0
2026-07-30 14:15:56,310 INFO:FFB_Engine:DI-UPDATE: resolved payload type=periodic_sine freq=65.00727012509205 mag_in=1000 unit=di duration_us=3669000 period_us=15382 phase=0
2026-07-30 14:15:56,316 INFO:FFB_Engine:DI-UPDATE: resolved payload type=periodic_sine freq=65.15519908217132 mag_in=1000 unit=di duration_us=3669000 period_us=15347 phase=0
2026-07-30 14:15:56,322 INFO:FFB_Engine:DI-UPDATE: resolved payload type=periodic_sine freq=65.30496894336137 mag_in=1000 unit=di duration_us=3669000 period_us=15312 phase=0
2026-07-30 14:15:56,326 INFO:FFB_Engine:DI-UPDATE: resolved payload type=periodic_sine freq=65.41425650237036 mag_in=1000 unit=di duration_us=3669000 period_us=15287 phase=0
2026-07-30 14:15:56,332 INFO:FFB_Engine:DI-UPDATE: resolved payload type=periodic_sine freq=65.5601276335169 mag_in=1000 unit=di duration_us=3669000 period_us=15253 phase=0
2026-07-30 14:15:56,336 INFO:FFB_Engine:DI-UPDATE: resolved payload type=periodic_sine freq=65.66111939852354 mag_in=1000 unit=di duration_us=3669000 period_us=15229 phase=0
2026-07-30 14:15:56,343 INFO:FFB_Engine:DI-UPDATE: resolved payload type=periodic_sine freq=65.8316668526071 mag_in=1000 unit=di duration_us=3669000 period_us=15190 phase=0
2026-07-30 14:15:56,349 INFO:FFB_Engine:DI-UPDATE: resolved payload type=periodic_sine freq=65.97952545666303 mag_in=1000 unit=di duration_us=3669000 period_us=15156 phase=0
2026-07-30 14:15:56,355 INFO:FFB_Engine:DI-UPDATE: resolved payload type=periodic_sine freq=66.12505654819675 mag_in=1000 unit=di duration_us=3669000 period_us=15122 phase=0
2026-07-30 14:15:56,359 INFO:FFB_Engine:DI-UPDATE: resolved payload type=periodic_sine freq=66.2294780230913 mag_in=1000 unit=di duration_us=3669000 period_us=15099 phase=0
2026-07-30 14:15:56,364 INFO:FFB_Engine:DI-UPDATE: resolved payload type=periodic_sine freq=66.33033494480321 mag_in=1000 unit=di duration_us=3669000 period_us=15076 phase=0
2026-07-30 14:15:56,368 INFO:FFB_Engine:DI-UPDATE: resolved payload type=periodic_sine freq=66.43036521849085 mag_in=1000 unit=di duration_us=3669000 period_us=15053 phase=0
2026-07-30 14:15:56,374 INFO:FFB_Engine:DI-UPDATE: resolved payload type=periodic_sine freq=66.5790973725866 mag_in=1000 unit=di duration_us=3669000 period_us=15019 phase=0
2026-07-30 14:15:56,379 INFO:FFB_Engine:DI-UPDATE: resolved payload type=periodic_sine freq=66.70137678990599 mag_in=1000 unit=di duration_us=3669000 period_us=14992 phase=0
2026-07-30 14:15:56,385 INFO:FFB_Engine:DI-UPDATE: resolved payload type=periodic_sine freq=66.84897743287634 mag_in=1000 unit=di duration_us=3669000 period_us=14959 phase=0
2026-07-30 14:15:56,391 INFO:FFB_Engine:DI-UPDATE: resolved payload type=periodic_sine freq=66.99529999592265 mag_in=1000 unit=di duration_us=3669000 period_us=14926 phase=0
2026-07-30 14:15:56,396 INFO:FFB_Engine:DI-UPDATE: resolved payload type=periodic_sine freq=67.12082737781962 mag_in=1000 unit=di duration_us=3669000 period_us=14898 phase=0
2026-07-30 14:15:56,402 INFO:FFB_Engine:DI-UPDATE: resolved payload type=periodic_sine freq=67.26848078555747 mag_in=1000 unit=di duration_us=3669000 period_us=14865 phase=0
2026-07-30 14:15:56,406 INFO:FFB_Engine:DI-UPDATE: resolved payload type=periodic_sine freq=67.36862831428402 mag_in=1000 unit=di duration_us=3669000 period_us=14843 phase=0
2026-07-30 14:15:56,410 INFO:FFB_Engine:DI-UPDATE: resolved payload type=periodic_sine freq=67.47112094378862 mag_in=1000 unit=di duration_us=3669000 period_us=14821 phase=0
2026-07-30 14:15:56,414 INFO:FFB_Engine:DI-UPDATE: resolved payload type=periodic_sine freq=67.57121570774765 mag_in=1000 unit=di duration_us=3669000 period_us=14799 phase=0
2026-07-30 14:15:56,420 INFO:FFB_Engine:DI-UPDATE: resolved payload type=periodic_sine freq=67.71926778261778 mag_in=1000 unit=di duration_us=3669000 period_us=14766 phase=0
2026-07-30 14:15:56,427 INFO:FFB_Engine:DI-UPDATE: resolved payload type=periodic_sine freq=67.90158177985519 mag_in=1000 unit=di duration_us=3669000 period_us=14727 phase=0
2026-07-30 14:15:56,434 INFO:FFB_Engine:DI-UPDATE: resolved payload type=periodic_sine freq=68.0508533071299 mag_in=1000 unit=di duration_us=3669000 period_us=14694 phase=0
2026-07-30 14:15:56,440 INFO:FFB_Engine:DI-UPDATE: resolved payload type=periodic_sine freq=68.1997730692879 mag_in=1000 unit=di duration_us=3669000 period_us=14662 phase=0
2026-07-30 14:15:56,444 INFO:FFB_Engine:DI-UPDATE: resolved payload type=periodic_sine freq=68.30021373561172 mag_in=1000 unit=di duration_us=3669000 period_us=14641 phase=0
2026-07-30 14:15:56,448 INFO:FFB_Engine:DI-UPDATE: resolved payload type=periodic_sine freq=68.40109997108334 mag_in=1000 unit=di duration_us=3669000 period_us=14619 phase=0
2026-07-30 14:15:56,454 INFO:FFB_Engine:DI-UPDATE: resolved payload type=periodic_sine freq=68.54834298618505 mag_in=1000 unit=di duration_us=3669000 period_us=14588 phase=0
2026-07-30 14:15:56,458 INFO:FFB_Engine:DI-UPDATE: resolved payload type=periodic_sine freq=68.65081216468185 mag_in=1000 unit=di duration_us=3669000 period_us=14566 phase=0
2026-07-30 14:15:56,463 INFO:FFB_Engine:DI-UPDATE: resolved payload type=periodic_sine freq=68.77159658025522 mag_in=1000 unit=di duration_us=3669000 period_us=14540 phase=0
2026-07-30 14:15:56,469 INFO:FFB_Engine:DI-UPDATE: resolved payload type=periodic_sine freq=68.92314285528464 mag_in=1000 unit=di duration_us=3669000 period_us=14508 phase=0
2026-07-30 14:15:56,475 INFO:FFB_Engine:DI-UPDATE: resolved payload type=periodic_sine freq=69.06988167371905 mag_in=1000 unit=di duration_us=3669000 period_us=14478 phase=0
2026-07-30 14:15:56,480 INFO:FFB_Engine:DI-UPDATE: resolved payload type=periodic_sine freq=69.19372058305584 mag_in=1000 unit=di duration_us=3669000 period_us=14452 phase=0
2026-07-30 14:15:56,486 INFO:FFB_Engine:DI-UPDATE: resolved payload type=periodic_sine freq=69.34128018676257 mag_in=1000 unit=di duration_us=3669000 period_us=14421 phase=0
2026-07-30 14:15:56,492 INFO:FFB_Engine:DI-UPDATE: resolved payload type=periodic_sine freq=69.48945537942355 mag_in=1000 unit=di duration_us=3669000 period_us=14390 phase=0
2026-07-30 14:15:56,497 INFO:FFB_Engine:DI-UPDATE: resolved payload type=periodic_sine freq=69.6154341932203 mag_in=1000 unit=di duration_us=3669000 period_us=14364 phase=0
2026-07-30 14:15:56,503 INFO:FFB_Engine:DI-UPDATE: resolved payload type=periodic_sine freq=69.7650574856117 mag_in=1000 unit=di duration_us=3669000 period_us=14333 phase=0
2026-07-30 14:15:56,509 INFO:FFB_Engine:DI-UPDATE: resolved payload type=periodic_sine freq=69.91655099587362 mag_in=1000 unit=di duration_us=3669000 period_us=14302 phase=0
2026-07-30 14:15:56,515 INFO:FFB_Engine:DI-UPDATE: resolved payload type=periodic_sine freq=70.05233233092261 mag_in=1000 unit=di duration_us=3669000 period_us=14275 phase=0
2026-07-30 14:15:56,521 INFO:FFB_Engine:DI-UPDATE: resolved payload type=periodic_sine freq=70.20272950657079 mag_in=1000 unit=di duration_us=3669000 period_us=14244 phase=0
2026-07-30 14:15:56,527 INFO:FFB_Engine:DI-UPDATE: resolved payload type=periodic_sine freq=70.34909310888071 mag_in=1000 unit=di duration_us=3669000 period_us=14214 phase=0
2026-07-30 14:15:56,532 INFO:FFB_Engine:DI-UPDATE: resolved payload type=periodic_sine freq=70.47252162558132 mag_in=1000 unit=di duration_us=3669000 period_us=14189 phase=0
2026-07-30 14:15:56,538 INFO:FFB_Engine:DI-UPDATE: resolved payload type=periodic_sine freq=70.62645404065242 mag_in=1000 unit=di duration_us=3669000 period_us=14159 phase=0
2026-07-30 14:15:56,544 INFO:FFB_Engine:DI-UPDATE: resolved payload type=periodic_sine freq=70.76944069784196 mag_in=1000 unit=di duration_us=3669000 period_us=14130 phase=0
2026-07-30 14:15:56,549 INFO:FFB_Engine:DI-UPDATE: resolved payload type=periodic_sine freq=70.8920015272547 mag_in=1000 unit=di duration_us=3669000 period_us=14105 phase=0
2026-07-30 14:15:56,553 INFO:FFB_Engine:DI-UPDATE: resolved payload type=periodic_sine freq=70.99425964668148 mag_in=1000 unit=di duration_us=3669000 period_us=14085 phase=0
2026-07-30 14:15:56,559 INFO:FFB_Engine:DI-UPDATE: resolved payload type=periodic_sine freq=71.14321458535116 mag_in=1000 unit=di duration_us=3669000 period_us=14056 phase=0
2026-07-30 14:15:56,564 INFO:FFB_Engine:DI-UPDATE: resolved payload type=periodic_sine freq=71.2486503163322 mag_in=1000 unit=di duration_us=3669000 period_us=14035 phase=0
2026-07-30 14:15:56,568 INFO:FFB_Engine:DI-UPDATE: resolved payload type=periodic_sine freq=71.34964794409079 mag_in=1000 unit=di duration_us=3669000 period_us=14015 phase=0
2026-07-30 14:15:56,572 INFO:FFB_Engine:DI-UPDATE: resolved payload type=periodic_sine freq=71.45062798359355 mag_in=1000 unit=di duration_us=3669000 period_us=13995 phase=0
2026-07-30 14:15:56,578 INFO:FFB_Engine:DI-UPDATE: resolved payload type=periodic_sine freq=71.59439438679179 mag_in=1000 unit=di duration_us=3669000 period_us=13967 phase=0
2026-07-30 14:15:56,583 INFO:FFB_Engine:DI-UPDATE: resolved payload type=periodic_sine freq=71.724916833346 mag_in=1000 unit=di duration_us=3669000 period_us=13942 phase=0
2026-07-30 14:15:56,587 INFO:FFB_Engine:DI-UPDATE: resolved payload type=periodic_sine freq=71.82543371544509 mag_in=1000 unit=di duration_us=3669000 period_us=13922 phase=0
2026-07-30 14:15:56,593 INFO:FFB_Engine:DI-UPDATE: resolved payload type=periodic_sine freq=71.9727939855857 mag_in=1000 unit=di duration_us=3669000 period_us=13894 phase=0
2026-07-30 14:15:56,597 INFO:FFB_Engine:DI-UPDATE: resolved payload type=periodic_sine freq=72.07914430587019 mag_in=1000 unit=di duration_us=3669000 period_us=13873 phase=0
2026-07-30 14:15:56,601 INFO:FFB_Engine:DI-UPDATE: resolved payload type=periodic_sine freq=72.18083960111024 mag_in=1000 unit=di duration_us=3669000 period_us=13854 phase=0
2026-07-30 14:15:56,606 INFO:FFB_Engine:DI-UPDATE: resolved payload type=periodic_sine freq=72.28125095367432 mag_in=1000 unit=di duration_us=3669000 period_us=13834 phase=0
2026-07-30 14:15:56,612 INFO:FFB_Engine:DI-UPDATE: resolved payload type=periodic_sine freq=72.42920336176138 mag_in=1000 unit=di duration_us=3669000 period_us=13806 phase=0
2026-07-30 14:15:56,616 INFO:FFB_Engine:DI-UPDATE: resolved payload type=periodic_sine freq=72.53100418653644 mag_in=1000 unit=di duration_us=3669000 period_us=13787 phase=0
2026-07-30 14:15:56,620 INFO:FFB_Engine:DI-UPDATE: resolved payload type=periodic_sine freq=72.63210734383006 mag_in=1000 unit=di duration_us=3669000 period_us=13768 phase=0
2026-07-30 14:15:56,626 INFO:FFB_Engine:DI-UPDATE: resolved payload type=periodic_sine freq=72.782099989594 mag_in=1000 unit=di duration_us=3669000 period_us=13739 phase=0
2026-07-30 14:15:56,631 INFO:FFB_Engine:DI-UPDATE: resolved payload type=periodic_sine freq=72.918948345497 mag_in=1000 unit=di duration_us=3669000 period_us=13713 phase=0
2026-07-30 14:15:56,636 INFO:FFB_Engine:DI-UPDATE: resolved payload type=periodic_sine freq=73.01908414871966 mag_in=1000 unit=di duration_us=3669000 period_us=13695 phase=0
2026-07-30 14:15:56,642 INFO:FFB_Engine:DI-UPDATE: resolved payload type=periodic_sine freq=73.16642683060442 mag_in=1000 unit=di duration_us=3669000 period_us=13667 phase=0
2026-07-30 14:15:56,649 INFO:FFB_Engine:DI-UPDATE: resolved payload type=periodic_sine freq=73.33942491500103 mag_in=1000 unit=di duration_us=3669000 period_us=13635 phase=0
2026-07-30 14:15:56,655 INFO:FFB_Engine:DI-UPDATE: resolved payload type=periodic_sine freq=73.49068977793709 mag_in=1000 unit=di duration_us=3669000 period_us=13607 phase=0
2026-07-30 14:15:56,661 INFO:FFB_Engine:DI-UPDATE: resolved payload type=periodic_sine freq=73.63332467000993 mag_in=1000 unit=di duration_us=3669000 period_us=13580 phase=0
2026-07-30 14:15:56,665 INFO:FFB_Engine:DI-UPDATE: resolved payload type=periodic_sine freq=73.75462500775447 mag_in=1000 unit=di duration_us=3669000 period_us=13558 phase=0
2026-07-30 14:15:56,670 INFO:FFB_Engine:DI-UPDATE: resolved payload type=periodic_sine freq=73.8571352255149 mag_in=1000 unit=di duration_us=3669000 period_us=13539 phase=0
2026-07-30 14:15:56,676 INFO:FFB_Engine:DI-UPDATE: resolved payload type=periodic_sine freq=74.0034577885612 mag_in=1000 unit=di duration_us=3669000 period_us=13512 phase=0
2026-07-30 14:15:56,682 INFO:FFB_Engine:DI-UPDATE: resolved payload type=periodic_sine freq=74.15542618173068 mag_in=1000 unit=di duration_us=3669000 period_us=13485 phase=0
2026-07-30 14:15:56,688 INFO:FFB_Engine:DI-UPDATE: resolved payload type=periodic_sine freq=74.30315580524382 mag_in=1000 unit=di duration_us=3669000 period_us=13458 phase=0
2026-07-30 14:15:56,692 INFO:FFB_Engine:DI-UPDATE: resolved payload type=periodic_sine freq=74.40327988296258 mag_in=1000 unit=di duration_us=3669000 period_us=13440 phase=0
2026-07-30 14:15:56,696 INFO:FFB_Engine:DI-UPDATE: resolved payload type=periodic_sine freq=74.50498690370654 mag_in=1000 unit=di duration_us=3669000 period_us=13421 phase=0
2026-07-30 14:15:56,702 INFO:FFB_Engine:DI-UPDATE: resolved payload type=periodic_sine freq=74.6516553691176 mag_in=1000 unit=di duration_us=3669000 period_us=13395 phase=0
2026-07-30 14:15:56,706 INFO:FFB_Engine:DI-UPDATE: resolved payload type=periodic_sine freq=74.75307511501624 mag_in=1000 unit=di duration_us=3669000 period_us=13377 phase=0
2026-07-30 14:15:56,710 INFO:FFB_Engine:DI-UPDATE: resolved payload type=periodic_sine freq=74.85621850998675 mag_in=1000 unit=di duration_us=3669000 period_us=13358 phase=0
2026-07-30 14:15:56,717 INFO:FFB_Engine:DI-UPDATE: resolved payload type=periodic_sine freq=75.00901941393242 mag_in=1000 unit=di duration_us=3669000 period_us=13331 phase=0
2026-07-30 14:15:56,722 INFO:FFB_Engine:DI-UPDATE: resolved payload type=periodic_sine freq=75.15609240922771 mag_in=1000 unit=di duration_us=3669000 period_us=13305 phase=0
2026-07-30 14:15:56,728 INFO:FFB_Engine:DI-UPDATE: resolved payload type=periodic_sine freq=75.30305401223605 mag_in=1000 unit=di duration_us=3669000 period_us=13279 phase=0
2026-07-30 14:15:56,733 INFO:FFB_Engine:DI-UPDATE: resolved payload type=periodic_sine freq=75.42705707862729 mag_in=1000 unit=di duration_us=3669000 period_us=13257 phase=0
2026-07-30 14:15:56,740 INFO:FFB_Engine:DI-UPDATE: resolved payload type=periodic_sine freq=75.57628756663837 mag_in=1000 unit=di duration_us=3669000 period_us=13231 phase=0
2026-07-30 14:15:56,744 INFO:FFB_Engine:DI-UPDATE: resolved payload type=periodic_sine freq=75.6763530168377 mag_in=1000 unit=di duration_us=3669000 period_us=13214 phase=0
2026-07-30 14:15:56,750 INFO:FFB_Engine:DI-UPDATE: resolved payload type=periodic_sine freq=75.83010954935042 mag_in=1000 unit=di duration_us=3669000 period_us=13187 phase=0
2026-07-30 14:15:56,754 INFO:FFB_Engine:DI-UPDATE: resolved payload type=periodic_sine freq=75.93013982303806 mag_in=1000 unit=di duration_us=3669000 period_us=13170 phase=0
2026-07-30 14:15:56,760 INFO:FFB_Engine:DI-UPDATE: resolved payload type=periodic_sine freq=76.08280002093706 mag_in=1000 unit=di duration_us=3669000 period_us=13143 phase=0
2026-07-30 14:15:56,767 INFO:FFB_Engine:DI-UPDATE: resolved payload type=periodic_sine freq=76.25298984715197 mag_in=1000 unit=di duration_us=3669000 period_us=13114 phase=0
2026-07-30 14:15:56,773 INFO:FFB_Engine:DI-UPDATE: resolved payload type=periodic_sine freq=76.40285937512508 mag_in=1000 unit=di duration_us=3669000 period_us=13088 phase=0
2026-07-30 14:15:56,779 INFO:FFB_Engine:DI-UPDATE: resolved payload type=periodic_sine freq=76.54707134747115 mag_in=1000 unit=di duration_us=3669000 period_us=13063 phase=0
2026-07-30 14:15:56,783 INFO:FFB_Engine:DI-UPDATE: resolved payload type=periodic_sine freq=76.6543538453149 mag_in=1000 unit=di duration_us=3669000 period_us=13045 phase=0
2026-07-30 14:15:56,788 INFO:FFB_Engine:DI-UPDATE: resolved payload type=periodic_sine freq=76.75506419822818 mag_in=1000 unit=di duration_us=3669000 period_us=13028 phase=0
2026-07-30 14:15:56,794 INFO:FFB_Engine:DI-UPDATE: resolved payload type=periodic_sine freq=76.90360874426169 mag_in=1000 unit=di duration_us=3669000 period_us=13003 phase=0
2026-07-30 14:15:56,800 INFO:FFB_Engine:DI-UPDATE: resolved payload type=periodic_sine freq=77.06955980082027 mag_in=1000 unit=di duration_us=3669000 period_us=12975 phase=0
2026-07-30 14:15:56,806 INFO:FFB_Engine:DI-UPDATE: resolved payload type=periodic_sine freq=77.21497363731508 mag_in=1000 unit=di duration_us=3669000 period_us=12950 phase=0
2026-07-30 14:15:56,810 INFO:FFB_Engine:DI-UPDATE: resolved payload type=periodic_sine freq=77.31718485472632 mag_in=1000 unit=di duration_us=3669000 period_us=12933 phase=0
2026-07-30 14:15:56,815 INFO:FFB_Engine:DI-UPDATE: resolved payload type=periodic_sine freq=77.42398660691057 mag_in=1000 unit=di duration_us=3669000 period_us=12915 phase=0
2026-07-30 14:15:56,820 INFO:FFB_Engine:DI-UPDATE: resolved payload type=periodic_sine freq=77.56264655316463 mag_in=1000 unit=di duration_us=3669000 period_us=12892 phase=0
2026-07-30 14:15:56,826 INFO:FFB_Engine:DI-UPDATE: resolved payload type=periodic_sine freq=77.70844733128781 mag_in=1000 unit=di duration_us=3669000 period_us=12868 phase=0
2026-07-30 14:15:56,830 INFO:FFB_Engine:DI-UPDATE: resolved payload type=periodic_sine freq=77.80956807683725 mag_in=1000 unit=di duration_us=3669000 period_us=12851 phase=0
2026-07-30 14:15:56,838 INFO:FFB_Engine:DI-UPDATE: resolved payload type=periodic_sine freq=77.99314256574286 mag_in=1000 unit=di duration_us=3669000 period_us=12821 phase=0
2026-07-30 14:15:56,843 INFO:FFB_Engine:DI-UPDATE: resolved payload type=periodic_sine freq=78.10456416645988 mag_in=1000 unit=di duration_us=3669000 period_us=12803 phase=0
2026-07-30 14:15:56,848 INFO:FFB_Engine:DI-UPDATE: resolved payload type=periodic_sine freq=78.22879588017697 mag_in=1000 unit=di duration_us=3669000 period_us=12783 phase=0
2026-07-30 14:15:56,856 INFO:FFB_Engine:DI-UPDATE: resolved payload type=periodic_sine freq=78.4230405776227 mag_in=1000 unit=di duration_us=3669000 period_us=12751 phase=0
2026-07-30 14:15:56,860 INFO:FFB_Engine:DI-UPDATE: resolved payload type=periodic_sine freq=78.54021940074983 mag_in=1000 unit=di duration_us=3669000 period_us=12732 phase=0
2026-07-30 14:15:56,864 INFO:FFB_Engine:DI-UPDATE: resolved payload type=periodic_sine freq=78.64300516785168 mag_in=1000 unit=di duration_us=3669000 period_us=12715 phase=0
2026-07-30 14:15:56,872 INFO:FFB_Engine:DI-UPDATE: resolved payload type=periodic_sine freq=78.82315580962134 mag_in=1000 unit=di duration_us=3669000 period_us=12686 phase=0
2026-07-30 14:15:56,878 INFO:FFB_Engine:DI-UPDATE: resolved payload type=periodic_sine freq=78.97342986747866 mag_in=1000 unit=di duration_us=3669000 period_us=12662 phase=0
2026-07-30 14:15:56,884 INFO:FFB_Engine:DI-UPDATE: resolved payload type=periodic_sine freq=79.11764770257669 mag_in=1000 unit=di duration_us=3669000 period_us=12639 phase=0
2026-07-30 14:15:56,888 INFO:FFB_Engine:DI-UPDATE: resolved payload type=periodic_sine freq=79.23906529536012 mag_in=1000 unit=di duration_us=3669000 period_us=12620 phase=0
2026-07-30 14:15:56,893 INFO:FFB_Engine:DI-UPDATE: resolved payload type=periodic_sine freq=79.34002774660705 mag_in=1000 unit=di duration_us=3669000 period_us=12603 phase=0
2026-07-30 14:15:56,899 INFO:FFB_Engine:DI-UPDATE: resolved payload type=periodic_sine freq=79.48894750876504 mag_in=1000 unit=di duration_us=3669000 period_us=12580 phase=0
2026-07-30 14:15:56,903 INFO:FFB_Engine:DI-UPDATE: resolved payload type=periodic_sine freq=79.59706838013695 mag_in=1000 unit=di duration_us=3669000 period_us=12563 phase=0
2026-07-30 14:15:56,909 INFO:FFB_Engine:DI-UPDATE: resolved payload type=periodic_sine freq=79.74588261275994 mag_in=1000 unit=di duration_us=3669000 period_us=12539 phase=0
2026-07-30 14:15:56,915 INFO:FFB_Engine:DI-UPDATE: resolved payload type=periodic_sine freq=79.89482582592574 mag_in=1000 unit=di duration_us=3669000 period_us=12516 phase=0
2026-07-30 14:15:56,920 INFO:FFB_Engine:DI-UPDATE: resolved payload type=periodic_sine freq=80.02042356084606 mag_in=1000 unit=di duration_us=3669000 period_us=12496 phase=0
2026-07-30 14:15:56,926 INFO:FFB_Engine:DI-UPDATE: resolved payload type=periodic_sine freq=80.16786590951388 mag_in=1000 unit=di duration_us=3669000 period_us=12473 phase=0
2026-07-30 14:15:56,932 INFO:FFB_Engine:DI-UPDATE: resolved payload type=periodic_sine freq=80.31642804380323 mag_in=1000 unit=di duration_us=3669000 period_us=12450 phase=0
2026-07-30 14:15:56,937 INFO:FFB_Engine:DI-UPDATE: resolved payload type=periodic_sine freq=80.43112692285756 mag_in=1000 unit=di duration_us=3669000 period_us=12432 phase=0
2026-07-30 14:15:56,943 INFO:FFB_Engine:DI-UPDATE: resolved payload type=periodic_sine freq=80.5784520164865 mag_in=1000 unit=di duration_us=3669000 period_us=12410 phase=0
2026-07-30 14:15:56,947 INFO:FFB_Engine:DI-UPDATE: resolved payload type=periodic_sine freq=80.6788281925389 mag_in=1000 unit=di duration_us=3669000 period_us=12394 phase=0
2026-07-30 14:15:56,954 INFO:FFB_Engine:DI-UPDATE: resolved payload type=periodic_sine freq=80.86032726725594 mag_in=1000 unit=di duration_us=3669000 period_us=12367 phase=0
2026-07-30 14:15:56,960 INFO:FFB_Engine:DI-UPDATE: resolved payload type=periodic_sine freq=81.00776961592378 mag_in=1000 unit=di duration_us=3669000 period_us=12344 phase=0
2026-07-30 14:15:56,967 INFO:FFB_Engine:DI-UPDATE: resolved payload type=periodic_sine freq=81.15714667273349 mag_in=1000 unit=di duration_us=3669000 period_us=12321 phase=0
2026-07-30 14:15:56,971 INFO:FFB_Engine:DI-UPDATE: resolved payload type=periodic_sine freq=81.27645953756864 mag_in=1000 unit=di duration_us=3669000 period_us=12303 phase=0
2026-07-30 14:15:56,975 INFO:FFB_Engine:DI-UPDATE: resolved payload type=periodic_sine freq=81.37733991028833 mag_in=1000 unit=di duration_us=3669000 period_us=12288 phase=0
2026-07-30 14:15:56,980 INFO:FFB_Engine:DI-UPDATE: resolved payload type=periodic_sine freq=81.47777471386019 mag_in=1000 unit=di duration_us=3669000 period_us=12273 phase=0
2026-07-30 14:15:56,990 INFO:FFB_Engine:DI-UPDATE: resolved payload type=periodic_sine freq=81.7086733364668 mag_in=1000 unit=di duration_us=3669000 period_us=12238 phase=0
2026-07-30 14:15:56,993 INFO:FFB_Engine:DI-UPDATE: resolved payload type=periodic_sine freq=81.81300100733021 mag_in=1000 unit=di duration_us=3669000 period_us=12222 phase=0
2026-07-30 14:15:56,997 INFO:FFB_Engine:DI-UPDATE: resolved payload type=periodic_sine freq=81.91513600896617 mag_in=1000 unit=di duration_us=3669000 period_us=12207 phase=0
2026-07-30 14:15:57,005 INFO:FFB_Engine:DI-UPDATE: resolved payload type=periodic_sine freq=82.11009009939725 mag_in=1000 unit=di duration_us=3669000 period_us=12178 phase=0
2026-07-30 14:15:57,010 INFO:FFB_Engine:DI-UPDATE: resolved payload type=periodic_sine freq=82.21514475150185 mag_in=1000 unit=di duration_us=3669000 period_us=12163 phase=0
2026-07-30 14:15:57,015 INFO:FFB_Engine:DI-UPDATE: resolved payload type=periodic_sine freq=82.35788517310971 mag_in=1000 unit=di duration_us=3669000 period_us=12142 phase=0
2026-07-30 14:15:57,021 INFO:FFB_Engine:DI-UPDATE: resolved payload type=periodic_sine freq=82.49607023645619 mag_in=1000 unit=di duration_us=3669000 period_us=12121 phase=0
2026-07-30 14:15:57,025 INFO:FFB_Engine:DI-UPDATE: resolved payload type=periodic_sine freq=82.59688025615255 mag_in=1000 unit=di duration_us=3669000 period_us=12106 phase=0
2026-07-30 14:15:57,031 INFO:FFB_Engine:DI-UPDATE: resolved payload type=periodic_sine freq=82.74380668264921 mag_in=1000 unit=di duration_us=3669000 period_us=12085 phase=0
2026-07-30 14:15:57,038 INFO:FFB_Engine:DI-UPDATE: resolved payload type=periodic_sine freq=82.92465499190033 mag_in=1000 unit=di duration_us=3669000 period_us=12059 phase=0
2026-07-30 14:15:57,045 INFO:FFB_Engine:DI-UPDATE: resolved payload type=periodic_sine freq=83.07957821205014 mag_in=1000 unit=di duration_us=3669000 period_us=12036 phase=0
2026-07-30 14:15:57,049 INFO:FFB_Engine:DI-UPDATE: resolved payload type=periodic_sine freq=83.1893172029589 mag_in=1000 unit=di duration_us=3669000 period_us=12020 phase=0
2026-07-30 14:15:57,055 INFO:FFB_Engine:DI-UPDATE: resolved payload type=periodic_sine freq=83.33408027398782 mag_in=1000 unit=di duration_us=3669000 period_us=11999 phase=0
2026-07-30 14:15:57,061 INFO:FFB_Engine:DI-UPDATE: resolved payload type=periodic_sine freq=83.48149330889592 mag_in=1000 unit=di duration_us=3669000 period_us=11978 phase=0
2026-07-30 14:15:57,065 INFO:FFB_Engine:DI-UPDATE: resolved payload type=periodic_sine freq=83.58152358258357 mag_in=1000 unit=di duration_us=3669000 period_us=11964 phase=0
2026-07-30 14:15:57,072 INFO:FFB_Engine:DI-UPDATE: resolved payload type=periodic_sine freq=83.75014805402911 mag_in=1000 unit=di duration_us=3669000 period_us=11940 phase=0
2026-07-30 14:15:57,078 INFO:FFB_Engine:DI-UPDATE: resolved payload type=periodic_sine freq=83.90045142564617 mag_in=1000 unit=di duration_us=3669000 period_us=11918 phase=0
2026-07-30 14:15:57,084 INFO:FFB_Engine:DI-UPDATE: resolved payload type=periodic_sine freq=84.04476306477531 mag_in=1000 unit=di duration_us=3669000 period_us=11898 phase=0
2026-07-30 14:15:57,089 INFO:FFB_Engine:DI-UPDATE: resolved payload type=periodic_sine freq=84.16273335941503 mag_in=1000 unit=di duration_us=3669000 period_us=11881 phase=0
2026-07-30 14:15:57,095 INFO:FFB_Engine:DI-UPDATE: resolved payload type=periodic_sine freq=84.31035745339315 mag_in=1000 unit=di duration_us=3669000 period_us=11860 phase=0
2026-07-30 14:15:57,099 INFO:FFB_Engine:DI-UPDATE: resolved payload type=periodic_sine freq=84.41348912285976 mag_in=1000 unit=di duration_us=3669000 period_us=11846 phase=0
2026-07-30 14:15:57,106 INFO:FFB_Engine:DI-UPDATE: resolved payload type=periodic_sine freq=84.58590679481381 mag_in=1000 unit=di duration_us=3669000 period_us=11822 phase=0
2026-07-30 14:15:57,112 INFO:FFB_Engine:DI-UPDATE: resolved payload type=periodic_sine freq=84.73001910037681 mag_in=1000 unit=di duration_us=3669000 period_us=11802 phase=0
2026-07-30 14:15:57,118 INFO:FFB_Engine:DI-UPDATE: resolved payload type=periodic_sine freq=84.87723280171879 mag_in=1000 unit=di duration_us=3669000 period_us=11781 phase=0
2026-07-30 14:15:57,123 INFO:FFB_Engine:DI-UPDATE: resolved payload type=periodic_sine freq=84.99751888337681 mag_in=1000 unit=di duration_us=3669000 period_us=11765 phase=0
2026-07-30 14:15:57,127 INFO:FFB_Engine:DI-UPDATE: resolved payload type=periodic_sine freq=85.09884482524434 mag_in=1000 unit=di duration_us=3669000 period_us=11751 phase=0
2026-07-30 14:15:57,131 INFO:FFB_Engine:DI-UPDATE: resolved payload type=periodic_sine freq=85.20138435676449 mag_in=1000 unit=di duration_us=3669000 period_us=11736 phase=0
2026-07-30 14:15:57,137 INFO:FFB_Engine:DI-UPDATE: resolved payload type=periodic_sine freq=85.34959472593714 mag_in=1000 unit=di duration_us=3669000 period_us=11716 phase=0
2026-07-30 14:15:57,142 INFO:FFB_Engine:DI-UPDATE: resolved payload type=periodic_sine freq=85.47512797058606 mag_in=1000 unit=di duration_us=3669000 period_us=11699 phase=0
2026-07-30 14:15:57,148 INFO:FFB_Engine:DI-UPDATE: resolved payload type=periodic_sine freq=85.62228304440858 mag_in=1000 unit=di duration_us=3669000 period_us=11679 phase=0
2026-07-30 14:15:57,154 INFO:FFB_Engine:DI-UPDATE: resolved payload type=periodic_sine freq=85.76785517520591 mag_in=1000 unit=di duration_us=3669000 period_us=11659 phase=0
2026-07-30 14:15:57,159 INFO:FFB_Engine:DI-UPDATE: resolved payload type=periodic_sine freq=85.90325543137847 mag_in=1000 unit=di duration_us=3669000 period_us=11641 phase=0
2026-07-30 14:15:57,166 INFO:FFB_Engine:DI-UPDATE: resolved payload type=periodic_sine freq=86.05164168310947 mag_in=1000 unit=di duration_us=3669000 period_us=11620 phase=0
2026-07-30 14:15:57,171 INFO:FFB_Engine:DI-UPDATE: resolved payload type=periodic_sine freq=86.19789389313244 mag_in=1000 unit=di duration_us=3669000 period_us=11601 phase=0
2026-07-30 14:15:57,177 INFO:FFB_Engine:DI-UPDATE: resolved payload type=periodic_sine freq=86.32345058878914 mag_in=1000 unit=di duration_us=3669000 period_us=11584 phase=0
2026-07-30 14:15:57,183 INFO:FFB_Engine:DI-UPDATE: resolved payload type=periodic_sine freq=86.47132091834897 mag_in=1000 unit=di duration_us=3669000 period_us=11564 phase=0
2026-07-30 14:15:57,189 INFO:FFB_Engine:DI-UPDATE: resolved payload type=periodic_sine freq=86.61827079585342 mag_in=1000 unit=di duration_us=3669000 period_us=11544 phase=0
2026-07-30 14:15:57,194 INFO:FFB_Engine:DI-UPDATE: resolved payload type=periodic_sine freq=86.7500771850836 mag_in=1000 unit=di duration_us=3669000 period_us=11527 phase=0
2026-07-30 14:15:57,198 INFO:FFB_Engine:DI-UPDATE: resolved payload type=periodic_sine freq=86.85143244071085 mag_in=1000 unit=di duration_us=3669000 period_us=11513 phase=0
2026-07-30 14:15:57,204 INFO:FFB_Engine:DI-UPDATE: resolved payload type=periodic_sine freq=86.99734461112101 mag_in=1000 unit=di duration_us=3669000 period_us=11494 phase=0
2026-07-30 14:15:57,208 INFO:FFB_Engine:DI-UPDATE: resolved payload type=periodic_sine freq=87.10616901272633 mag_in=1000 unit=di duration_us=3669000 period_us=11480 phase=0
2026-07-30 14:15:57,214 INFO:FFB_Engine:DI-UPDATE: resolved payload type=periodic_sine freq=87.25365826340973 mag_in=1000 unit=di duration_us=3669000 period_us=11460 phase=0
2026-07-30 14:15:57,218 INFO:FFB_Engine:DI-UPDATE: resolved payload type=periodic_sine freq=87.35374130186487 mag_in=1000 unit=di duration_us=3669000 period_us=11447 phase=0
2026-07-30 14:15:57,226 INFO:FFB_Engine:DI-UPDATE: resolved payload type=periodic_sine freq=87.53794896798055 mag_in=1000 unit=di duration_us=3669000 period_us=11423 phase=0
2026-07-30 14:15:57,232 INFO:FFB_Engine:DI-UPDATE: resolved payload type=periodic_sine freq=87.6862003764168 mag_in=1000 unit=di duration_us=3669000 period_us=11404 phase=0
2026-07-30 14:15:57,238 INFO:FFB_Engine:DI-UPDATE: resolved payload type=periodic_sine freq=87.83515531508648 mag_in=1000 unit=di duration_us=3669000 period_us=11384 phase=0
2026-07-30 14:15:57,244 INFO:FFB_Engine:DI-UPDATE: resolved payload type=periodic_sine freq=87.97993011161928 mag_in=1000 unit=di duration_us=3669000 period_us=11366 phase=0
2026-07-30 14:15:57,248 INFO:FFB_Engine:DI-UPDATE: resolved payload type=periodic_sine freq=88.08125605348681 mag_in=1000 unit=di duration_us=3669000 period_us=11353 phase=0
2026-07-30 14:15:57,252 INFO:FFB_Engine:DI-UPDATE: resolved payload type=periodic_sine freq=88.18846233555527 mag_in=1000 unit=di duration_us=3669000 period_us=11339 phase=0
2026-07-30 14:15:57,259 INFO:FFB_Engine:DI-UPDATE: resolved payload type=periodic_sine freq=88.35792518052898 mag_in=1000 unit=di duration_us=3669000 period_us=11317 phase=0
2026-07-30 14:15:57,265 INFO:FFB_Engine:DI-UPDATE: resolved payload type=periodic_sine freq=88.50324521299268 mag_in=1000 unit=di duration_us=3669000 period_us=11299 phase=0
2026-07-30 14:15:57,271 INFO:FFB_Engine:DI-UPDATE: resolved payload type=periodic_sine freq=88.64853593169666 mag_in=1000 unit=di duration_us=3669000 period_us=11280 phase=0
2026-07-30 14:15:57,276 INFO:FFB_Engine:DI-UPDATE: resolved payload type=periodic_sine freq=88.76164600497387 mag_in=1000 unit=di duration_us=3669000 period_us=11266 phase=0
2026-07-30 14:15:57,280 INFO:FFB_Engine:DI-UPDATE: resolved payload type=periodic_sine freq=88.86195182800293 mag_in=1000 unit=di duration_us=3669000 period_us=11253 phase=0
2026-07-30 14:15:57,286 INFO:FFB_Engine:DI-UPDATE: resolved payload type=periodic_sine freq=89.00859097965427 mag_in=1000 unit=di duration_us=3669000 period_us=11234 phase=0
2026-07-30 14:15:57,292 INFO:FFB_Engine:DI-UPDATE: resolved payload type=periodic_sine freq=89.17407301605725 mag_in=1000 unit=di duration_us=3669000 period_us=11214 phase=0
2026-07-30 14:15:57,299 INFO:FFB_Engine:DI-UPDATE: resolved payload type=periodic_sine freq=89.32220130670265 mag_in=1000 unit=di duration_us=3669000 period_us=11195 phase=0
2026-07-30 14:15:57,305 INFO:FFB_Engine:DI-UPDATE: resolved payload type=periodic_sine freq=89.46978436141717 mag_in=1000 unit=di duration_us=3669000 period_us=11176 phase=0
2026-07-30 14:15:57,310 INFO:FFB_Engine:DI-UPDATE: resolved payload type=periodic_sine freq=89.59761580482858 mag_in=1000 unit=di duration_us=3669000 period_us=11161 phase=0
2026-07-30 14:15:57,314 INFO:FFB_Engine:DI-UPDATE: resolved payload type=periodic_sine freq=89.70098784712494 mag_in=1000 unit=di duration_us=3669000 period_us=11148 phase=0
2026-07-30 14:15:57,320 INFO:FFB_Engine:DI-UPDATE: resolved payload type=periodic_sine freq=89.84829535249804 mag_in=1000 unit=di duration_us=3669000 period_us=11129 phase=0
2026-07-30 14:15:57,324 INFO:FFB_Engine:DI-UPDATE: resolved payload type=periodic_sine freq=89.94839011645708 mag_in=1000 unit=di duration_us=3669000 period_us=11117 phase=0
2026-07-30 14:15:57,329 INFO:FFB_Engine:DI-UPDATE: resolved payload type=periodic_sine freq=90.06383942776039 mag_in=1000 unit=di duration_us=3669000 period_us=11103 phase=0
2026-07-30 14:15:57,335 INFO:FFB_Engine:DI-UPDATE: resolved payload type=periodic_sine freq=90.21085965828817 mag_in=1000 unit=di duration_us=3669000 period_us=11085 phase=0
2026-07-30 14:15:57,341 INFO:FFB_Engine:DI-UPDATE: resolved payload type=periodic_sine freq=90.3593924788178 mag_in=1000 unit=di duration_us=3669000 period_us=11066 phase=0
2026-07-30 14:15:57,346 INFO:FFB_Engine:DI-UPDATE: resolved payload type=periodic_sine freq=90.49969399561647 mag_in=1000 unit=di duration_us=3669000 period_us=11049 phase=0
2026-07-30 14:15:57,352 INFO:FFB_Engine:DI-UPDATE: resolved payload type=periodic_sine freq=90.64667904963258 mag_in=1000 unit=di duration_us=3669000 period_us=11031 phase=0
2026-07-30 14:15:57,357 INFO:FFB_Engine:DI-UPDATE: resolved payload type=periodic_sine freq=90.75098913224016 mag_in=1000 unit=di duration_us=3669000 period_us=11019 phase=0
2026-07-30 14:15:57,361 INFO:FFB_Engine:DI-UPDATE: resolved payload type=periodic_sine freq=90.85537543062303 mag_in=1000 unit=di duration_us=3669000 period_us=11006 phase=0
2026-07-30 14:15:57,367 INFO:FFB_Engine:DI-UPDATE: resolved payload type=periodic_sine freq=91.00382617262544 mag_in=1000 unit=di duration_us=3669000 period_us=10988 phase=0
2026-07-30 14:15:57,373 INFO:FFB_Engine:DI-UPDATE: resolved payload type=periodic_sine freq=91.15164373741776 mag_in=1000 unit=di duration_us=3669000 period_us=10970 phase=0
2026-07-30 14:15:57,378 INFO:FFB_Engine:DI-UPDATE: resolved payload type=periodic_sine freq=91.27285027113116 mag_in=1000 unit=di duration_us=3669000 period_us=10956 phase=0
2026-07-30 14:15:57,384 INFO:FFB_Engine:DI-UPDATE: resolved payload type=periodic_sine freq=91.41943665801502 mag_in=1000 unit=di duration_us=3669000 period_us=10938 phase=0
2026-07-30 14:15:57,390 INFO:FFB_Engine:DI-UPDATE: resolved payload type=periodic_sine freq=91.56567127978215 mag_in=1000 unit=di duration_us=3669000 period_us=10921 phase=0
2026-07-30 14:15:57,394 INFO:FFB_Engine:DI-UPDATE: resolved payload type=periodic_sine freq=91.68204690589279 mag_in=1000 unit=di duration_us=3669000 period_us=10907 phase=0
2026-07-30 14:15:57,399 INFO:FFB_Engine:DI-UPDATE: resolved payload type=periodic_sine freq=91.78266345477495 mag_in=1000 unit=di duration_us=3669000 period_us=10895 phase=0
2026-07-30 14:15:57,405 INFO:FFB_Engine:DI-UPDATE: resolved payload type=periodic_sine freq=91.9315656286771 mag_in=1000 unit=di duration_us=3669000 period_us=10877 phase=0
2026-07-30 14:15:57,411 INFO:FFB_Engine:DI-UPDATE: resolved payload type=periodic_sine freq=92.09297305247823 mag_in=1000 unit=di duration_us=3669000 period_us=10858 phase=0
2026-07-30 14:15:57,417 INFO:FFB_Engine:DI-UPDATE: resolved payload type=periodic_sine freq=92.24012812630075 mag_in=1000 unit=di duration_us=3669000 period_us=10841 phase=0
2026-07-30 14:15:57,423 INFO:FFB_Engine:DI-UPDATE: resolved payload type=periodic_sine freq=92.38785774981389 mag_in=1000 unit=di duration_us=3669000 period_us=10823 phase=0
2026-07-30 14:15:57,429 INFO:FFB_Engine:DI-UPDATE: resolved payload type=periodic_sine freq=92.53291395844006 mag_in=1000 unit=di duration_us=3669000 period_us=10806 phase=0
2026-07-30 14:15:57,433 INFO:FFB_Engine:DI-UPDATE: resolved payload type=periodic_sine freq=92.63338393852358 mag_in=1000 unit=di duration_us=3669000 period_us=10795 phase=0
2026-07-30 14:15:57,439 INFO:FFB_Engine:DI-UPDATE: resolved payload type=periodic_sine freq=92.77789491121887 mag_in=1000 unit=di duration_us=3669000 period_us=10778 phase=0
2026-07-30 14:15:57,445 INFO:FFB_Engine:DI-UPDATE: resolved payload type=periodic_sine freq=92.9242467880249 mag_in=1000 unit=di duration_us=3669000 period_us=10761 phase=0
2026-07-30 14:15:57,451 INFO:FFB_Engine:DI-UPDATE: resolved payload type=periodic_sine freq=93.07096801820347 mag_in=1000 unit=di duration_us=3669000 period_us=10744 phase=0
2026-07-30 14:15:57,455 INFO:FFB_Engine:DI-UPDATE: resolved payload type=periodic_sine freq=93.17196564596208 mag_in=1000 unit=di duration_us=3669000 period_us=10732 phase=0
2026-07-30 14:15:57,462 INFO:FFB_Engine:DI-UPDATE: resolved payload type=periodic_sine freq=93.34546206427402 mag_in=1000 unit=di duration_us=3669000 period_us=10712 phase=0
2026-07-30 14:15:57,468 INFO:FFB_Engine:DI-UPDATE: resolved payload type=periodic_sine freq=93.49448735596704 mag_in=1000 unit=di duration_us=3669000 period_us=10695 phase=0
2026-07-30 14:15:57,474 INFO:FFB_Engine:DI-UPDATE: resolved payload type=periodic_sine freq=93.6435712751795 mag_in=1000 unit=di duration_us=3669000 period_us=10678 phase=0
2026-07-30 14:15:57,479 INFO:FFB_Engine:DI-UPDATE: resolved payload type=periodic_sine freq=93.75499287589652 mag_in=1000 unit=di duration_us=3669000 period_us=10666 phase=0
2026-07-30 14:15:57,483 INFO:FFB_Engine:DI-UPDATE: resolved payload type=periodic_sine freq=93.85521662039835 mag_in=1000 unit=di duration_us=3669000 period_us=10654 phase=0
2026-07-30 14:15:57,489 INFO:FFB_Engine:DI-UPDATE: resolved payload type=periodic_sine freq=94.00261792980257 mag_in=1000 unit=di duration_us=3669000 period_us=10638 phase=0
2026-07-30 14:15:57,496 INFO:FFB_Engine:DI-UPDATE: resolved payload type=periodic_sine freq=94.1743203460193 mag_in=1000 unit=di duration_us=3669000 period_us=10618 phase=0
2026-07-30 14:15:57,502 INFO:FFB_Engine:DI-UPDATE: resolved payload type=periodic_sine freq=94.3228766175567 mag_in=1000 unit=di duration_us=3669000 period_us=10601 phase=0
2026-07-30 14:15:57,508 INFO:FFB_Engine:DI-UPDATE: resolved payload type=periodic_sine freq=94.46795627719065 mag_in=1000 unit=di duration_us=3669000 period_us=10585 phase=0
2026-07-30 14:15:57,513 INFO:FFB_Engine:DI-UPDATE: resolved payload type=periodic_sine freq=94.5895438897805 mag_in=1000 unit=di duration_us=3669000 period_us=10571 phase=0
2026-07-30 14:15:57,519 INFO:FFB_Engine:DI-UPDATE: resolved payload type=periodic_sine freq=94.73850469120212 mag_in=1000 unit=di duration_us=3669000 period_us=10555 phase=0
2026-07-30 14:15:57,525 INFO:FFB_Engine:DI-UPDATE: resolved payload type=periodic_sine freq=94.88772931646128 mag_in=1000 unit=di duration_us=3669000 period_us=10538 phase=0
2026-07-30 14:15:57,530 INFO:FFB_Engine:DI-UPDATE: resolved payload type=periodic_sine freq=95.0065966121486 mag_in=1000 unit=di duration_us=3669000 period_us=10525 phase=0
2026-07-30 14:15:57,536 INFO:FFB_Engine:DI-UPDATE: resolved payload type=periodic_sine freq=95.15197527213174 mag_in=1000 unit=di duration_us=3669000 period_us=10509 phase=0
2026-07-30 14:15:57,542 INFO:FFB_Engine:DI-UPDATE: resolved payload type=periodic_sine freq=95.2996286798696 mag_in=1000 unit=di duration_us=3669000 period_us=10493 phase=0
2026-07-30 14:15:57,547 INFO:FFB_Engine:DI-UPDATE: resolved payload type=periodic_sine freq=95.43201548154236 mag_in=1000 unit=di duration_us=3669000 period_us=10478 phase=0
2026-07-30 14:15:57,551 INFO:FFB_Engine:DI-UPDATE: resolved payload type=periodic_sine freq=95.53774435012068 mag_in=1000 unit=di duration_us=3669000 period_us=10467 phase=0
2026-07-30 14:15:57,557 INFO:FFB_Engine:DI-UPDATE: resolved payload type=periodic_sine freq=95.67829796525298 mag_in=1000 unit=di duration_us=3669000 period_us=10451 phase=0
2026-07-30 14:15:57,564 INFO:FFB_Engine:DI-UPDATE: resolved payload type=periodic_sine freq=95.8418101170024 mag_in=1000 unit=di duration_us=3669000 period_us=10433 phase=0
2026-07-30 14:15:57,568 INFO:FFB_Engine:DI-UPDATE: resolved payload type=periodic_sine freq=95.94201627324838 mag_in=1000 unit=di duration_us=3669000 period_us=10422 phase=0
2026-07-30 14:15:57,574 INFO:FFB_Engine:DI-UPDATE: resolved payload type=periodic_sine freq=96.08945862191622 mag_in=1000 unit=di duration_us=3669000 period_us=10406 phase=0
2026-07-30 14:15:57,581 INFO:FFB_Engine:DI-UPDATE: resolved payload type=periodic_sine freq=96.27131532450191 mag_in=1000 unit=di duration_us=3669000 period_us=10387 phase=0
2026-07-30 14:15:57,587 INFO:FFB_Engine:DI-UPDATE: resolved payload type=periodic_sine freq=96.41754994626905 mag_in=1000 unit=di duration_us=3669000 period_us=10371 phase=0
2026-07-30 14:15:57,591 INFO:FFB_Engine:DI-UPDATE: resolved payload type=periodic_sine freq=96.52012465430087 mag_in=1000 unit=di duration_us=3669000 period_us=10360 phase=0
2026-07-30 14:15:57,597 INFO:FFB_Engine:DI-UPDATE: resolved payload type=periodic_sine freq=96.6686457493266 mag_in=1000 unit=di duration_us=3669000 period_us=10344 phase=0
2026-07-30 14:15:57,601 INFO:FFB_Engine:DI-UPDATE: resolved payload type=periodic_sine freq=96.76988961266689 mag_in=1000 unit=di duration_us=3669000 period_us=10333 phase=0
2026-07-30 14:15:57,607 INFO:FFB_Engine:DI-UPDATE: resolved payload type=periodic_sine freq=96.91805307982398 mag_in=1000 unit=di duration_us=3669000 period_us=10317 phase=0
2026-07-30 14:15:57,615 INFO:FFB_Engine:DI-UPDATE: resolved payload type=periodic_sine freq=97.09955215454102 mag_in=1000 unit=di duration_us=3669000 period_us=10298 phase=0
2026-07-30 14:15:57,621 INFO:FFB_Engine:DI-UPDATE: resolved payload type=periodic_sine freq=97.25043007584868 mag_in=1000 unit=di duration_us=3669000 period_us=10282 phase=0
2026-07-30 14:15:57,627 INFO:FFB_Engine:DI-UPDATE: resolved payload type=periodic_sine freq=97.39712199226754 mag_in=1000 unit=di duration_us=3669000 period_us=10267 phase=0
2026-07-30 14:15:57,633 INFO:FFB_Engine:DI-UPDATE: resolved payload type=periodic_sine freq=97.5405776696127 mag_in=1000 unit=di duration_us=3669000 period_us=10252 phase=0
2026-07-30 14:15:57,637 INFO:FFB_Engine:DI-UPDATE: resolved payload type=periodic_sine freq=97.64098902217677 mag_in=1000 unit=di duration_us=3669000 period_us=10241 phase=0
2026-07-30 14:15:57,641 INFO:FFB_Engine:DI-UPDATE: resolved payload type=periodic_sine freq=97.74179904187312 mag_in=1000 unit=di duration_us=3669000 period_us=10231 phase=0
2026-07-30 14:15:57,648 INFO:FFB_Engine:DI-UPDATE: resolved payload type=periodic_sine freq=97.90364617207011 mag_in=1000 unit=di duration_us=3669000 period_us=10214 phase=0
2026-07-30 14:15:57,653 INFO:FFB_Engine:DI-UPDATE: resolved payload type=periodic_sine freq=98.05068985360568 mag_in=1000 unit=di duration_us=3669000 period_us=10198 phase=0
2026-07-30 14:15:57,660 INFO:FFB_Engine:DI-UPDATE: resolved payload type=periodic_sine freq=98.199574439252 mag_in=1000 unit=di duration_us=3669000 period_us=10183 phase=0
2026-07-30 14:15:57,665 INFO:FFB_Engine:DI-UPDATE: resolved payload type=periodic_sine freq=98.33052486669821 mag_in=1000 unit=di duration_us=3669000 period_us=10169 phase=0
2026-07-30 14:15:57,669 INFO:FFB_Engine:DI-UPDATE: resolved payload type=periodic_sine freq=98.43413141907239 mag_in=1000 unit=di duration_us=3669000 period_us=10159 phase=0
2026-07-30 14:15:57,675 INFO:FFB_Engine:DI-UPDATE: resolved payload type=periodic_sine freq=98.58043639386287 mag_in=1000 unit=di duration_us=3669000 period_us=10144 phase=0
2026-07-30 14:15:57,682 INFO:FFB_Engine:DI-UPDATE: resolved payload type=periodic_sine freq=98.75219743759905 mag_in=1000 unit=di duration_us=3669000 period_us=10126 phase=0
2026-07-30 14:15:57,688 INFO:FFB_Engine:DI-UPDATE: resolved payload type=periodic_sine freq=98.8966263317671 mag_in=1000 unit=di duration_us=3669000 period_us=10111 phase=0
2026-07-30 14:15:57,692 INFO:FFB_Engine:DI-UPDATE: resolved payload type=periodic_sine freq=98.99783501859571 mag_in=1000 unit=di duration_us=3669000 period_us=10101 phase=0
2026-07-30 14:15:57,699 INFO:FFB_Engine:DI-UPDATE: resolved payload type=periodic_sine freq=99.17099139729484 mag_in=1000 unit=di duration_us=3669000 period_us=10083 phase=0
2026-07-30 14:15:57,703 INFO:FFB_Engine:DI-UPDATE: resolved payload type=periodic_sine freq=99.27167829920033 mag_in=1000 unit=di duration_us=3669000 period_us=10073 phase=0
2026-07-30 14:15:57,709 INFO:FFB_Engine:DI-UPDATE: resolved payload type=periodic_sine freq=99.41761392061827 mag_in=1000 unit=di duration_us=3669000 period_us=10058 phase=0
2026-07-30 14:15:57,716 INFO:FFB_Engine:DI-UPDATE: resolved payload type=periodic_sine freq=99.58497790039563 mag_in=1000 unit=di duration_us=3669000 period_us=10041 phase=0
2026-07-30 14:15:57,722 INFO:FFB_Engine:DI-UPDATE: resolved payload type=periodic_sine freq=99.73237920979984 mag_in=1000 unit=di duration_us=3669000 period_us=10026 phase=0
2026-07-30 14:15:57,728 INFO:FFB_Engine:DI-UPDATE: resolved payload type=periodic_sine freq=99.881175854167 mag_in=1000 unit=di duration_us=3669000 period_us=10011 phase=0
2026-07-30 14:16:15,139 INFO:FFB_Engine:DI-DESC: resolved payload type=periodic_sine mag_in=3276 unit=s16 length_us=3669000 period_us=100000 offset=0
2026-07-30 14:16:15,148 INFO:FFB_Engine:DI-UPDATE: resolved payload type=periodic_sine freq=10.249213859683177 mag_in=1000 unit=di duration_us=3669000 period_us=97568 phase=0
2026-07-30 14:16:15,154 INFO:FFB_Engine:DI-UPDATE: resolved payload type=periodic_sine freq=10.395518834473657 mag_in=1000 unit=di duration_us=3669000 period_us=96195 phase=0
2026-07-30 14:16:15,158 INFO:FFB_Engine:DI-UPDATE: resolved payload type=periodic_sine freq=10.496041579324691 mag_in=1000 unit=di duration_us=3669000 period_us=95274 phase=0
2026-07-30 14:16:15,164 INFO:FFB_Engine:DI-UPDATE: resolved payload type=periodic_sine freq=10.641719239657043 mag_in=1000 unit=di duration_us=3669000 period_us=93969 phase=0
2026-07-30 14:16:15,170 INFO:FFB_Engine:DI-UPDATE: resolved payload type=periodic_sine freq=10.798536128685123 mag_in=1000 unit=di duration_us=3669000 period_us=92605 phase=0
2026-07-30 14:16:15,176 INFO:FFB_Engine:DI-UPDATE: resolved payload type=periodic_sine freq=10.948499460689357 mag_in=1000 unit=di duration_us=3669000 period_us=91336 phase=0
2026-07-30 14:16:15,182 INFO:FFB_Engine:DI-UPDATE: resolved payload type=periodic_sine freq=11.093919159936123 mag_in=1000 unit=di duration_us=3669000 period_us=90139 phase=0
2026-07-30 14:16:15,187 INFO:FFB_Engine:DI-UPDATE: resolved payload type=periodic_sine freq=11.207961410772604 mag_in=1000 unit=di duration_us=3669000 period_us=89222 phase=0
2026-07-30 14:16:15,193 INFO:FFB_Engine:DI-UPDATE: resolved payload type=periodic_sine freq=11.358270645141602 mag_in=1000 unit=di duration_us=3669000 period_us=88041 phase=0
2026-07-30 14:16:15,199 INFO:FFB_Engine:DI-UPDATE: resolved payload type=periodic_sine freq=11.503901403458393 mag_in=1000 unit=di duration_us=3669000 period_us=86927 phase=0
2026-07-30 14:16:15,203 INFO:FFB_Engine:DI-UPDATE: resolved payload type=periodic_sine freq=11.614308748088899 mag_in=1000 unit=di duration_us=3669000 period_us=86100 phase=0
2026-07-30 14:16:15,209 INFO:FFB_Engine:DI-UPDATE: resolved payload type=periodic_sine freq=11.762777078347128 mag_in=1000 unit=di duration_us=3669000 period_us=85013 phase=0
2026-07-30 14:16:15,214 INFO:FFB_Engine:DI-UPDATE: resolved payload type=periodic_sine freq=11.864302353780777 mag_in=1000 unit=di duration_us=3669000 period_us=84286 phase=0
2026-07-30 14:16:15,220 INFO:FFB_Engine:DI-UPDATE: resolved payload type=periodic_sine freq=12.026864739715077 mag_in=1000 unit=di duration_us=3669000 period_us=83147 phase=0
2026-07-30 14:16:15,226 INFO:FFB_Engine:DI-UPDATE: resolved payload type=periodic_sine freq=12.172472047024087 mag_in=1000 unit=di duration_us=3669000 period_us=82152 phase=0
2026-07-30 14:16:15,230 INFO:FFB_Engine:DI-UPDATE: resolved payload type=periodic_sine freq=12.27399145970579 mag_in=1000 unit=di duration_us=3669000 period_us=81473 phase=0
2026-07-30 14:16:15,237 INFO:FFB_Engine:DI-UPDATE: resolved payload type=periodic_sine freq=12.442639382159124 mag_in=1000 unit=di duration_us=3669000 period_us=80368 phase=0
2026-07-30 14:16:15,241 INFO:FFB_Engine:DI-UPDATE: resolved payload type=periodic_sine freq=12.542675518598713 mag_in=1000 unit=di duration_us=3669000 period_us=79727 phase=0
2026-07-30 14:16:15,247 INFO:FFB_Engine:DI-UPDATE: resolved payload type=periodic_sine freq=12.687983825558522 mag_in=1000 unit=di duration_us=3669000 period_us=78814 phase=0
2026-07-30 14:16:15,254 INFO:FFB_Engine:DI-UPDATE: resolved payload type=periodic_sine freq=12.84715754086854 mag_in=1000 unit=di duration_us=3669000 period_us=77838 phase=0
2026-07-30 14:16:15,260 INFO:FFB_Engine:DI-UPDATE: resolved payload type=periodic_sine freq=12.995326870777568 mag_in=1000 unit=di duration_us=3669000 period_us=76950 phase=0
2026-07-30 14:16:15,266 INFO:FFB_Engine:DI-UPDATE: resolved payload type=periodic_sine freq=13.142575748631211 mag_in=1000 unit=di duration_us=3669000 period_us=76088 phase=0
2026-07-30 14:16:15,270 INFO:FFB_Engine:DI-UPDATE: resolved payload type=periodic_sine freq=13.257866765632004 mag_in=1000 unit=di duration_us=3669000 period_us=75426 phase=0
2026-07-30 14:16:15,276 INFO:FFB_Engine:DI-UPDATE: resolved payload type=periodic_sine freq=13.408193588256836 mag_in=1000 unit=di duration_us=3669000 period_us=74581 phase=0
2026-07-30 14:16:15,282 INFO:FFB_Engine:DI-UPDATE: resolved payload type=periodic_sine freq=13.554650994597889 mag_in=1000 unit=di duration_us=3669000 period_us=73775 phase=0
2026-07-30 14:16:15,287 INFO:FFB_Engine:DI-UPDATE: resolved payload type=periodic_sine freq=13.66312949383845 mag_in=1000 unit=di duration_us=3669000 period_us=73189 phase=0
2026-07-30 14:16:15,291 INFO:FFB_Engine:DI-UPDATE: resolved payload type=periodic_sine freq=13.763746042720607 mag_in=1000 unit=di duration_us=3669000 period_us=72654 phase=0
2026-07-30 14:16:15,297 INFO:FFB_Engine:DI-UPDATE: resolved payload type=periodic_sine freq=13.910361743364177 mag_in=1000 unit=di duration_us=3669000 period_us=71888 phase=0
2026-07-30 14:16:15,303 INFO:FFB_Engine:DI-UPDATE: resolved payload type=periodic_sine freq=14.073064835345159 mag_in=1000 unit=di duration_us=3669000 period_us=71057 phase=0
2026-07-30 14:16:15,309 INFO:FFB_Engine:DI-UPDATE: resolved payload type=periodic_sine freq=14.219240829592845 mag_in=1000 unit=di duration_us=3669000 period_us=70327 phase=0
2026-07-30 14:16:15,313 INFO:FFB_Engine:DI-UPDATE: resolved payload type=periodic_sine freq=14.319869103978892 mag_in=1000 unit=di duration_us=3669000 period_us=69833 phase=0
2026-07-30 14:16:15,320 INFO:FFB_Engine:DI-UPDATE: resolved payload type=periodic_sine freq=14.487256534764024 mag_in=1000 unit=di duration_us=3669000 period_us=69026 phase=0
2026-07-30 14:16:15,326 INFO:FFB_Engine:DI-UPDATE: resolved payload type=periodic_sine freq=14.634939256261607 mag_in=1000 unit=di duration_us=3669000 period_us=68329 phase=0
2026-07-30 14:16:15,332 INFO:FFB_Engine:DI-UPDATE: resolved payload type=periodic_sine freq=14.781349760587098 mag_in=1000 unit=di duration_us=3669000 period_us=67652 phase=0
2026-07-30 14:16:15,337 INFO:FFB_Engine:DI-UPDATE: resolved payload type=periodic_sine freq=14.896898738673475 mag_in=1000 unit=di duration_us=3669000 period_us=67128 phase=0
2026-07-30 14:16:15,341 INFO:FFB_Engine:DI-UPDATE: resolved payload type=periodic_sine freq=15.002680372019283 mag_in=1000 unit=di duration_us=3669000 period_us=66654 phase=0
2026-07-30 14:16:15,347 INFO:FFB_Engine:DI-UPDATE: resolved payload type=periodic_sine freq=15.150685544873848 mag_in=1000 unit=di duration_us=3669000 period_us=66003 phase=0
2026-07-30 14:16:15,354 INFO:FFB_Engine:DI-UPDATE: resolved payload type=periodic_sine freq=15.308927082624592 mag_in=1000 unit=di duration_us=3669000 period_us=65321 phase=0
2026-07-30 14:16:15,360 INFO:FFB_Engine:DI-UPDATE: resolved payload type=periodic_sine freq=15.457782354511199 mag_in=1000 unit=di duration_us=3669000 period_us=64692 phase=0
2026-07-30 14:16:15,366 INFO:FFB_Engine:DI-UPDATE: resolved payload type=periodic_sine freq=15.603559681626617 mag_in=1000 unit=di duration_us=3669000 period_us=64087 phase=0
2026-07-30 14:16:15,370 INFO:FFB_Engine:DI-UPDATE: resolved payload type=periodic_sine freq=15.711252572106533 mag_in=1000 unit=di duration_us=3669000 period_us=63648 phase=0
2026-07-30 14:16:15,374 INFO:FFB_Engine:DI-UPDATE: resolved payload type=periodic_sine freq=15.813997299944768 mag_in=1000 unit=di duration_us=3669000 period_us=63235 phase=0
2026-07-30 14:16:15,380 INFO:FFB_Engine:DI-UPDATE: resolved payload type=periodic_sine freq=15.957916134693583 mag_in=1000 unit=di duration_us=3669000 period_us=62664 phase=0
2026-07-30 14:16:15,387 INFO:FFB_Engine:DI-UPDATE: resolved payload type=periodic_sine freq=16.12332781807321 mag_in=1000 unit=di duration_us=3669000 period_us=62021 phase=0
2026-07-30 14:16:15,393 INFO:FFB_Engine:DI-UPDATE: resolved payload type=periodic_sine freq=16.271344716431663 mag_in=1000 unit=di duration_us=3669000 period_us=61457 phase=0
2026-07-30 14:16:15,399 INFO:FFB_Engine:DI-UPDATE: resolved payload type=periodic_sine freq=16.419197457735656 mag_in=1000 unit=di duration_us=3669000 period_us=60904 phase=0
2026-07-30 14:16:15,403 INFO:FFB_Engine:DI-UPDATE: resolved payload type=periodic_sine freq=16.534095670356123 mag_in=1000 unit=di duration_us=3669000 period_us=60481 phase=0
2026-07-30 14:16:15,410 INFO:FFB_Engine:DI-UPDATE: resolved payload type=periodic_sine freq=16.685419160811627 mag_in=1000 unit=di duration_us=3669000 period_us=59932 phase=0
2026-07-30 14:16:15,416 INFO:FFB_Engine:DI-UPDATE: resolved payload type=periodic_sine freq=16.831518939284027 mag_in=1000 unit=di duration_us=3669000 period_us=59412 phase=0
2026-07-30 14:16:15,420 INFO:FFB_Engine:DI-UPDATE: resolved payload type=periodic_sine freq=16.940226085850448 mag_in=1000 unit=di duration_us=3669000 period_us=59031 phase=0
2026-07-30 14:16:15,424 INFO:FFB_Engine:DI-UPDATE: resolved payload type=periodic_sine freq=17.041112321322082 mag_in=1000 unit=di duration_us=3669000 period_us=58681 phase=0
2026-07-30 14:16:15,430 INFO:FFB_Engine:DI-UPDATE: resolved payload type=periodic_sine freq=17.190090710999534 mag_in=1000 unit=di duration_us=3669000 period_us=58173 phase=0
2026-07-30 14:16:15,437 INFO:FFB_Engine:DI-UPDATE: resolved payload type=periodic_sine freq=17.359236967368204 mag_in=1000 unit=di duration_us=3669000 period_us=57606 phase=0
2026-07-30 14:16:15,443 INFO:FFB_Engine:DI-UPDATE: resolved payload type=periodic_sine freq=17.507570454331695 mag_in=1000 unit=di duration_us=3669000 period_us=57118 phase=0
2026-07-30 14:16:15,449 INFO:FFB_Engine:DI-UPDATE: resolved payload type=periodic_sine freq=17.65369954656382 mag_in=1000 unit=di duration_us=3669000 period_us=56645 phase=0
2026-07-30 14:16:15,454 INFO:FFB_Engine:DI-UPDATE: resolved payload type=periodic_sine freq=17.76625265840624 mag_in=1000 unit=di duration_us=3669000 period_us=56286 phase=0
2026-07-30 14:16:15,460 INFO:FFB_Engine:DI-UPDATE: resolved payload type=periodic_sine freq=17.914533380602226 mag_in=1000 unit=di duration_us=3669000 period_us=55820 phase=0
2026-07-30 14:16:15,464 INFO:FFB_Engine:DI-UPDATE: resolved payload type=periodic_sine freq=18.015871047973633 mag_in=1000 unit=di duration_us=3669000 period_us=55506 phase=0
2026-07-30 14:16:15,470 INFO:FFB_Engine:DI-UPDATE: resolved payload type=periodic_sine freq=18.171685406419098 mag_in=1000 unit=di duration_us=3669000 period_us=55030 phase=0
2026-07-30 14:16:15,476 INFO:FFB_Engine:DI-UPDATE: resolved payload type=periodic_sine freq=18.318301107062666 mag_in=1000 unit=di duration_us=3669000 period_us=54590 phase=0
2026-07-30 14:16:15,482 INFO:FFB_Engine:DI-UPDATE: resolved payload type=periodic_sine freq=18.467854046430745 mag_in=1000 unit=di duration_us=3669000 period_us=54148 phase=0
2026-07-30 14:16:15,487 INFO:FFB_Engine:DI-UPDATE: resolved payload type=periodic_sine freq=18.58502700680592 mag_in=1000 unit=di duration_us=3669000 period_us=53806 phase=0
2026-07-30 14:16:15,493 INFO:FFB_Engine:DI-UPDATE: resolved payload type=periodic_sine freq=18.733999533731428 mag_in=1000 unit=di duration_us=3669000 period_us=53378 phase=0
2026-07-30 14:16:15,499 INFO:FFB_Engine:DI-UPDATE: resolved payload type=periodic_sine freq=18.884467062402944 mag_in=1000 unit=di duration_us=3669000 period_us=52953 phase=0
2026-07-30 14:16:15,504 INFO:FFB_Engine:DI-UPDATE: resolved payload type=periodic_sine freq=18.996803252423398 mag_in=1000 unit=di duration_us=3669000 period_us=52640 phase=0
2026-07-30 14:16:15,510 INFO:FFB_Engine:DI-UPDATE: resolved payload type=periodic_sine freq=19.14363001213699 mag_in=1000 unit=di duration_us=3669000 period_us=52236 phase=0
2026-07-30 14:16:15,516 INFO:FFB_Engine:DI-UPDATE: resolved payload type=periodic_sine freq=19.291506204448762 mag_in=1000 unit=di duration_us=3669000 period_us=51836 phase=0
2026-07-30 14:16:15,520 INFO:FFB_Engine:DI-UPDATE: resolved payload type=periodic_sine freq=19.404047590787293 mag_in=1000 unit=di duration_us=3669000 period_us=51535 phase=0
2026-07-30 14:16:15,526 INFO:FFB_Engine:DI-UPDATE: resolved payload type=periodic_sine freq=19.55372951069816 mag_in=1000 unit=di duration_us=3669000 period_us=51141 phase=0
2026-07-30 14:16:15,530 INFO:FFB_Engine:DI-UPDATE: resolved payload type=periodic_sine freq=19.657341925824277 mag_in=1000 unit=di duration_us=3669000 period_us=50871 phase=0
2026-07-30 14:16:15,537 INFO:FFB_Engine:DI-UPDATE: resolved payload type=periodic_sine freq=19.814903384349385 mag_in=1000 unit=di duration_us=3669000 period_us=50467 phase=0
2026-07-30 14:16:15,541 INFO:FFB_Engine:DI-UPDATE: resolved payload type=periodic_sine freq=19.915947914123535 mag_in=1000 unit=di duration_us=3669000 period_us=50211 phase=0
2026-07-30 14:16:15,547 INFO:FFB_Engine:DI-UPDATE: resolved payload type=periodic_sine freq=20.0639530869781 mag_in=1000 unit=di duration_us=3669000 period_us=49840 phase=0
2026-07-30 14:16:15,554 INFO:FFB_Engine:DI-UPDATE: resolved payload type=periodic_sine freq=20.230496281483134 mag_in=1000 unit=di duration_us=3669000 period_us=49430 phase=0
2026-07-30 14:16:15,560 INFO:FFB_Engine:DI-UPDATE: resolved payload type=periodic_sine freq=20.37707094286309 mag_in=1000 unit=di duration_us=3669000 period_us=49074 phase=0
2026-07-30 14:16:15,566 INFO:FFB_Engine:DI-UPDATE: resolved payload type=periodic_sine freq=20.524014957615584 mag_in=1000 unit=di duration_us=3669000 period_us=48723 phase=0
2026-07-30 14:16:15,570 INFO:FFB_Engine:DI-UPDATE: resolved payload type=periodic_sine freq=20.637019501357784 mag_in=1000 unit=di duration_us=3669000 period_us=48456 phase=0
2026-07-30 14:16:15,576 INFO:FFB_Engine:DI-UPDATE: resolved payload type=periodic_sine freq=20.785587498399074 mag_in=1000 unit=di duration_us=3669000 period_us=48110 phase=0
2026-07-30 14:16:15,582 INFO:FFB_Engine:DI-UPDATE: resolved payload type=periodic_sine freq=20.933633710517256 mag_in=1000 unit=di duration_us=3669000 period_us=47770 phase=0
2026-07-30 14:16:15,587 INFO:FFB_Engine:DI-UPDATE: resolved payload type=periodic_sine freq=21.048197746276855 mag_in=1000 unit=di duration_us=3669000 period_us=47510 phase=0
2026-07-30 14:16:15,593 INFO:FFB_Engine:DI-UPDATE: resolved payload type=periodic_sine freq=21.19549352614606 mag_in=1000 unit=di duration_us=3669000 period_us=47179 phase=0
2026-07-30 14:16:15,597 INFO:FFB_Engine:DI-UPDATE: resolved payload type=periodic_sine freq=21.297095017354998 mag_in=1000 unit=di duration_us=3669000 period_us=46954 phase=0
2026-07-30 14:16:15,604 INFO:FFB_Engine:DI-UPDATE: resolved payload type=periodic_sine freq=21.457277125999575 mag_in=1000 unit=di duration_us=3669000 period_us=46604 phase=0
2026-07-30 14:16:15,610 INFO:FFB_Engine:DI-UPDATE: resolved payload type=periodic_sine freq=21.604889494473817 mag_in=1000 unit=di duration_us=3669000 period_us=46285 phase=0
2026-07-30 14:16:15,616 INFO:FFB_Engine:DI-UPDATE: resolved payload type=periodic_sine freq=21.75326988345287 mag_in=1000 unit=di duration_us=3669000 period_us=45970 phase=0
2026-07-30 14:16:15,620 INFO:FFB_Engine:DI-UPDATE: resolved payload type=periodic_sine freq=21.862850580059114 mag_in=1000 unit=di duration_us=3669000 period_us=45739 phase=0
2026-07-30 14:16:15,624 INFO:FFB_Engine:DI-UPDATE: resolved payload type=periodic_sine freq=21.965466327354555 mag_in=1000 unit=di duration_us=3669000 period_us=45526 phase=0
2026-07-30 14:16:15,630 INFO:FFB_Engine:DI-UPDATE: resolved payload type=periodic_sine freq=22.110510810476832 mag_in=1000 unit=di duration_us=3669000 period_us=45227 phase=0
2026-07-30 14:16:15,634 INFO:FFB_Engine:DI-UPDATE: resolved payload type=periodic_sine freq=22.210892849281187 mag_in=1000 unit=di duration_us=3669000 period_us=45022 phase=0
2026-07-30 14:16:15,639 INFO:FFB_Engine:DI-UPDATE: resolved payload type=periodic_sine freq=22.328271005974443 mag_in=1000 unit=di duration_us=3669000 period_us=44786 phase=0
2026-07-30 14:16:15,645 INFO:FFB_Engine:DI-UPDATE: resolved payload type=periodic_sine freq=22.473884176035398 mag_in=1000 unit=di duration_us=3669000 period_us=44496 phase=0
2026-07-30 14:16:15,651 INFO:FFB_Engine:DI-UPDATE: resolved payload type=periodic_sine freq=22.621461367997966 mag_in=1000 unit=di duration_us=3669000 period_us=44205 phase=0
2026-07-30 14:16:15,656 INFO:FFB_Engine:DI-UPDATE: resolved payload type=periodic_sine freq=22.73302367476166 mag_in=1000 unit=di duration_us=3669000 period_us=43988 phase=0
2026-07-30 14:16:15,662 INFO:FFB_Engine:DI-UPDATE: resolved payload type=periodic_sine freq=22.881691338586023 mag_in=1000 unit=di duration_us=3669000 period_us=43703 phase=0
2026-07-30 14:16:15,668 INFO:FFB_Engine:DI-UPDATE: resolved payload type=periodic_sine freq=23.029532354386127 mag_in=1000 unit=di duration_us=3669000 period_us=43422 phase=0
2026-07-30 14:16:15,673 INFO:FFB_Engine:DI-UPDATE: resolved payload type=periodic_sine freq=23.150334358215332 mag_in=1000 unit=di duration_us=3669000 period_us=43195 phase=0
2026-07-30 14:16:15,678 INFO:FFB_Engine:DI-UPDATE: resolved payload type=periodic_sine freq=23.29685625482778 mag_in=1000 unit=di duration_us=3669000 period_us=42924 phase=0
2026-07-30 14:16:15,685 INFO:FFB_Engine:DI-UPDATE: resolved payload type=periodic_sine freq=23.44604570357526 mag_in=1000 unit=di duration_us=3669000 period_us=42651 phase=0
2026-07-30 14:16:15,689 INFO:FFB_Engine:DI-UPDATE: resolved payload type=periodic_sine freq=23.554049319908266 mag_in=1000 unit=di duration_us=3669000 period_us=42455 phase=0
2026-07-30 14:16:15,695 INFO:FFB_Engine:DI-UPDATE: resolved payload type=periodic_sine freq=23.701966551483654 mag_in=1000 unit=di duration_us=3669000 period_us=42190 phase=0
2026-07-30 14:16:15,701 INFO:FFB_Engine:DI-UPDATE: resolved payload type=periodic_sine freq=23.850780784106647 mag_in=1000 unit=di duration_us=3669000 period_us=41927 phase=0
2026-07-30 14:16:15,705 INFO:FFB_Engine:DI-UPDATE: resolved payload type=periodic_sine freq=23.96067806931793 mag_in=1000 unit=di duration_us=3669000 period_us=41735 phase=0
2026-07-30 14:16:15,711 INFO:FFB_Engine:DI-UPDATE: resolved payload type=periodic_sine freq=24.10785659414823 mag_in=1000 unit=di duration_us=3669000 period_us=41480 phase=0
2026-07-30 14:16:15,717 INFO:FFB_Engine:DI-UPDATE: resolved payload type=periodic_sine freq=24.255439648862748 mag_in=1000 unit=di duration_us=3669000 period_us=41227 phase=0
2026-07-30 14:16:15,723 INFO:FFB_Engine:DI-UPDATE: resolved payload type=periodic_sine freq=24.38022246126269 mag_in=1000 unit=di duration_us=3669000 period_us=41016 phase=0
2026-07-30 14:16:15,729 INFO:FFB_Engine:DI-UPDATE: resolved payload type=periodic_sine freq=24.527934496519997 mag_in=1000 unit=di duration_us=3669000 period_us=40769 phase=0
2026-07-30 14:16:15,735 INFO:FFB_Engine:DI-UPDATE: resolved payload type=periodic_sine freq=24.675476511970896 mag_in=1000 unit=di duration_us=3669000 period_us=40526 phase=0
2026-07-30 14:16:15,739 INFO:FFB_Engine:DI-UPDATE: resolved payload type=periodic_sine freq=24.783480128303903 mag_in=1000 unit=di duration_us=3669000 period_us=40349 phase=0
2026-07-30 14:16:15,743 INFO:FFB_Engine:DI-UPDATE: resolved payload type=periodic_sine freq=24.88531612959064 mag_in=1000 unit=di duration_us=3669000 period_us=40184 phase=0
2026-07-30 14:16:15,749 INFO:FFB_Engine:DI-UPDATE: resolved payload type=periodic_sine freq=25.030636162054343 mag_in=1000 unit=di duration_us=3669000 period_us=39951 phase=0
2026-07-30 14:16:15,753 INFO:FFB_Engine:DI-UPDATE: resolved payload type=periodic_sine freq=25.140967290909565 mag_in=1000 unit=di duration_us=3669000 period_us=39775 phase=0
2026-07-30 14:16:15,760 INFO:FFB_Engine:DI-UPDATE: resolved payload type=periodic_sine freq=25.28983428830006 mag_in=1000 unit=di duration_us=3669000 period_us=39541 phase=0
2026-07-30 14:16:15,765 INFO:FFB_Engine:DI-UPDATE: resolved payload type=periodic_sine freq=25.436643459757818 mag_in=1000 unit=di duration_us=3669000 period_us=39313 phase=0
2026-07-30 14:16:15,771 INFO:FFB_Engine:DI-UPDATE: resolved payload type=periodic_sine freq=25.55969676033395 mag_in=1000 unit=di duration_us=3669000 period_us=39124 phase=0
2026-07-30 14:16:15,777 INFO:FFB_Engine:DI-UPDATE: resolved payload type=periodic_sine freq=25.70818854159996 mag_in=1000 unit=di duration_us=3669000 period_us=38898 phase=0
2026-07-30 14:16:15,783 INFO:FFB_Engine:DI-UPDATE: resolved payload type=periodic_sine freq=25.855947478872828 mag_in=1000 unit=di duration_us=3669000 period_us=38675 phase=0
2026-07-30 14:16:15,787 INFO:FFB_Engine:DI-UPDATE: resolved payload type=periodic_sine freq=25.96327687873215 mag_in=1000 unit=di duration_us=3669000 period_us=38515 phase=0
2026-07-30 14:16:15,791 INFO:FFB_Engine:DI-UPDATE: resolved payload type=periodic_sine freq=26.063547525249543 mag_in=1000 unit=di duration_us=3669000 period_us=38367 phase=0
2026-07-30 14:16:15,797 INFO:FFB_Engine:DI-UPDATE: resolved payload type=periodic_sine freq=26.211259560506853 mag_in=1000 unit=di duration_us=3669000 period_us=38151 phase=0
2026-07-30 14:16:15,804 INFO:FFB_Engine:DI-UPDATE: resolved payload type=periodic_sine freq=26.37977850241739 mag_in=1000 unit=di duration_us=3669000 period_us=37907 phase=0
2026-07-30 14:16:15,810 INFO:FFB_Engine:DI-UPDATE: resolved payload type=periodic_sine freq=26.52764883197722 mag_in=1000 unit=di duration_us=3669000 period_us=37696 phase=0
2026-07-30 14:16:15,816 INFO:FFB_Engine:DI-UPDATE: resolved payload type=periodic_sine freq=26.67475114103223 mag_in=1000 unit=di duration_us=3669000 period_us=37488 phase=0
2026-07-30 14:16:15,820 INFO:FFB_Engine:DI-UPDATE: resolved payload type=periodic_sine freq=26.78253197279133 mag_in=1000 unit=di duration_us=3669000 period_us=37337 phase=0
2026-07-30 14:16:15,826 INFO:FFB_Engine:DI-UPDATE: resolved payload type=periodic_sine freq=26.931352068166262 mag_in=1000 unit=di duration_us=3669000 period_us=37131 phase=0
2026-07-30 14:16:15,832 INFO:FFB_Engine:DI-UPDATE: resolved payload type=periodic_sine freq=27.078313671174595 mag_in=1000 unit=di duration_us=3669000 period_us=36929 phase=0
2026-07-30 14:16:15,837 INFO:FFB_Engine:DI-UPDATE: resolved payload type=periodic_sine freq=27.192133137437164 mag_in=1000 unit=di duration_us=3669000 period_us=36775 phase=0
2026-07-30 14:16:15,843 INFO:FFB_Engine:DI-UPDATE: resolved payload type=periodic_sine freq=27.340144173043672 mag_in=1000 unit=di duration_us=3669000 period_us=36576 phase=0
2026-07-30 14:16:15,849 INFO:FFB_Engine:DI-UPDATE: resolved payload type=periodic_sine freq=27.48817865965796 mag_in=1000 unit=di duration_us=3669000 period_us=36379 phase=0
2026-07-30 14:16:15,854 INFO:FFB_Engine:DI-UPDATE: resolved payload type=periodic_sine freq=27.61056360651235 mag_in=1000 unit=di duration_us=3669000 period_us=36218 phase=0
2026-07-30 14:16:15,860 INFO:FFB_Engine:DI-UPDATE: resolved payload type=periodic_sine freq=27.758222877002154 mag_in=1000 unit=di duration_us=3669000 period_us=36025 phase=0
2026-07-30 14:16:15,866 INFO:FFB_Engine:DI-UPDATE: resolved payload type=periodic_sine freq=27.905958363267242 mag_in=1000 unit=di duration_us=3669000 period_us=35834 phase=0
2026-07-30 14:16:15,871 INFO:FFB_Engine:DI-UPDATE: resolved payload type=periodic_sine freq=28.02130214503554 mag_in=1000 unit=di duration_us=3669000 period_us=35687 phase=0
2026-07-30 14:16:15,877 INFO:FFB_Engine:DI-UPDATE: resolved payload type=periodic_sine freq=28.167706786609084 mag_in=1000 unit=di duration_us=3669000 period_us=35501 phase=0
2026-07-30 14:16:15,883 INFO:FFB_Engine:DI-UPDATE: resolved payload type=periodic_sine freq=28.317119019930477 mag_in=1000 unit=di duration_us=3669000 period_us=35314 phase=0
2026-07-30 14:16:15,888 INFO:FFB_Engine:DI-UPDATE: resolved payload type=periodic_sine freq=28.44099310577893 mag_in=1000 unit=di duration_us=3669000 period_us=35160 phase=0
2026-07-30 14:16:15,894 INFO:FFB_Engine:DI-UPDATE: resolved payload type=periodic_sine freq=28.59080400623259 mag_in=1000 unit=di duration_us=3669000 period_us=34976 phase=0
2026-07-30 14:16:15,898 INFO:FFB_Engine:DI-UPDATE: resolved payload type=periodic_sine freq=28.697236405044304 mag_in=1000 unit=di duration_us=3669000 period_us=34846 phase=0
2026-07-30 14:16:15,904 INFO:FFB_Engine:DI-UPDATE: resolved payload type=periodic_sine freq=28.843945909718997 mag_in=1000 unit=di duration_us=3669000 period_us=34669 phase=0
2026-07-30 14:16:15,908 INFO:FFB_Engine:DI-UPDATE: resolved payload type=periodic_sine freq=28.94439830154669 mag_in=1000 unit=di duration_us=3669000 period_us=34548 phase=0
2026-07-30 14:16:15,914 INFO:FFB_Engine:DI-UPDATE: resolved payload type=periodic_sine freq=29.088457842342187 mag_in=1000 unit=di duration_us=3669000 period_us=34377 phase=0
2026-07-30 14:16:15,921 INFO:FFB_Engine:DI-UPDATE: resolved payload type=periodic_sine freq=29.257727216501703 mag_in=1000 unit=di duration_us=3669000 period_us=34179 phase=0
2026-07-30 14:16:15,927 INFO:FFB_Engine:DI-UPDATE: resolved payload type=periodic_sine freq=29.403428327841837 mag_in=1000 unit=di duration_us=3669000 period_us=34009 phase=0
2026-07-30 14:16:15,933 INFO:FFB_Engine:DI-UPDATE: resolved payload type=periodic_sine freq=29.552506384302358 mag_in=1000 unit=di duration_us=3669000 period_us=33838 phase=0
2026-07-30 14:16:15,938 INFO:FFB_Engine:DI-UPDATE: resolved payload type=periodic_sine freq=29.668037774132898 mag_in=1000 unit=di duration_us=3669000 period_us=33706 phase=0
2026-07-30 14:16:15,944 INFO:FFB_Engine:DI-UPDATE: resolved payload type=periodic_sine freq=29.818106635672144 mag_in=1000 unit=di duration_us=3669000 period_us=33536 phase=0
2026-07-30 14:16:15,950 INFO:FFB_Engine:DI-UPDATE: resolved payload type=periodic_sine freq=29.965683827634717 mag_in=1000 unit=di duration_us=3669000 period_us=33371 phase=0
2026-07-30 14:16:15,954 INFO:FFB_Engine:DI-UPDATE: resolved payload type=periodic_sine freq=30.073112894277102 mag_in=1000 unit=di duration_us=3669000 period_us=33252 phase=0
2026-07-30 14:16:15,960 INFO:FFB_Engine:DI-UPDATE: resolved payload type=periodic_sine freq=30.221035988604434 mag_in=1000 unit=di duration_us=3669000 period_us=33089 phase=0
2026-07-30 14:16:15,966 INFO:FFB_Engine:DI-UPDATE: resolved payload type=periodic_sine freq=30.371614909562908 mag_in=1000 unit=di duration_us=3669000 period_us=32925 phase=0
2026-07-30 14:16:15,971 INFO:FFB_Engine:DI-UPDATE: resolved payload type=periodic_sine freq=30.496497388745915 mag_in=1000 unit=di duration_us=3669000 period_us=32790 phase=0
2026-07-30 14:16:15,977 INFO:FFB_Engine:DI-UPDATE: resolved payload type=periodic_sine freq=30.643388638730908 mag_in=1000 unit=di duration_us=3669000 period_us=32633 phase=0
2026-07-30 14:16:15,983 INFO:FFB_Engine:DI-UPDATE: resolved payload type=periodic_sine freq=30.78899594603992 mag_in=1000 unit=di duration_us=3669000 period_us=32479 phase=0
2026-07-30 14:16:15,987 INFO:FFB_Engine:DI-UPDATE: resolved payload type=periodic_sine freq=30.89339983267862 mag_in=1000 unit=di duration_us=3669000 period_us=32369 phase=0
2026-07-30 14:16:15,992 INFO:FFB_Engine:DI-UPDATE: resolved payload type=periodic_sine freq=30.996889130013887 mag_in=1000 unit=di duration_us=3669000 period_us=32261 phase=0
2026-07-30 14:16:15,998 INFO:FFB_Engine:DI-UPDATE: resolved payload type=periodic_sine freq=31.1444721847284 mag_in=1000 unit=di duration_us=3669000 period_us=32108 phase=0
2026-07-30 14:16:16,004 INFO:FFB_Engine:DI-UPDATE: resolved payload type=periodic_sine freq=31.30409146918625 mag_in=1000 unit=di duration_us=3669000 period_us=31944 phase=0
2026-07-30 14:16:16,010 INFO:FFB_Engine:DI-UPDATE: resolved payload type=periodic_sine freq=31.454189644485222 mag_in=1000 unit=di duration_us=3669000 period_us=31792 phase=0
2026-07-30 14:16:16,016 INFO:FFB_Engine:DI-UPDATE: resolved payload type=periodic_sine freq=31.599697285011167 mag_in=1000 unit=di duration_us=3669000 period_us=31645 phase=0
2026-07-30 14:16:16,021 INFO:FFB_Engine:DI-UPDATE: resolved payload type=periodic_sine freq=31.719713680079725 mag_in=1000 unit=di duration_us=3669000 period_us=31526 phase=0
2026-07-30 14:16:16,025 INFO:FFB_Engine:DI-UPDATE: resolved payload type=periodic_sine freq=31.819931561829613 mag_in=1000 unit=di duration_us=3669000 period_us=31426 phase=0
2026-07-30 14:16:16,031 INFO:FFB_Engine:DI-UPDATE: resolved payload type=periodic_sine freq=31.96528090805304 mag_in=1000 unit=di duration_us=3669000 period_us=31283 phase=0
2026-07-30 14:16:16,037 INFO:FFB_Engine:DI-UPDATE: resolved payload type=periodic_sine freq=32.12237920917448 mag_in=1000 unit=di duration_us=3669000 period_us=31130 phase=0
2026-07-30 14:16:16,043 INFO:FFB_Engine:DI-UPDATE: resolved payload type=periodic_sine freq=32.270161597455136 mag_in=1000 unit=di duration_us=3669000 period_us=30988 phase=0
2026-07-30 14:16:16,048 INFO:FFB_Engine:DI-UPDATE: resolved payload type=periodic_sine freq=32.37162824536934 mag_in=1000 unit=di duration_us=3669000 period_us=30891 phase=0
2026-07-30 14:16:16,055 INFO:FFB_Engine:DI-UPDATE: resolved payload type=periodic_sine freq=32.54442699619981 mag_in=1000 unit=di duration_us=3669000 period_us=30727 phase=0
2026-07-30 14:16:16,059 INFO:FFB_Engine:DI-UPDATE: resolved payload type=periodic_sine freq=32.64595227163346 mag_in=1000 unit=di duration_us=3669000 period_us=30631 phase=0
2026-07-30 14:16:16,065 INFO:FFB_Engine:DI-UPDATE: resolved payload type=periodic_sine freq=32.79188203029945 mag_in=1000 unit=di duration_us=3669000 period_us=30495 phase=0
2026-07-30 14:16:16,069 INFO:FFB_Engine:DI-UPDATE: resolved payload type=periodic_sine freq=32.89415187523013 mag_in=1000 unit=di duration_us=3669000 period_us=30400 phase=0
2026-07-30 14:16:16,073 INFO:FFB_Engine:DI-UPDATE: resolved payload type=periodic_sine freq=33.00732643877873 mag_in=1000 unit=di duration_us=3669000 period_us=30296 phase=0
2026-07-30 14:16:16,079 INFO:FFB_Engine:DI-UPDATE: resolved payload type=periodic_sine freq=33.15436425756236 mag_in=1000 unit=di duration_us=3669000 period_us=30161 phase=0
2026-07-30 14:16:16,086 INFO:FFB_Engine:DI-UPDATE: resolved payload type=periodic_sine freq=33.305218727862254 mag_in=1000 unit=di duration_us=3669000 period_us=30025 phase=0
2026-07-30 14:16:16,091 INFO:FFB_Engine:DI-UPDATE: resolved payload type=periodic_sine freq=33.439950630313064 mag_in=1000 unit=di duration_us=3669000 period_us=29904 phase=0
2026-07-30 14:16:16,095 INFO:FFB_Engine:DI-UPDATE: resolved payload type=periodic_sine freq=33.5412531211728 mag_in=1000 unit=di duration_us=3669000 period_us=29814 phase=0
2026-07-30 14:16:16,099 INFO:FFB_Engine:DI-UPDATE: resolved payload type=periodic_sine freq=33.644337888623845 mag_in=1000 unit=di duration_us=3669000 period_us=29722 phase=0
2026-07-30 14:16:16,104 INFO:FFB_Engine:DI-UPDATE: resolved payload type=periodic_sine freq=33.74873591251061 mag_in=1000 unit=di duration_us=3669000 period_us=29630 phase=0
2026-07-30 14:16:16,108 INFO:FFB_Engine:DI-UPDATE: resolved payload type=periodic_sine freq=33.86807222835353 mag_in=1000 unit=di duration_us=3669000 period_us=29526 phase=0
2026-07-30 14:16:16,114 INFO:FFB_Engine:DI-UPDATE: resolved payload type=periodic_sine freq=34.01499865485019 mag_in=1000 unit=di duration_us=3669000 period_us=29398 phase=0
2026-07-30 14:16:16,120 INFO:FFB_Engine:DI-UPDATE: resolved payload type=periodic_sine freq=34.163009690456704 mag_in=1000 unit=di duration_us=3669000 period_us=29271 phase=0
2026-07-30 14:16:16,125 INFO:FFB_Engine:DI-UPDATE: resolved payload type=periodic_sine freq=34.266334830737506 mag_in=1000 unit=di duration_us=3669000 period_us=29183 phase=0
2026-07-30 14:16:16,130 INFO:FFB_Engine:DI-UPDATE: resolved payload type=periodic_sine freq=34.39268886065874 mag_in=1000 unit=di duration_us=3669000 period_us=29075 phase=0
2026-07-30 14:16:16,134 INFO:FFB_Engine:DI-UPDATE: resolved payload type=periodic_sine freq=34.50443291273273 mag_in=1000 unit=di duration_us=3669000 period_us=28981 phase=0
2026-07-30 14:16:16,138 INFO:FFB_Engine:DI-UPDATE: resolved payload type=periodic_sine freq=34.60518430490963 mag_in=1000 unit=di duration_us=3669000 period_us=28897 phase=0
2026-07-30 14:16:16,143 INFO:FFB_Engine:DI-UPDATE: resolved payload type=periodic_sine freq=34.71043829058037 mag_in=1000 unit=di duration_us=3669000 period_us=28809 phase=0
2026-07-30 14:16:16,147 INFO:FFB_Engine:DI-UPDATE: resolved payload type=periodic_sine freq=34.82646801432625 mag_in=1000 unit=di duration_us=3669000 period_us=28713 phase=0
2026-07-30 14:16:16,152 INFO:FFB_Engine:DI-UPDATE: resolved payload type=periodic_sine freq=34.927747054178205 mag_in=1000 unit=di duration_us=3669000 period_us=28630 phase=0
2026-07-30 14:16:16,160 INFO:FFB_Engine:DI-UPDATE: resolved payload type=periodic_sine freq=35.12562665782991 mag_in=1000 unit=di duration_us=3669000 period_us=28469 phase=0
2026-07-30 14:16:16,164 INFO:FFB_Engine:DI-UPDATE: resolved payload type=periodic_sine freq=35.226677050356 mag_in=1000 unit=di duration_us=3669000 period_us=28387 phase=0
2026-07-30 14:16:16,170 INFO:FFB_Engine:DI-UPDATE: resolved payload type=periodic_sine freq=35.374776027241694 mag_in=1000 unit=di duration_us=3669000 period_us=28268 phase=0
2026-07-30 14:16:16,175 INFO:FFB_Engine:DI-UPDATE: resolved payload type=periodic_sine freq=35.50838228131904 mag_in=1000 unit=di duration_us=3669000 period_us=28162 phase=0
2026-07-30 14:16:16,179 INFO:FFB_Engine:DI-UPDATE: resolved payload type=periodic_sine freq=35.611302891715624 mag_in=1000 unit=di duration_us=3669000 period_us=28080 phase=0
2026-07-30 14:16:16,185 INFO:FFB_Engine:DI-UPDATE: resolved payload type=periodic_sine freq=35.75731472890885 mag_in=1000 unit=di duration_us=3669000 period_us=27966 phase=0
2026-07-30 14:16:16,189 INFO:FFB_Engine:DI-UPDATE: resolved payload type=periodic_sine freq=35.85800749356629 mag_in=1000 unit=di duration_us=3669000 period_us=27887 phase=0
2026-07-30 14:16:16,194 INFO:FFB_Engine:DI-UPDATE: resolved payload type=periodic_sine freq=35.981348068987735 mag_in=1000 unit=di duration_us=3669000 period_us=27792 phase=0
2026-07-30 14:16:16,201 INFO:FFB_Engine:DI-UPDATE: resolved payload type=periodic_sine freq=36.13047889021576 mag_in=1000 unit=di duration_us=3669000 period_us=27677 phase=0
2026-07-30 14:16:16,207 INFO:FFB_Engine:DI-UPDATE: resolved payload type=periodic_sine freq=36.27932243659848 mag_in=1000 unit=di duration_us=3669000 period_us=27563 phase=0
2026-07-30 14:16:16,212 INFO:FFB_Engine:DI-UPDATE: resolved payload type=periodic_sine freq=36.41500996761634 mag_in=1000 unit=di duration_us=3669000 period_us=27461 phase=0
2026-07-30 14:16:16,218 INFO:FFB_Engine:DI-UPDATE: resolved payload type=periodic_sine freq=36.560306549072266 mag_in=1000 unit=di duration_us=3669000 period_us=27352 phase=0
2026-07-30 14:16:16,224 INFO:FFB_Engine:DI-UPDATE: resolved payload type=periodic_sine freq=36.71018193979732 mag_in=1000 unit=di duration_us=3669000 period_us=27240 phase=0
2026-07-30 14:16:16,230 INFO:FFB_Engine:DI-UPDATE: resolved payload type=periodic_sine freq=36.85652209109947 mag_in=1000 unit=di duration_us=3669000 period_us=27132 phase=0
2026-07-30 14:16:16,236 INFO:FFB_Engine:DI-UPDATE: resolved payload type=periodic_sine freq=37.005858108645576 mag_in=1000 unit=di duration_us=3669000 period_us=27022 phase=0
2026-07-30 14:16:16,242 INFO:FFB_Engine:DI-UPDATE: resolved payload type=periodic_sine freq=37.14915549168821 mag_in=1000 unit=di duration_us=3669000 period_us=26918 phase=0
2026-07-30 14:16:16,247 INFO:FFB_Engine:DI-UPDATE: resolved payload type=periodic_sine freq=37.28456161061271 mag_in=1000 unit=di duration_us=3669000 period_us=26820 phase=0
2026-07-30 14:16:16,252 INFO:FFB_Engine:DI-UPDATE: resolved payload type=periodic_sine freq=37.38839681031274 mag_in=1000 unit=di duration_us=3669000 period_us=26746 phase=0
2026-07-30 14:16:16,256 INFO:FFB_Engine:DI-UPDATE: resolved payload type=periodic_sine freq=37.48932408504799 mag_in=1000 unit=di duration_us=3669000 period_us=26674 phase=0
2026-07-30 14:16:16,260 INFO:FFB_Engine:DI-UPDATE: resolved payload type=periodic_sine freq=37.59069692893107 mag_in=1000 unit=di duration_us=3669000 period_us=26602 phase=0
2026-07-30 14:16:16,265 INFO:FFB_Engine:DI-UPDATE: resolved payload type=periodic_sine freq=37.71577287892826 mag_in=1000 unit=di duration_us=3669000 period_us=26514 phase=0
2026-07-30 14:16:16,271 INFO:FFB_Engine:DI-UPDATE: resolved payload type=periodic_sine freq=37.86303934503774 mag_in=1000 unit=di duration_us=3669000 period_us=26410 phase=0
2026-07-30 14:16:16,277 INFO:FFB_Engine:DI-UPDATE: resolved payload type=periodic_sine freq=38.01010647758108 mag_in=1000 unit=di duration_us=3669000 period_us=26308 phase=0
2026-07-30 14:16:16,282 INFO:FFB_Engine:DI-UPDATE: resolved payload type=periodic_sine freq=38.145418792474466 mag_in=1000 unit=di duration_us=3669000 period_us=26215 phase=0
2026-07-30 14:16:16,287 INFO:FFB_Engine:DI-UPDATE: resolved payload type=periodic_sine freq=38.25536297970131 mag_in=1000 unit=di duration_us=3669000 period_us=26140 phase=0
2026-07-30 14:16:16,293 INFO:FFB_Engine:DI-UPDATE: resolved payload type=periodic_sine freq=38.40244770050049 mag_in=1000 unit=di duration_us=3669000 period_us=26040 phase=0
2026-07-30 14:16:16,297 INFO:FFB_Engine:DI-UPDATE: resolved payload type=periodic_sine freq=38.50615978240967 mag_in=1000 unit=di duration_us=3669000 period_us=25969 phase=0
2026-07-30 14:16:16,303 INFO:FFB_Engine:DI-UPDATE: resolved payload type=periodic_sine freq=38.6519136585173 mag_in=1000 unit=di duration_us=3669000 period_us=25871 phase=0
2026-07-30 14:16:16,309 INFO:FFB_Engine:DI-UPDATE: resolved payload type=periodic_sine freq=38.799760537069346 mag_in=1000 unit=di duration_us=3669000 period_us=25773 phase=0
2026-07-30 14:16:16,314 INFO:FFB_Engine:DI-UPDATE: resolved payload type=periodic_sine freq=38.91493429903124 mag_in=1000 unit=di duration_us=3669000 period_us=25697 phase=0
2026-07-30 14:16:16,320 INFO:FFB_Engine:DI-UPDATE: resolved payload type=periodic_sine freq=39.063132942699994 mag_in=1000 unit=di duration_us=3669000 period_us=25599 phase=0
2026-07-30 14:16:16,324 INFO:FFB_Engine:DI-UPDATE: resolved payload type=periodic_sine freq=39.16692124038446 mag_in=1000 unit=di duration_us=3669000 period_us=25531 phase=0
2026-07-30 14:16:16,330 INFO:FFB_Engine:DI-UPDATE: resolved payload type=periodic_sine freq=39.31857304494889 mag_in=1000 unit=di duration_us=3669000 period_us=25433 phase=0
2026-07-30 14:16:16,334 INFO:FFB_Engine:DI-UPDATE: resolved payload type=periodic_sine freq=39.420362144220064 mag_in=1000 unit=di duration_us=3669000 period_us=25367 phase=0
2026-07-30 14:16:16,340 INFO:FFB_Engine:DI-UPDATE: resolved payload type=periodic_sine freq=39.56876012145496 mag_in=1000 unit=di duration_us=3669000 period_us=25272 phase=0
2026-07-30 14:16:16,347 INFO:FFB_Engine:DI-UPDATE: resolved payload type=periodic_sine freq=39.74414434589323 mag_in=1000 unit=di duration_us=3669000 period_us=25160 phase=0
2026-07-30 14:16:16,353 INFO:FFB_Engine:DI-UPDATE: resolved payload type=periodic_sine freq=39.892935127508444 mag_in=1000 unit=di duration_us=3669000 period_us=25067 phase=0
2026-07-30 14:16:16,360 INFO:FFB_Engine:DI-UPDATE: resolved payload type=periodic_sine freq=40.04374855854472 mag_in=1000 unit=di duration_us=3669000 period_us=24972 phase=0
2026-07-30 14:16:16,364 INFO:FFB_Engine:DI-UPDATE: resolved payload type=periodic_sine freq=40.153892079337695 mag_in=1000 unit=di duration_us=3669000 period_us=24904 phase=0
2026-07-30 14:16:16,368 INFO:FFB_Engine:DI-UPDATE: resolved payload type=periodic_sine freq=40.25557564907386 mag_in=1000 unit=di duration_us=3669000 period_us=24841 phase=0
2026-07-30 14:16:16,374 INFO:FFB_Engine:DI-UPDATE: resolved payload type=periodic_sine freq=40.40572658914034 mag_in=1000 unit=di duration_us=3669000 period_us=24748 phase=0
2026-07-30 14:16:16,381 INFO:FFB_Engine:DI-UPDATE: resolved payload type=periodic_sine freq=40.57168350845086 mag_in=1000 unit=di duration_us=3669000 period_us=24647 phase=0
2026-07-30 14:16:16,387 INFO:FFB_Engine:DI-UPDATE: resolved payload type=periodic_sine freq=40.72183444851734 mag_in=1000 unit=di duration_us=3669000 period_us=24556 phase=0
2026-07-30 14:16:16,393 INFO:FFB_Engine:DI-UPDATE: resolved payload type=periodic_sine freq=40.86769971691194 mag_in=1000 unit=di duration_us=3669000 period_us=24469 phase=0
2026-07-30 14:16:16,398 INFO:FFB_Engine:DI-UPDATE: resolved payload type=periodic_sine freq=40.979783808598754 mag_in=1000 unit=di duration_us=3669000 period_us=24402 phase=0
2026-07-30 14:16:16,402 INFO:FFB_Engine:DI-UPDATE: resolved payload type=periodic_sine freq=41.0813735743038 mag_in=1000 unit=di duration_us=3669000 period_us=24341 phase=0
2026-07-30 14:16:16,408 INFO:FFB_Engine:DI-UPDATE: resolved payload type=periodic_sine freq=41.228763158204124 mag_in=1000 unit=di duration_us=3669000 period_us=24254 phase=0
2026-07-30 14:16:16,414 INFO:FFB_Engine:DI-UPDATE: resolved payload type=periodic_sine freq=41.38818310909584 mag_in=1000 unit=di duration_us=3669000 period_us=24161 phase=0
2026-07-30 14:16:16,418 INFO:FFB_Engine:DI-UPDATE: resolved payload type=periodic_sine freq=41.49228213263339 mag_in=1000 unit=di duration_us=3669000 period_us=24100 phase=0
2026-07-30 14:16:16,424 INFO:FFB_Engine:DI-UPDATE: resolved payload type=periodic_sine freq=41.638381911105796 mag_in=1000 unit=di duration_us=3669000 period_us=24016 phase=0
2026-07-30 14:16:16,429 INFO:FFB_Engine:DI-UPDATE: resolved payload type=periodic_sine freq=41.738752224406255 mag_in=1000 unit=di duration_us=3669000 period_us=23958 phase=0
2026-07-30 14:16:16,434 INFO:FFB_Engine:DI-UPDATE: resolved payload type=periodic_sine freq=41.872499184530284 mag_in=1000 unit=di duration_us=3669000 period_us=23882 phase=0
2026-07-30 14:16:16,438 INFO:FFB_Engine:DI-UPDATE: resolved payload type=periodic_sine freq=41.972910537094364 mag_in=1000 unit=di duration_us=3669000 period_us=23824 phase=0
2026-07-30 14:16:16,442 INFO:FFB_Engine:DI-UPDATE: resolved payload type=periodic_sine freq=42.07749030629142 mag_in=1000 unit=di duration_us=3669000 period_us=23765 phase=0
2026-07-30 14:16:16,448 INFO:FFB_Engine:DI-UPDATE: resolved payload type=periodic_sine freq=42.2262634996508 mag_in=1000 unit=di duration_us=3669000 period_us=23681 phase=0
2026-07-30 14:16:16,454 INFO:FFB_Engine:DI-UPDATE: resolved payload type=periodic_sine freq=42.37492530072321 mag_in=1000 unit=di duration_us=3669000 period_us=23598 phase=0
2026-07-30 14:16:16,460 INFO:FFB_Engine:DI-UPDATE: resolved payload type=periodic_sine freq=42.52431408303683 mag_in=1000 unit=di duration_us=3669000 period_us=23515 phase=0
2026-07-30 14:16:16,466 INFO:FFB_Engine:DI-UPDATE: resolved payload type=periodic_sine freq=42.651928604626264 mag_in=1000 unit=di duration_us=3669000 period_us=23445 phase=0
2026-07-30 14:16:16,470 INFO:FFB_Engine:DI-UPDATE: resolved payload type=periodic_sine freq=42.76149757572862 mag_in=1000 unit=di duration_us=3669000 period_us=23385 phase=0
2026-07-30 14:16:16,475 INFO:FFB_Engine:DI-UPDATE: resolved payload type=periodic_sine freq=42.87302470598064 mag_in=1000 unit=di duration_us=3669000 period_us=23324 phase=0
2026-07-30 14:16:16,482 INFO:FFB_Engine:DI-UPDATE: resolved payload type=periodic_sine freq=43.04791645925553 mag_in=1000 unit=di duration_us=3669000 period_us=23229 phase=0
2026-07-30 14:16:16,486 INFO:FFB_Engine:DI-UPDATE: resolved payload type=periodic_sine freq=43.14830436081183 mag_in=1000 unit=di duration_us=3669000 period_us=23175 phase=0
2026-07-30 14:16:16,492 INFO:FFB_Engine:DI-UPDATE: resolved payload type=periodic_sine freq=43.29718894645816 mag_in=1000 unit=di duration_us=3669000 period_us=23096 phase=0
2026-07-30 14:16:16,499 INFO:FFB_Engine:DI-UPDATE: resolved payload type=periodic_sine freq=43.46556131957007 mag_in=1000 unit=di duration_us=3669000 period_us=23006 phase=0
2026-07-30 14:16:16,505 INFO:FFB_Engine:DI-UPDATE: resolved payload type=periodic_sine freq=43.61082272451432 mag_in=1000 unit=di duration_us=3669000 period_us=22930 phase=0
2026-07-30 14:16:16,511 INFO:FFB_Engine:DI-UPDATE: resolved payload type=periodic_sine freq=43.759044819190855 mag_in=1000 unit=di duration_us=3669000 period_us=22852 phase=0
2026-07-30 14:16:16,515 INFO:FFB_Engine:DI-UPDATE: resolved payload type=periodic_sine freq=43.87736101619532 mag_in=1000 unit=di duration_us=3669000 period_us=22790 phase=0
2026-07-30 14:16:16,521 INFO:FFB_Engine:DI-UPDATE: resolved payload type=periodic_sine freq=44.02550103234463 mag_in=1000 unit=di duration_us=3669000 period_us=22714 phase=0
2026-07-30 14:16:16,528 INFO:FFB_Engine:DI-UPDATE: resolved payload type=periodic_sine freq=44.174069029385926 mag_in=1000 unit=di duration_us=3669000 period_us=22637 phase=0
2026-07-30 14:16:16,532 INFO:FFB_Engine:DI-UPDATE: resolved payload type=periodic_sine freq=44.282682371921226 mag_in=1000 unit=di duration_us=3669000 period_us=22582 phase=0
2026-07-30 14:16:16,538 INFO:FFB_Engine:DI-UPDATE: resolved payload type=periodic_sine freq=44.43028301489158 mag_in=1000 unit=di duration_us=3669000 period_us=22507 phase=0
2026-07-30 14:16:16,544 INFO:FFB_Engine:DI-UPDATE: resolved payload type=periodic_sine freq=44.577502578985495 mag_in=1000 unit=di duration_us=3669000 period_us=22432 phase=0
2026-07-30 14:16:16,549 INFO:FFB_Engine:DI-UPDATE: resolved payload type=periodic_sine freq=44.6996823295218 mag_in=1000 unit=di duration_us=3669000 period_us=22371 phase=0
2026-07-30 14:16:16,555 INFO:FFB_Engine:DI-UPDATE: resolved payload type=periodic_sine freq=44.847447129546616 mag_in=1000 unit=di duration_us=3669000 period_us=22297 phase=0
2026-07-30 14:16:16,561 INFO:FFB_Engine:DI-UPDATE: resolved payload type=periodic_sine freq=44.99642551922407 mag_in=1000 unit=di duration_us=3669000 period_us=22223 phase=0
2026-07-30 14:16:16,566 INFO:FFB_Engine:DI-UPDATE: resolved payload type=periodic_sine freq=45.131526775047426 mag_in=1000 unit=di duration_us=3669000 period_us=22157 phase=0
2026-07-30 14:16:16,572 INFO:FFB_Engine:DI-UPDATE: resolved payload type=periodic_sine freq=45.27770863204706 mag_in=1000 unit=di duration_us=3669000 period_us=22085 phase=0
2026-07-30 14:16:16,576 INFO:FFB_Engine:DI-UPDATE: resolved payload type=periodic_sine freq=45.37794996480473 mag_in=1000 unit=di duration_us=3669000 period_us=22037 phase=0
2026-07-30 14:16:16,581 INFO:FFB_Engine:DI-UPDATE: resolved payload type=periodic_sine freq=45.48146857589972 mag_in=1000 unit=di duration_us=3669000 period_us=21986 phase=0
2026-07-30 14:16:16,586 INFO:FFB_Engine:DI-UPDATE: resolved payload type=periodic_sine freq=45.60722460512255 mag_in=1000 unit=di duration_us=3669000 period_us=21926 phase=0
2026-07-30 14:16:16,590 INFO:FFB_Engine:DI-UPDATE: resolved payload type=periodic_sine freq=45.70804048757084 mag_in=1000 unit=di duration_us=3669000 period_us=21877 phase=0
2026-07-30 14:16:16,596 INFO:FFB_Engine:DI-UPDATE: resolved payload type=periodic_sine freq=45.85507830635446 mag_in=1000 unit=di duration_us=3669000 period_us=21807 phase=0
2026-07-30 14:16:16,600 INFO:FFB_Engine:DI-UPDATE: resolved payload type=periodic_sine freq=45.96504594458908 mag_in=1000 unit=di duration_us=3669000 period_us=21755 phase=0
2026-07-30 14:16:16,606 INFO:FFB_Engine:DI-UPDATE: resolved payload type=periodic_sine freq=46.11290454864502 mag_in=1000 unit=di duration_us=3669000 period_us=21685 phase=0
2026-07-30 14:16:16,612 INFO:FFB_Engine:DI-UPDATE: resolved payload type=periodic_sine freq=46.25984270064557 mag_in=1000 unit=di duration_us=3669000 period_us=21617 phase=0
2026-07-30 14:16:16,617 INFO:FFB_Engine:DI-UPDATE: resolved payload type=periodic_sine freq=46.37405497128846 mag_in=1000 unit=di duration_us=3669000 period_us=21563 phase=0
2026-07-30 14:16:16,623 INFO:FFB_Engine:DI-UPDATE: resolved payload type=periodic_sine freq=46.52376620495905 mag_in=1000 unit=di duration_us=3669000 period_us=21494 phase=0
2026-07-30 14:16:16,629 INFO:FFB_Engine:DI-UPDATE: resolved payload type=periodic_sine freq=46.66916831594999 mag_in=1000 unit=di duration_us=3669000 period_us=21427 phase=0
2026-07-30 14:16:16,634 INFO:FFB_Engine:DI-UPDATE: resolved payload type=periodic_sine freq=46.78547945178923 mag_in=1000 unit=di duration_us=3669000 period_us=21374 phase=0
2026-07-30 14:16:16,640 INFO:FFB_Engine:DI-UPDATE: resolved payload type=periodic_sine freq=46.934299547164166 mag_in=1000 unit=di duration_us=3669000 period_us=21306 phase=0
2026-07-30 14:16:16,646 INFO:FFB_Engine:DI-UPDATE: resolved payload type=periodic_sine freq=47.08054003168325 mag_in=1000 unit=di duration_us=3669000 period_us=21240 phase=0
2026-07-30 14:16:16,650 INFO:FFB_Engine:DI-UPDATE: resolved payload type=periodic_sine freq=47.19177402433802 mag_in=1000 unit=di duration_us=3669000 period_us=21190 phase=0
2026-07-30 14:16:16,656 INFO:FFB_Engine:DI-UPDATE: resolved payload type=periodic_sine freq=47.3394567458356 mag_in=1000 unit=di duration_us=3669000 period_us=21124 phase=0
2026-07-30 14:16:16,662 INFO:FFB_Engine:DI-UPDATE: resolved payload type=periodic_sine freq=47.48686978074371 mag_in=1000 unit=di duration_us=3669000 period_us=21058 phase=0
2026-07-30 14:16:16,667 INFO:FFB_Engine:DI-UPDATE: resolved payload type=periodic_sine freq=47.602336680302855 mag_in=1000 unit=di duration_us=3669000 period_us=21007 phase=0
2026-07-30 14:16:16,673 INFO:FFB_Engine:DI-UPDATE: resolved payload type=periodic_sine freq=47.7508460498247 mag_in=1000 unit=di duration_us=3669000 period_us=20942 phase=0
2026-07-30 14:16:16,679 INFO:FFB_Engine:DI-UPDATE: resolved payload type=periodic_sine freq=47.90034036167332 mag_in=1000 unit=di duration_us=3669000 period_us=20876 phase=0
2026-07-30 14:16:16,684 INFO:FFB_Engine:DI-UPDATE: resolved payload type=periodic_sine freq=48.01628214414002 mag_in=1000 unit=di duration_us=3669000 period_us=20826 phase=0
2026-07-30 14:16:16,690 INFO:FFB_Engine:DI-UPDATE: resolved payload type=periodic_sine freq=48.163941414629825 mag_in=1000 unit=di duration_us=3669000 period_us=20762 phase=0
2026-07-30 14:16:16,696 INFO:FFB_Engine:DI-UPDATE: resolved payload type=periodic_sine freq=48.31116684147569 mag_in=1000 unit=di duration_us=3669000 period_us=20699 phase=0
2026-07-30 14:16:16,700 INFO:FFB_Engine:DI-UPDATE: resolved payload type=periodic_sine freq=48.42604746584032 mag_in=1000 unit=di duration_us=3669000 period_us=20650 phase=0
2026-07-30 14:16:16,707 INFO:FFB_Engine:DI-UPDATE: resolved payload type=periodic_sine freq=48.57501413001389 mag_in=1000 unit=di duration_us=3669000 period_us=20586 phase=0
2026-07-30 14:16:16,712 INFO:FFB_Engine:DI-UPDATE: resolved payload type=periodic_sine freq=48.719841691314194 mag_in=1000 unit=di duration_us=3669000 period_us=20525 phase=0
2026-07-30 14:16:16,717 INFO:FFB_Engine:DI-UPDATE: resolved payload type=periodic_sine freq=48.83078254637171 mag_in=1000 unit=di duration_us=3669000 period_us=20478 phase=0
2026-07-30 14:16:16,721 INFO:FFB_Engine:DI-UPDATE: resolved payload type=periodic_sine freq=48.93119389893579 mag_in=1000 unit=di duration_us=3669000 period_us=20436 phase=0
2026-07-30 14:16:16,727 INFO:FFB_Engine:DI-UPDATE: resolved payload type=periodic_sine freq=49.07740506969514 mag_in=1000 unit=di duration_us=3669000 period_us=20375 phase=0
2026-07-30 14:16:16,734 INFO:FFB_Engine:DI-UPDATE: resolved payload type=periodic_sine freq=49.24682687540523 mag_in=1000 unit=di duration_us=3669000 period_us=20305 phase=0
2026-07-30 14:16:16,740 INFO:FFB_Engine:DI-UPDATE: resolved payload type=periodic_sine freq=49.394380616360024 mag_in=1000 unit=di duration_us=3669000 period_us=20245 phase=0
2026-07-30 14:16:16,746 INFO:FFB_Engine:DI-UPDATE: resolved payload type=periodic_sine freq=49.54066214014272 mag_in=1000 unit=di duration_us=3669000 period_us=20185 phase=0
2026-07-30 14:16:16,750 INFO:FFB_Engine:DI-UPDATE: resolved payload type=periodic_sine freq=49.65469266547531 mag_in=1000 unit=di duration_us=3669000 period_us=20139 phase=0
2026-07-30 14:16:16,756 INFO:FFB_Engine:DI-UPDATE: resolved payload type=periodic_sine freq=49.80419870282783 mag_in=1000 unit=di duration_us=3669000 period_us=20078 phase=0
2026-07-30 14:16:16,762 INFO:FFB_Engine:DI-UPDATE: resolved payload type=periodic_sine freq=49.95235044448102 mag_in=1000 unit=di duration_us=3669000 period_us=20019 phase=0
2026-07-30 14:16:16,767 INFO:FFB_Engine:DI-UPDATE: resolved payload type=periodic_sine freq=50.061227610853855 mag_in=1000 unit=di duration_us=3669000 period_us=19975 phase=0
2026-07-30 14:16:16,773 INFO:FFB_Engine:DI-UPDATE: resolved payload type=periodic_sine freq=50.21001839246906 mag_in=1000 unit=di duration_us=3669000 period_us=19916 phase=0
2026-07-30 14:16:16,779 INFO:FFB_Engine:DI-UPDATE: resolved payload type=periodic_sine freq=50.35692723070989 mag_in=1000 unit=di duration_us=3669000 period_us=19858 phase=0
2026-07-30 14:16:16,784 INFO:FFB_Engine:DI-UPDATE: resolved payload type=periodic_sine freq=50.478878333920335 mag_in=1000 unit=di duration_us=3669000 period_us=19810 phase=0
2026-07-30 14:16:16,790 INFO:FFB_Engine:DI-UPDATE: resolved payload type=periodic_sine freq=50.627317350418835 mag_in=1000 unit=di duration_us=3669000 period_us=19752 phase=0
2026-07-30 14:16:16,796 INFO:FFB_Engine:DI-UPDATE: resolved payload type=periodic_sine freq=50.77376889400795 mag_in=1000 unit=di duration_us=3669000 period_us=19695 phase=0
2026-07-30 14:16:16,800 INFO:FFB_Engine:DI-UPDATE: resolved payload type=periodic_sine freq=50.88058237169609 mag_in=1000 unit=di duration_us=3669000 period_us=19653 phase=0
2026-07-30 14:16:16,806 INFO:FFB_Engine:DI-UPDATE: resolved payload type=periodic_sine freq=51.02802472036393 mag_in=1000 unit=di duration_us=3669000 period_us=19597 phase=0
2026-07-30 14:16:16,812 INFO:FFB_Engine:DI-UPDATE: resolved payload type=periodic_sine freq=51.17799977787205 mag_in=1000 unit=di duration_us=3669000 period_us=19539 phase=0
2026-07-30 14:16:16,817 INFO:FFB_Engine:DI-UPDATE: resolved payload type=periodic_sine freq=51.29351357944676 mag_in=1000 unit=di duration_us=3669000 period_us=19495 phase=0
2026-07-30 14:16:16,823 INFO:FFB_Engine:DI-UPDATE: resolved payload type=periodic_sine freq=51.44138390900658 mag_in=1000 unit=di duration_us=3669000 period_us=19439 phase=0
2026-07-30 14:16:16,827 INFO:FFB_Engine:DI-UPDATE: resolved payload type=periodic_sine freq=51.54200045788875 mag_in=1000 unit=di duration_us=3669000 period_us=19401 phase=0
2026-07-30 14:16:16,832 INFO:FFB_Engine:DI-UPDATE: resolved payload type=periodic_sine freq=51.64944125003502 mag_in=1000 unit=di duration_us=3669000 period_us=19361 phase=0
2026-07-30 14:16:16,836 INFO:FFB_Engine:DI-UPDATE: resolved payload type=periodic_sine freq=51.763002755212 mag_in=1000 unit=di duration_us=3669000 period_us=19318 phase=0
2026-07-30 14:16:16,840 INFO:FFB_Engine:DI-UPDATE: resolved payload type=periodic_sine freq=51.86366034335777 mag_in=1000 unit=di duration_us=3669000 period_us=19281 phase=0
2026-07-30 14:16:16,846 INFO:FFB_Engine:DI-UPDATE: resolved payload type=periodic_sine freq=52.01167137896428 mag_in=1000 unit=di duration_us=3669000 period_us=19226 phase=0
2026-07-30 14:16:16,851 INFO:FFB_Engine:DI-UPDATE: resolved payload type=periodic_sine freq=52.12289950886711 mag_in=1000 unit=di duration_us=3669000 period_us=19185 phase=0
2026-07-30 14:16:16,857 INFO:FFB_Engine:DI-UPDATE: resolved payload type=periodic_sine freq=52.27113332904753 mag_in=1000 unit=di duration_us=3669000 period_us=19131 phase=0
2026-07-30 14:16:16,861 INFO:FFB_Engine:DI-UPDATE: resolved payload type=periodic_sine freq=52.37114601447934 mag_in=1000 unit=di duration_us=3669000 period_us=19094 phase=0
2026-07-30 14:16:16,868 INFO:FFB_Engine:DI-UPDATE: resolved payload type=periodic_sine freq=52.55318446237533 mag_in=1000 unit=di duration_us=3669000 period_us=19028 phase=0
2026-07-30 14:16:16,874 INFO:FFB_Engine:DI-UPDATE: resolved payload type=periodic_sine freq=52.702192165812505 mag_in=1000 unit=di duration_us=3669000 period_us=18974 phase=0
2026-07-30 14:16:16,880 INFO:FFB_Engine:DI-UPDATE: resolved payload type=periodic_sine freq=52.84923584734807 mag_in=1000 unit=di duration_us=3669000 period_us=18921 phase=0
2026-07-30 14:16:16,885 INFO:FFB_Engine:DI-UPDATE: resolved payload type=periodic_sine freq=52.955509951857266 mag_in=1000 unit=di duration_us=3669000 period_us=18883 phase=0
2026-07-30 14:16:16,891 INFO:FFB_Engine:DI-UPDATE: resolved payload type=periodic_sine freq=53.10231912331503 mag_in=1000 unit=di duration_us=3669000 period_us=18831 phase=0
2026-07-30 14:16:16,897 INFO:FFB_Engine:DI-UPDATE: resolved payload type=periodic_sine freq=53.25085194384465 mag_in=1000 unit=di duration_us=3669000 period_us=18779 phase=0
2026-07-30 14:16:16,902 INFO:FFB_Engine:DI-UPDATE: resolved payload type=periodic_sine freq=53.3714897906194 mag_in=1000 unit=di duration_us=3669000 period_us=18736 phase=0
2026-07-30 14:16:16,908 INFO:FFB_Engine:DI-UPDATE: resolved payload type=periodic_sine freq=53.517982373472115 mag_in=1000 unit=di duration_us=3669000 period_us=18685 phase=0
2026-07-30 14:16:16,913 INFO:FFB_Engine:DI-UPDATE: resolved payload type=periodic_sine freq=53.66551266341913 mag_in=1000 unit=di duration_us=3669000 period_us=18633 phase=0
2026-07-30 14:16:16,918 INFO:FFB_Engine:DI-UPDATE: resolved payload type=periodic_sine freq=53.772531337425356 mag_in=1000 unit=di duration_us=3669000 period_us=18596 phase=0
2026-07-30 14:16:16,922 INFO:FFB_Engine:DI-UPDATE: resolved payload type=periodic_sine freq=53.87510018270524 mag_in=1000 unit=di duration_us=3669000 period_us=18561 phase=0
2026-07-30 14:16:16,928 INFO:FFB_Engine:DI-UPDATE: resolved payload type=periodic_sine freq=54.01995119501333 mag_in=1000 unit=di duration_us=3669000 period_us=18511 phase=0
2026-07-30 14:16:16,935 INFO:FFB_Engine:DI-UPDATE: resolved payload type=periodic_sine freq=54.18350438602635 mag_in=1000 unit=di duration_us=3669000 period_us=18455 phase=0
2026-07-30 14:16:16,939 INFO:FFB_Engine:DI-UPDATE: resolved payload type=periodic_sine freq=54.28355811072177 mag_in=1000 unit=di duration_us=3669000 period_us=18421 phase=0
2026-07-30 14:16:16,945 INFO:FFB_Engine:DI-UPDATE: resolved payload type=periodic_sine freq=54.43111771442851 mag_in=1000 unit=di duration_us=3669000 period_us=18371 phase=0
2026-07-30 14:16:16,952 INFO:FFB_Engine:DI-UPDATE: resolved payload type=periodic_sine freq=54.602714601110236 mag_in=1000 unit=di duration_us=3669000 period_us=18314 phase=0
2026-07-30 14:16:16,958 INFO:FFB_Engine:DI-UPDATE: resolved payload type=periodic_sine freq=54.7523437562536 mag_in=1000 unit=di duration_us=3669000 period_us=18264 phase=0
2026-07-30 14:16:16,964 INFO:FFB_Engine:DI-UPDATE: resolved payload type=periodic_sine freq=54.90098210631824 mag_in=1000 unit=di duration_us=3669000 period_us=18214 phase=0
2026-07-30 14:16:16,968 INFO:FFB_Engine:DI-UPDATE: resolved payload type=periodic_sine freq=55.01092629354508 mag_in=1000 unit=di duration_us=3669000 period_us=18178 phase=0
2026-07-30 14:16:16,974 INFO:FFB_Engine:DI-UPDATE: resolved payload type=periodic_sine freq=55.15967603589667 mag_in=1000 unit=di duration_us=3669000 period_us=18129 phase=0
2026-07-30 14:16:16,979 INFO:FFB_Engine:DI-UPDATE: resolved payload type=periodic_sine freq=55.26347605908503 mag_in=1000 unit=di duration_us=3669000 period_us=18095 phase=0
2026-07-30 14:16:16,985 INFO:FFB_Engine:DI-UPDATE: resolved payload type=periodic_sine freq=55.42972611599281 mag_in=1000 unit=di duration_us=3669000 period_us=18040 phase=0
2026-07-30 14:16:16,991 INFO:FFB_Engine:DI-UPDATE: resolved payload type=periodic_sine freq=55.578604838887195 mag_in=1000 unit=di duration_us=3669000 period_us=17992 phase=0
2026-07-30 14:16:16,997 INFO:FFB_Engine:DI-UPDATE: resolved payload type=periodic_sine freq=55.72414765592482 mag_in=1000 unit=di duration_us=3669000 period_us=17945 phase=0
2026-07-30 14:16:17,002 INFO:FFB_Engine:DI-UPDATE: resolved payload type=periodic_sine freq=55.83739257249676 mag_in=1000 unit=di duration_us=3669000 period_us=17909 phase=0
2026-07-30 14:16:17,006 INFO:FFB_Engine:DI-UPDATE: resolved payload type=periodic_sine freq=55.937598728742756 mag_in=1000 unit=di duration_us=3669000 period_us=17877 phase=0
2026-07-30 14:16:17,012 INFO:FFB_Engine:DI-UPDATE: resolved payload type=periodic_sine freq=56.08487692035613 mag_in=1000 unit=di duration_us=3669000 period_us=17830 phase=0
2026-07-30 14:16:17,019 INFO:FFB_Engine:DI-UPDATE: resolved payload type=periodic_sine freq=56.24736309051513 mag_in=1000 unit=di duration_us=3669000 period_us=17778 phase=0
2026-07-30 14:16:17,023 INFO:FFB_Engine:DI-UPDATE: resolved payload type=periodic_sine freq=56.34758683501697 mag_in=1000 unit=di duration_us=3669000 period_us=17746 phase=0
2026-07-30 14:16:17,028 INFO:FFB_Engine:DI-UPDATE: resolved payload type=periodic_sine freq=56.493827319536045 mag_in=1000 unit=di duration_us=3669000 period_us=17701 phase=0
2026-07-30 14:16:17,035 INFO:FFB_Engine:DI-UPDATE: resolved payload type=periodic_sine freq=56.65865859047311 mag_in=1000 unit=di duration_us=3669000 period_us=17649 phase=0
2026-07-30 14:16:17,041 INFO:FFB_Engine:DI-UPDATE: resolved payload type=periodic_sine freq=56.8100055319364 mag_in=1000 unit=di duration_us=3669000 period_us=17602 phase=0
2026-07-30 14:16:17,047 INFO:FFB_Engine:DI-UPDATE: resolved payload type=periodic_sine freq=56.95590011409071 mag_in=1000 unit=di duration_us=3669000 period_us=17557 phase=0
2026-07-30 14:16:17,052 INFO:FFB_Engine:DI-UPDATE: resolved payload type=periodic_sine freq=57.06252598371662 mag_in=1000 unit=di duration_us=3669000 period_us=17524 phase=0
2026-07-30 14:16:17,056 INFO:FFB_Engine:DI-UPDATE: resolved payload type=periodic_sine freq=57.16499516221344 mag_in=1000 unit=di duration_us=3669000 period_us=17493 phase=0
2026-07-30 14:16:17,062 INFO:FFB_Engine:DI-UPDATE: resolved payload type=periodic_sine freq=57.31118874471696 mag_in=1000 unit=di duration_us=3669000 period_us=17448 phase=0
2026-07-30 14:16:17,069 INFO:FFB_Engine:DI-UPDATE: resolved payload type=periodic_sine freq=57.478376841935955 mag_in=1000 unit=di duration_us=3669000 period_us=17397 phase=0
2026-07-30 14:16:17,075 INFO:FFB_Engine:DI-UPDATE: resolved payload type=periodic_sine freq=57.62532085668845 mag_in=1000 unit=di duration_us=3669000 period_us=17353 phase=0
2026-07-30 14:16:17,081 INFO:FFB_Engine:DI-UPDATE: resolved payload type=periodic_sine freq=57.77310324496911 mag_in=1000 unit=di duration_us=3669000 period_us=17309 phase=0
2026-07-30 14:16:17,085 INFO:FFB_Engine:DI-UPDATE: resolved payload type=periodic_sine freq=57.888142163636246 mag_in=1000 unit=di duration_us=3669000 period_us=17274 phase=0
2026-07-30 14:16:17,089 INFO:FFB_Engine:DI-UPDATE: resolved payload type=periodic_sine freq=57.98820175108362 mag_in=1000 unit=di duration_us=3669000 period_us=17244 phase=0
2026-07-30 14:16:17,095 INFO:FFB_Engine:DI-UPDATE: resolved payload type=periodic_sine freq=58.13397321544709 mag_in=1000 unit=di duration_us=3669000 period_us=17201 phase=0
2026-07-30 14:16:17,102 INFO:FFB_Engine:DI-UPDATE: resolved payload type=periodic_sine freq=58.29197438036809 mag_in=1000 unit=di duration_us=3669000 period_us=17155 phase=0
2026-07-30 14:16:17,106 INFO:FFB_Engine:DI-UPDATE: resolved payload type=periodic_sine freq=58.39287820409555 mag_in=1000 unit=di duration_us=3669000 period_us=17125 phase=0
2026-07-30 14:16:17,112 INFO:FFB_Engine:DI-UPDATE: resolved payload type=periodic_sine freq=58.54112374977987 mag_in=1000 unit=di duration_us=3669000 period_us=17082 phase=0
2026-07-30 14:16:17,120 INFO:FFB_Engine:DI-UPDATE: resolved payload type=periodic_sine freq=58.72901908686904 mag_in=1000 unit=di duration_us=3669000 period_us=17027 phase=0
2026-07-30 14:16:17,125 INFO:FFB_Engine:DI-UPDATE: resolved payload type=periodic_sine freq=58.87391700119268 mag_in=1000 unit=di duration_us=3669000 period_us=16985 phase=0
2026-07-30 14:16:17,131 INFO:FFB_Engine:DI-UPDATE: resolved payload type=periodic_sine freq=59.021394526372184 mag_in=1000 unit=di duration_us=3669000 period_us=16943 phase=0
2026-07-30 14:16:17,136 INFO:FFB_Engine:DI-UPDATE: resolved payload type=periodic_sine freq=59.13595856213179 mag_in=1000 unit=di duration_us=3669000 period_us=16910 phase=0
2026-07-30 14:16:17,140 INFO:FFB_Engine:DI-UPDATE: resolved payload type=periodic_sine freq=59.237530739581 mag_in=1000 unit=di duration_us=3669000 period_us=16881 phase=0
2026-07-30 14:16:17,146 INFO:FFB_Engine:DI-UPDATE: resolved payload type=periodic_sine freq=59.38329634119252 mag_in=1000 unit=di duration_us=3669000 period_us=16839 phase=0
2026-07-30 14:16:17,153 INFO:FFB_Engine:DI-UPDATE: resolved payload type=periodic_sine freq=59.55038477162846 mag_in=1000 unit=di duration_us=3669000 period_us=16792 phase=0
2026-07-30 14:16:17,159 INFO:FFB_Engine:DI-UPDATE: resolved payload type=periodic_sine freq=59.698536513281645 mag_in=1000 unit=di duration_us=3669000 period_us=16750 phase=0
2026-07-30 14:16:17,165 INFO:FFB_Engine:DI-UPDATE: resolved payload type=periodic_sine freq=59.846342352570076 mag_in=1000 unit=di duration_us=3669000 period_us=16709 phase=0
2026-07-30 14:16:17,170 INFO:FFB_Engine:DI-UPDATE: resolved payload type=periodic_sine freq=59.96502204019515 mag_in=1000 unit=di duration_us=3669000 period_us=16676 phase=0
2026-07-30 14:16:17,176 INFO:FFB_Engine:DI-UPDATE: resolved payload type=periodic_sine freq=60.11272234994857 mag_in=1000 unit=di duration_us=3669000 period_us=16635 phase=0
2026-07-30 14:16:17,180 INFO:FFB_Engine:DI-UPDATE: resolved payload type=periodic_sine freq=60.21326268305543 mag_in=1000 unit=di duration_us=3669000 period_us=16607 phase=0
2026-07-30 14:16:17,186 INFO:FFB_Engine:DI-UPDATE: resolved payload type=periodic_sine freq=60.36897151196589 mag_in=1000 unit=di duration_us=3669000 period_us=16564 phase=0
2026-07-30 14:16:17,192 INFO:FFB_Engine:DI-UPDATE: resolved payload type=periodic_sine freq=60.516859429781555 mag_in=1000 unit=di duration_us=3669000 period_us=16524 phase=0
2026-07-30 14:16:17,198 INFO:FFB_Engine:DI-UPDATE: resolved payload type=periodic_sine freq=60.66468285732582 mag_in=1000 unit=di duration_us=3669000 period_us=16484 phase=0
2026-07-30 14:16:17,203 INFO:FFB_Engine:DI-UPDATE: resolved payload type=periodic_sine freq=60.79279571283059 mag_in=1000 unit=di duration_us=3669000 period_us=16449 phase=0
2026-07-30 14:16:17,209 INFO:FFB_Engine:DI-UPDATE: resolved payload type=periodic_sine freq=60.94076570917348 mag_in=1000 unit=di duration_us=3669000 period_us=16409 phase=0
2026-07-30 14:16:17,215 INFO:FFB_Engine:DI-UPDATE: resolved payload type=periodic_sine freq=61.08897607834612 mag_in=1000 unit=di duration_us=3669000 period_us=16369 phase=0
2026-07-30 14:16:17,220 INFO:FFB_Engine:DI-UPDATE: resolved payload type=periodic_sine freq=61.19096451118344 mag_in=1000 unit=di duration_us=3669000 period_us=16342 phase=0
2026-07-30 14:16:17,224 INFO:FFB_Engine:DI-UPDATE: resolved payload type=periodic_sine freq=61.29142862851502 mag_in=1000 unit=di duration_us=3669000 period_us=16315 phase=0
2026-07-30 14:16:17,228 INFO:FFB_Engine:DI-UPDATE: resolved payload type=periodic_sine freq=61.39170513778436 mag_in=1000 unit=di duration_us=3669000 period_us=16288 phase=0
2026-07-30 14:16:17,234 INFO:FFB_Engine:DI-UPDATE: resolved payload type=periodic_sine freq=61.53645648330939 mag_in=1000 unit=di duration_us=3669000 period_us=16250 phase=0
2026-07-30 14:16:17,239 INFO:FFB_Engine:DI-UPDATE: resolved payload type=periodic_sine freq=61.67489364498952 mag_in=1000 unit=di duration_us=3669000 period_us=16214 phase=0
2026-07-30 14:16:17,243 INFO:FFB_Engine:DI-UPDATE: resolved payload type=periodic_sine freq=61.775281546545806 mag_in=1000 unit=di duration_us=3669000 period_us=16187 phase=0
2026-07-30 14:16:17,249 INFO:FFB_Engine:DI-UPDATE: resolved payload type=periodic_sine freq=61.921522031064896 mag_in=1000 unit=di duration_us=3669000 period_us=16149 phase=0
2026-07-30 14:16:17,254 INFO:FFB_Engine:DI-UPDATE: resolved payload type=periodic_sine freq=62.03413377042676 mag_in=1000 unit=di duration_us=3669000 period_us=16120 phase=0
2026-07-30 14:16:17,258 INFO:FFB_Engine:DI-UPDATE: resolved payload type=periodic_sine freq=62.13538349651899 mag_in=1000 unit=di duration_us=3669000 period_us=16093 phase=0
2026-07-30 14:16:17,264 INFO:FFB_Engine:DI-UPDATE: resolved payload type=periodic_sine freq=62.28256788410124 mag_in=1000 unit=di duration_us=3669000 period_us=16055 phase=0
2026-07-30 14:16:17,268 INFO:FFB_Engine:DI-UPDATE: resolved payload type=periodic_sine freq=62.38657896635962 mag_in=1000 unit=di duration_us=3669000 period_us=16029 phase=0
2026-07-30 14:16:17,274 INFO:FFB_Engine:DI-UPDATE: resolved payload type=periodic_sine freq=62.52729087579445 mag_in=1000 unit=di duration_us=3669000 period_us=15993 phase=0
2026-07-30 14:16:17,280 INFO:FFB_Engine:DI-UPDATE: resolved payload type=periodic_sine freq=62.67536053892042 mag_in=1000 unit=di duration_us=3669000 period_us=15955 phase=0
2026-07-30 14:16:17,284 INFO:FFB_Engine:DI-UPDATE: resolved payload type=periodic_sine freq=62.775467028383346 mag_in=1000 unit=di duration_us=3669000 period_us=15929 phase=0
2026-07-30 14:16:17,288 INFO:FFB_Engine:DI-UPDATE: resolved payload type=periodic_sine freq=62.876259459823856 mag_in=1000 unit=di duration_us=3669000 period_us=15904 phase=0
2026-07-30 14:16:17,294 INFO:FFB_Engine:DI-UPDATE: resolved payload type=periodic_sine freq=63.02529061426881 mag_in=1000 unit=di duration_us=3669000 period_us=15866 phase=0
2026-07-30 14:16:17,300 INFO:FFB_Engine:DI-UPDATE: resolved payload type=periodic_sine freq=63.171583863555405 mag_in=1000 unit=di duration_us=3669000 period_us=15829 phase=0
2026-07-30 14:16:17,305 INFO:FFB_Engine:DI-UPDATE: resolved payload type=periodic_sine freq=63.29259106370269 mag_in=1000 unit=di duration_us=3669000 period_us=15799 phase=0
2026-07-30 14:16:17,311 INFO:FFB_Engine:DI-UPDATE: resolved payload type=periodic_sine freq=63.441047668457024 mag_in=1000 unit=di duration_us=3669000 period_us=15762 phase=0
2026-07-30 14:16:17,317 INFO:FFB_Engine:DI-UPDATE: resolved payload type=periodic_sine freq=63.586924662355514 mag_in=1000 unit=di duration_us=3669000 period_us=15726 phase=0
2026-07-30 14:16:17,321 INFO:FFB_Engine:DI-UPDATE: resolved payload type=periodic_sine freq=63.697267516714625 mag_in=1000 unit=di duration_us=3669000 period_us=15699 phase=0
2026-07-30 14:16:17,326 INFO:FFB_Engine:DI-UPDATE: resolved payload type=periodic_sine freq=63.79771404579037 mag_in=1000 unit=di duration_us=3669000 period_us=15674 phase=0
2026-07-30 14:16:17,331 INFO:FFB_Engine:DI-UPDATE: resolved payload type=periodic_sine freq=63.943714157479704 mag_in=1000 unit=di duration_us=3669000 period_us=15638 phase=0
2026-07-30 14:16:17,338 INFO:FFB_Engine:DI-UPDATE: resolved payload type=periodic_sine freq=64.11507653408364 mag_in=1000 unit=di duration_us=3669000 period_us=15596 phase=0
2026-07-30 14:16:17,344 INFO:FFB_Engine:DI-UPDATE: resolved payload type=periodic_sine freq=64.26272407906953 mag_in=1000 unit=di duration_us=3669000 period_us=15561 phase=0
2026-07-30 14:16:17,350 INFO:FFB_Engine:DI-UPDATE: resolved payload type=periodic_sine freq=64.40991432940373 mag_in=1000 unit=di duration_us=3669000 period_us=15525 phase=0
2026-07-30 14:16:17,355 INFO:FFB_Engine:DI-UPDATE: resolved payload type=periodic_sine freq=64.5271517800503 mag_in=1000 unit=di duration_us=3669000 period_us=15497 phase=0
2026-07-30 14:16:17,361 INFO:FFB_Engine:DI-UPDATE: resolved payload type=periodic_sine freq=64.67866287856805 mag_in=1000 unit=di duration_us=3669000 period_us=15461 phase=0
2026-07-30 14:16:17,367 INFO:FFB_Engine:DI-UPDATE: resolved payload type=periodic_sine freq=64.7932855418471 mag_in=1000 unit=di duration_us=3669000 period_us=15433 phase=0
2026-07-30 14:16:17,371 INFO:FFB_Engine:DI-UPDATE: resolved payload type=periodic_sine freq=64.9035228666712 mag_in=1000 unit=di duration_us=3669000 period_us=15407 phase=0
2026-07-30 14:16:17,378 INFO:FFB_Engine:DI-UPDATE: resolved payload type=periodic_sine freq=65.0769078926962 mag_in=1000 unit=di duration_us=3669000 period_us=15366 phase=0
2026-07-30 14:16:17,382 INFO:FFB_Engine:DI-UPDATE: resolved payload type=periodic_sine freq=65.18054962158203 mag_in=1000 unit=di duration_us=3669000 period_us=15342 phase=0
2026-07-30 14:16:17,386 INFO:FFB_Engine:DI-UPDATE: resolved payload type=periodic_sine freq=65.28276083899325 mag_in=1000 unit=di duration_us=3669000 period_us=15317 phase=0
2026-07-30 14:16:17,392 INFO:FFB_Engine:DI-UPDATE: resolved payload type=periodic_sine freq=65.44173522073714 mag_in=1000 unit=di duration_us=3669000 period_us=15280 phase=0
2026-07-30 14:16:17,397 INFO:FFB_Engine:DI-UPDATE: resolved payload type=periodic_sine freq=65.54190033771951 mag_in=1000 unit=di duration_us=3669000 period_us=15257 phase=0
2026-07-30 14:16:17,403 INFO:FFB_Engine:DI-UPDATE: resolved payload type=periodic_sine freq=65.68903196053427 mag_in=1000 unit=di duration_us=3669000 period_us=15223 phase=0
2026-07-30 14:16:17,408 INFO:FFB_Engine:DI-UPDATE: resolved payload type=periodic_sine freq=65.82598584597228 mag_in=1000 unit=di duration_us=3669000 period_us=15191 phase=0
2026-07-30 14:16:17,414 INFO:FFB_Engine:DI-UPDATE: resolved payload type=periodic_sine freq=65.96913079746435 mag_in=1000 unit=di duration_us=3669000 period_us=15158 phase=0
2026-07-30 14:16:17,418 INFO:FFB_Engine:DI-UPDATE: resolved payload type=periodic_sine freq=66.06975320909844 mag_in=1000 unit=di duration_us=3669000 period_us=15135 phase=0
2026-07-30 14:16:17,422 INFO:FFB_Engine:DI-UPDATE: resolved payload type=periodic_sine freq=66.17634390221266 mag_in=1000 unit=di duration_us=3669000 period_us=15111 phase=0
2026-07-30 14:16:17,429 INFO:FFB_Engine:DI-UPDATE: resolved payload type=periodic_sine freq=66.33924632775978 mag_in=1000 unit=di duration_us=3669000 period_us=15074 phase=0
2026-07-30 14:16:17,434 INFO:FFB_Engine:DI-UPDATE: resolved payload type=periodic_sine freq=66.45500636491619 mag_in=1000 unit=di duration_us=3669000 period_us=15047 phase=0
2026-07-30 14:16:17,438 INFO:FFB_Engine:DI-UPDATE: resolved payload type=periodic_sine freq=66.56023689957917 mag_in=1000 unit=di duration_us=3669000 period_us=15023 phase=0
2026-07-30 14:16:17,444 INFO:FFB_Engine:DI-UPDATE: resolved payload type=periodic_sine freq=66.71239290081087 mag_in=1000 unit=di duration_us=3669000 period_us=14989 phase=0
2026-07-30 14:16:17,449 INFO:FFB_Engine:DI-UPDATE: resolved payload type=periodic_sine freq=66.82191496989766 mag_in=1000 unit=di duration_us=3669000 period_us=14965 phase=0
2026-07-30 14:16:17,454 INFO:FFB_Engine:DI-UPDATE: resolved payload type=periodic_sine freq=66.96666045267074 mag_in=1000 unit=di duration_us=3669000 period_us=14932 phase=0
2026-07-30 14:16:17,460 INFO:FFB_Engine:DI-UPDATE: resolved payload type=periodic_sine freq=67.0896668512313 mag_in=1000 unit=di duration_us=3669000 period_us=14905 phase=0
2026-07-30 14:16:17,464 INFO:FFB_Engine:DI-UPDATE: resolved payload type=periodic_sine freq=67.20477026016985 mag_in=1000 unit=di duration_us=3669000 period_us=14879 phase=0
2026-07-30 14:16:17,470 INFO:FFB_Engine:DI-UPDATE: resolved payload type=periodic_sine freq=67.35308029612557 mag_in=1000 unit=di duration_us=3669000 period_us=14847 phase=0
2026-07-30 14:16:17,474 INFO:FFB_Engine:DI-UPDATE: resolved payload type=periodic_sine freq=67.4545000420242 mag_in=1000 unit=di duration_us=3669000 period_us=14824 phase=0
2026-07-30 14:16:17,480 INFO:FFB_Engine:DI-UPDATE: resolved payload type=periodic_sine freq=67.58878637532719 mag_in=1000 unit=di duration_us=3669000 period_us=14795 phase=0
2026-07-30 14:16:17,486 INFO:FFB_Engine:DI-UPDATE: resolved payload type=periodic_sine freq=67.73617009647558 mag_in=1000 unit=di duration_us=3669000 period_us=14763 phase=0
2026-07-30 14:16:17,492 INFO:FFB_Engine:DI-UPDATE: resolved payload type=periodic_sine freq=67.88595168316951 mag_in=1000 unit=di duration_us=3669000 period_us=14730 phase=0
2026-07-30 14:16:17,497 INFO:FFB_Engine:DI-UPDATE: resolved payload type=periodic_sine freq=68.01112729994978 mag_in=1000 unit=di duration_us=3669000 period_us=14703 phase=0
2026-07-30 14:16:17,503 INFO:FFB_Engine:DI-UPDATE: resolved payload type=periodic_sine freq=68.1583234130359 mag_in=1000 unit=di duration_us=3669000 period_us=14671 phase=0
2026-07-30 14:16:17,507 INFO:FFB_Engine:DI-UPDATE: resolved payload type=periodic_sine freq=68.25980764920594 mag_in=1000 unit=di duration_us=3669000 period_us=14649 phase=0
2026-07-30 14:16:17,511 INFO:FFB_Engine:DI-UPDATE: resolved payload type=periodic_sine freq=68.37042605290648 mag_in=1000 unit=di duration_us=3669000 period_us=14626 phase=0
2026-07-30 14:16:17,518 INFO:FFB_Engine:DI-UPDATE: resolved payload type=periodic_sine freq=68.51844881401686 mag_in=1000 unit=di duration_us=3669000 period_us=14594 phase=0
2026-07-30 14:16:17,524 INFO:FFB_Engine:DI-UPDATE: resolved payload type=periodic_sine freq=68.6666709086934 mag_in=1000 unit=di duration_us=3669000 period_us=14563 phase=0
2026-07-30 14:16:17,528 INFO:FFB_Engine:DI-UPDATE: resolved payload type=periodic_sine freq=68.78350382945575 mag_in=1000 unit=di duration_us=3669000 period_us=14538 phase=0
2026-07-30 14:16:17,534 INFO:FFB_Engine:DI-UPDATE: resolved payload type=periodic_sine freq=68.93415310343758 mag_in=1000 unit=di duration_us=3669000 period_us=14506 phase=0
2026-07-30 14:16:17,541 INFO:FFB_Engine:DI-UPDATE: resolved payload type=periodic_sine freq=69.08925220614574 mag_in=1000 unit=di duration_us=3669000 period_us=14474 phase=0
2026-07-30 14:16:17,545 INFO:FFB_Engine:DI-UPDATE: resolved payload type=periodic_sine freq=69.19013257886542 mag_in=1000 unit=di duration_us=3669000 period_us=14452 phase=0
2026-07-30 14:16:17,551 INFO:FFB_Engine:DI-UPDATE: resolved payload type=periodic_sine freq=69.33763941780465 mag_in=1000 unit=di duration_us=3669000 period_us=14422 phase=0
2026-07-30 14:16:17,555 INFO:FFB_Engine:DI-UPDATE: resolved payload type=periodic_sine freq=69.44204330444336 mag_in=1000 unit=di duration_us=3669000 period_us=14400 phase=0
2026-07-30 14:16:17,562 INFO:FFB_Engine:DI-UPDATE: resolved payload type=periodic_sine freq=69.60652281026371 mag_in=1000 unit=di duration_us=3669000 period_us=14366 phase=0
2026-07-30 14:16:17,568 INFO:FFB_Engine:DI-UPDATE: resolved payload type=periodic_sine freq=69.75581778854621 mag_in=1000 unit=di duration_us=3669000 period_us=14335 phase=0
2026-07-30 14:16:17,574 INFO:FFB_Engine:DI-UPDATE: resolved payload type=periodic_sine freq=69.90126093880075 mag_in=1000 unit=di duration_us=3669000 period_us=14305 phase=0
2026-07-30 14:16:17,578 INFO:FFB_Engine:DI-UPDATE: resolved payload type=periodic_sine freq=70.01037847800333 mag_in=1000 unit=di duration_us=3669000 period_us=14283 phase=0
2026-07-30 14:16:17,582 INFO:FFB_Engine:DI-UPDATE: resolved payload type=periodic_sine freq=70.11129988998663 mag_in=1000 unit=di duration_us=3669000 period_us=14263 phase=0
2026-07-30 14:16:17,588 INFO:FFB_Engine:DI-UPDATE: resolved payload type=periodic_sine freq=70.25631505934919 mag_in=1000 unit=di duration_us=3669000 period_us=14233 phase=0
2026-07-30 14:16:17,595 INFO:FFB_Engine:DI-UPDATE: resolved payload type=periodic_sine freq=70.42124013431737 mag_in=1000 unit=di duration_us=3669000 period_us=14200 phase=0
2026-07-30 14:16:17,601 INFO:FFB_Engine:DI-UPDATE: resolved payload type=periodic_sine freq=70.57449833291474 mag_in=1000 unit=di duration_us=3669000 period_us=14169 phase=0
2026-07-30 14:16:17,607 INFO:FFB_Engine:DI-UPDATE: resolved payload type=periodic_sine freq=70.72036360130934 mag_in=1000 unit=di duration_us=3669000 period_us=14140 phase=0
2026-07-30 14:16:17,612 INFO:FFB_Engine:DI-UPDATE: resolved payload type=periodic_sine freq=70.83914881846943 mag_in=1000 unit=di duration_us=3669000 period_us=14116 phase=0
2026-07-30 14:16:17,618 INFO:FFB_Engine:DI-UPDATE: resolved payload type=periodic_sine freq=70.99626470784672 mag_in=1000 unit=di duration_us=3669000 period_us=14085 phase=0
2026-07-30 14:16:17,624 INFO:FFB_Engine:DI-UPDATE: resolved payload type=periodic_sine freq=71.13994316976579 mag_in=1000 unit=di duration_us=3669000 period_us=14056 phase=0
2026-07-30 14:16:17,628 INFO:FFB_Engine:DI-UPDATE: resolved payload type=periodic_sine freq=71.24343246710104 mag_in=1000 unit=di duration_us=3669000 period_us=14036 phase=0
2026-07-30 14:16:17,632 INFO:FFB_Engine:DI-UPDATE: resolved payload type=periodic_sine freq=71.34403729047932 mag_in=1000 unit=di duration_us=3669000 period_us=14016 phase=0
2026-07-30 14:16:17,638 INFO:FFB_Engine:DI-UPDATE: resolved payload type=periodic_sine freq=71.49245871872199 mag_in=1000 unit=di duration_us=3669000 period_us=13987 phase=0
2026-07-30 14:16:17,645 INFO:FFB_Engine:DI-UPDATE: resolved payload type=periodic_sine freq=71.66215607377349 mag_in=1000 unit=di duration_us=3669000 period_us=13954 phase=0
2026-07-30 14:16:17,651 INFO:FFB_Engine:DI-UPDATE: resolved payload type=periodic_sine freq=71.81034885469029 mag_in=1000 unit=di duration_us=3669000 period_us=13925 phase=0
2026-07-30 14:16:17,657 INFO:FFB_Engine:DI-UPDATE: resolved payload type=periodic_sine freq=71.95421492467162 mag_in=1000 unit=di duration_us=3669000 period_us=13897 phase=0
2026-07-30 14:16:17,662 INFO:FFB_Engine:DI-UPDATE: resolved payload type=periodic_sine freq=72.07193898372962 mag_in=1000 unit=di duration_us=3669000 period_us=13875 phase=0
2026-07-30 14:16:17,666 INFO:FFB_Engine:DI-UPDATE: resolved payload type=periodic_sine freq=72.1727783171857 mag_in=1000 unit=di duration_us=3669000 period_us=13855 phase=0
2026-07-30 14:16:17,672 INFO:FFB_Engine:DI-UPDATE: resolved payload type=periodic_sine freq=72.32137562798673 mag_in=1000 unit=di duration_us=3669000 period_us=13827 phase=0
2026-07-30 14:16:17,679 INFO:FFB_Engine:DI-UPDATE: resolved payload type=periodic_sine freq=72.48280064004366 mag_in=1000 unit=di duration_us=3669000 period_us=13796 phase=0
2026-07-30 14:16:17,685 INFO:FFB_Engine:DI-UPDATE: resolved payload type=periodic_sine freq=72.63180834348084 mag_in=1000 unit=di duration_us=3669000 period_us=13768 phase=0
2026-07-30 14:16:17,691 INFO:FFB_Engine:DI-UPDATE: resolved payload type=periodic_sine freq=72.77735702327041 mag_in=1000 unit=di duration_us=3669000 period_us=13740 phase=0
2026-07-30 14:16:17,696 INFO:FFB_Engine:DI-UPDATE: resolved payload type=periodic_sine freq=72.89682231965612 mag_in=1000 unit=di duration_us=3669000 period_us=13718 phase=0
2026-07-30 14:16:17,700 INFO:FFB_Engine:DI-UPDATE: resolved payload type=periodic_sine freq=73.00064579385226 mag_in=1000 unit=di duration_us=3669000 period_us=13698 phase=0
2026-07-30 14:16:17,706 INFO:FFB_Engine:DI-UPDATE: resolved payload type=periodic_sine freq=73.14281166576949 mag_in=1000 unit=di duration_us=3669000 period_us=13671 phase=0
2026-07-30 14:16:17,711 INFO:FFB_Engine:DI-UPDATE: resolved payload type=periodic_sine freq=73.2616789614568 mag_in=1000 unit=di duration_us=3669000 period_us=13649 phase=0
2026-07-30 14:16:17,716 INFO:FFB_Engine:DI-UPDATE: resolved payload type=periodic_sine freq=73.39968814224493 mag_in=1000 unit=di duration_us=3669000 period_us=13624 phase=0
2026-07-30 14:16:17,722 INFO:FFB_Engine:DI-UPDATE: resolved payload type=periodic_sine freq=73.54795127618507 mag_in=1000 unit=di duration_us=3669000 period_us=13596 phase=0
2026-07-30 14:16:17,728 INFO:FFB_Engine:DI-UPDATE: resolved payload type=periodic_sine freq=73.69614405710189 mag_in=1000 unit=di duration_us=3669000 period_us=13569 phase=0
2026-07-30 14:16:17,733 INFO:FFB_Engine:DI-UPDATE: resolved payload type=periodic_sine freq=73.8284839567591 mag_in=1000 unit=di duration_us=3669000 period_us=13544 phase=0
2026-07-30 14:16:17,739 INFO:FFB_Engine:DI-UPDATE: resolved payload type=periodic_sine freq=73.97517001042601 mag_in=1000 unit=di duration_us=3669000 period_us=13518 phase=0
2026-07-30 14:16:17,745 INFO:FFB_Engine:DI-UPDATE: resolved payload type=periodic_sine freq=74.12278237890025 mag_in=1000 unit=di duration_us=3669000 period_us=13491 phase=0
2026-07-30 14:16:17,750 INFO:FFB_Engine:DI-UPDATE: resolved payload type=periodic_sine freq=74.24224767528597 mag_in=1000 unit=di duration_us=3669000 period_us=13469 phase=0
2026-07-30 14:16:17,756 INFO:FFB_Engine:DI-UPDATE: resolved payload type=periodic_sine freq=74.39025284814052 mag_in=1000 unit=di duration_us=3669000 period_us=13442 phase=0
2026-07-30 14:16:17,762 INFO:FFB_Engine:DI-UPDATE: resolved payload type=periodic_sine freq=74.53839286428983 mag_in=1000 unit=di duration_us=3669000 period_us=13415 phase=0
2026-07-30 14:16:17,767 INFO:FFB_Engine:DI-UPDATE: resolved payload type=periodic_sine freq=74.66295289211585 mag_in=1000 unit=di duration_us=3669000 period_us=13393 phase=0
2026-07-30 14:16:17,772 INFO:FFB_Engine:DI-UPDATE: resolved payload type=periodic_sine freq=74.76794305394907 mag_in=1000 unit=di duration_us=3669000 period_us=13374 phase=0
2026-07-30 14:16:17,778 INFO:FFB_Engine:DI-UPDATE: resolved payload type=periodic_sine freq=74.91584856002058 mag_in=1000 unit=di duration_us=3669000 period_us=13348 phase=0
2026-07-30 14:16:17,782 INFO:FFB_Engine:DI-UPDATE: resolved payload type=periodic_sine freq=75.02683631709365 mag_in=1000 unit=di duration_us=3669000 period_us=13328 phase=0
2026-07-30 14:16:17,788 INFO:FFB_Engine:DI-UPDATE: resolved payload type=periodic_sine freq=75.17504668626628 mag_in=1000 unit=di duration_us=3669000 period_us=13302 phase=0
2026-07-30 14:16:17,794 INFO:FFB_Engine:DI-UPDATE: resolved payload type=periodic_sine freq=75.32508037129386 mag_in=1000 unit=di duration_us=3669000 period_us=13275 phase=0
2026-07-30 14:16:17,799 INFO:FFB_Engine:DI-UPDATE: resolved payload type=periodic_sine freq=75.4489016923748 mag_in=1000 unit=di duration_us=3669000 period_us=13254 phase=0
2026-07-30 14:16:17,805 INFO:FFB_Engine:DI-UPDATE: resolved payload type=periodic_sine freq=75.5958457071273 mag_in=1000 unit=di duration_us=3669000 period_us=13228 phase=0
2026-07-30 14:16:17,811 INFO:FFB_Engine:DI-UPDATE: resolved payload type=periodic_sine freq=75.74288352591093 mag_in=1000 unit=di duration_us=3669000 period_us=13202 phase=0
2026-07-30 14:16:17,816 INFO:FFB_Engine:DI-UPDATE: resolved payload type=periodic_sine freq=75.8521183201524 mag_in=1000 unit=di duration_us=3669000 period_us=13183 phase=0
2026-07-30 14:16:17,822 INFO:FFB_Engine:DI-UPDATE: resolved payload type=periodic_sine freq=76.00070390544954 mag_in=1000 unit=di duration_us=3669000 period_us=13157 phase=0
2026-07-30 14:16:17,828 INFO:FFB_Engine:DI-UPDATE: resolved payload type=periodic_sine freq=76.14771827322538 mag_in=1000 unit=di duration_us=3669000 period_us=13132 phase=0
2026-07-30 14:16:17,833 INFO:FFB_Engine:DI-UPDATE: resolved payload type=periodic_sine freq=76.26520782220558 mag_in=1000 unit=di duration_us=3669000 period_us=13112 phase=0
2026-07-30 14:16:17,839 INFO:FFB_Engine:DI-UPDATE: resolved payload type=periodic_sine freq=76.41365856420798 mag_in=1000 unit=di duration_us=3669000 period_us=13086 phase=0
2026-07-30 14:16:17,844 INFO:FFB_Engine:DI-UPDATE: resolved payload type=periodic_sine freq=76.55865028256275 mag_in=1000 unit=di duration_us=3669000 period_us=13061 phase=0
2026-07-30 14:16:17,851 INFO:FFB_Engine:DI-UPDATE: resolved payload type=periodic_sine freq=76.70503147312851 mag_in=1000 unit=di duration_us=3669000 period_us=13036 phase=0
2026-07-30 14:16:17,856 INFO:FFB_Engine:DI-UPDATE: resolved payload type=periodic_sine freq=76.84921413171486 mag_in=1000 unit=di duration_us=3669000 period_us=13012 phase=0
2026-07-30 14:16:17,861 INFO:FFB_Engine:DI-UPDATE: resolved payload type=periodic_sine freq=76.9515308786611 mag_in=1000 unit=di duration_us=3669000 period_us=12995 phase=0
2026-07-30 14:16:17,867 INFO:FFB_Engine:DI-UPDATE: resolved payload type=periodic_sine freq=77.10331166376832 mag_in=1000 unit=di duration_us=3669000 period_us=12969 phase=0
2026-07-30 14:16:17,873 INFO:FFB_Engine:DI-UPDATE: resolved payload type=periodic_sine freq=77.2484851274334 mag_in=1000 unit=di duration_us=3669000 period_us=12945 phase=0
2026-07-30 14:16:17,879 INFO:FFB_Engine:DI-UPDATE: resolved payload type=periodic_sine freq=77.3967306731177 mag_in=1000 unit=di duration_us=3669000 period_us=12920 phase=0
2026-07-30 14:16:17,884 INFO:FFB_Engine:DI-UPDATE: resolved payload type=periodic_sine freq=77.52480835211081 mag_in=1000 unit=di duration_us=3669000 period_us=12899 phase=0
2026-07-30 14:16:17,888 INFO:FFB_Engine:DI-UPDATE: resolved payload type=periodic_sine freq=77.62560078355133 mag_in=1000 unit=di duration_us=3669000 period_us=12882 phase=0
2026-07-30 14:16:17,894 INFO:FFB_Engine:DI-UPDATE: resolved payload type=periodic_sine freq=77.77050456062692 mag_in=1000 unit=di duration_us=3669000 period_us=12858 phase=0
2026-07-30 14:16:17,900 INFO:FFB_Engine:DI-UPDATE: resolved payload type=periodic_sine freq=77.9285819413232 mag_in=1000 unit=di duration_us=3669000 period_us=12832 phase=0
2026-07-30 14:16:17,904 INFO:FFB_Engine:DI-UPDATE: resolved payload type=periodic_sine freq=78.03064072718385 mag_in=1000 unit=di duration_us=3669000 period_us=12815 phase=0
2026-07-30 14:16:17,910 INFO:FFB_Engine:DI-UPDATE: resolved payload type=periodic_sine freq=78.17756715368051 mag_in=1000 unit=di duration_us=3669000 period_us=12791 phase=0
2026-07-30 14:16:17,917 INFO:FFB_Engine:DI-UPDATE: resolved payload type=periodic_sine freq=78.34999655113846 mag_in=1000 unit=di duration_us=3669000 period_us=12763 phase=0
2026-07-30 14:16:17,923 INFO:FFB_Engine:DI-UPDATE: resolved payload type=periodic_sine freq=78.50072790364749 mag_in=1000 unit=di duration_us=3669000 period_us=12738 phase=0
2026-07-30 14:16:17,930 INFO:FFB_Engine:DI-UPDATE: resolved payload type=periodic_sine freq=78.6527138850728 mag_in=1000 unit=di duration_us=3669000 period_us=12714 phase=0
2026-07-30 14:16:17,934 INFO:FFB_Engine:DI-UPDATE: resolved payload type=periodic_sine freq=78.7634847203239 mag_in=1000 unit=di duration_us=3669000 period_us=12696 phase=0
2026-07-30 14:16:17,938 INFO:FFB_Engine:DI-UPDATE: resolved payload type=periodic_sine freq=78.86449407358639 mag_in=1000 unit=di duration_us=3669000 period_us=12679 phase=0
2026-07-30 14:16:17,944 INFO:FFB_Engine:DI-UPDATE: resolved payload type=periodic_sine freq=79.01252856020066 mag_in=1000 unit=di duration_us=3669000 period_us=12656 phase=0
2026-07-30 14:16:17,951 INFO:FFB_Engine:DI-UPDATE: resolved payload type=periodic_sine freq=79.1844244472316 mag_in=1000 unit=di duration_us=3669000 period_us=12628 phase=0
2026-07-30 14:16:17,957 INFO:FFB_Engine:DI-UPDATE: resolved payload type=periodic_sine freq=79.33199577644223 mag_in=1000 unit=di duration_us=3669000 period_us=12605 phase=0
2026-07-30 14:16:17,963 INFO:FFB_Engine:DI-UPDATE: resolved payload type=periodic_sine freq=79.477521005224 mag_in=1000 unit=di duration_us=3669000 period_us=12582 phase=0
2026-07-30 14:16:17,969 INFO:FFB_Engine:DI-UPDATE: resolved payload type=periodic_sine freq=79.6137185956611 mag_in=1000 unit=di duration_us=3669000 period_us=12560 phase=0
2026-07-30 14:16:17,975 INFO:FFB_Engine:DI-UPDATE: resolved payload type=periodic_sine freq=79.76099092452253 mag_in=1000 unit=di duration_us=3669000 period_us=12537 phase=0
2026-07-30 14:16:17,979 INFO:FFB_Engine:DI-UPDATE: resolved payload type=periodic_sine freq=79.86490820274979 mag_in=1000 unit=di duration_us=3669000 period_us=12521 phase=0
2026-07-30 14:16:17,986 INFO:FFB_Engine:DI-UPDATE: resolved payload type=periodic_sine freq=80.02658531314037 mag_in=1000 unit=di duration_us=3669000 period_us=12495 phase=0
2026-07-30 14:16:17,992 INFO:FFB_Engine:DI-UPDATE: resolved payload type=periodic_sine freq=80.17737529316886 mag_in=1000 unit=di duration_us=3669000 period_us=12472 phase=0
2026-07-30 14:16:17,998 INFO:FFB_Engine:DI-UPDATE: resolved payload type=periodic_sine freq=80.32200938365499 mag_in=1000 unit=di duration_us=3669000 period_us=12449 phase=0
2026-07-30 14:16:18,003 INFO:FFB_Engine:DI-UPDATE: resolved payload type=periodic_sine freq=80.45335261548152 mag_in=1000 unit=di duration_us=3669000 period_us=12429 phase=0
2026-07-30 14:16:18,007 INFO:FFB_Engine:DI-UPDATE: resolved payload type=periodic_sine freq=80.55439128250372 mag_in=1000 unit=di duration_us=3669000 period_us=12413 phase=0
2026-07-30 14:16:18,013 INFO:FFB_Engine:DI-UPDATE: resolved payload type=periodic_sine freq=80.70040311969694 mag_in=1000 unit=di duration_us=3669000 period_us=12391 phase=0
2026-07-30 14:16:18,020 INFO:FFB_Engine:DI-UPDATE: resolved payload type=periodic_sine freq=80.86491780202897 mag_in=1000 unit=di duration_us=3669000 period_us=12366 phase=0
2026-07-30 14:16:18,026 INFO:FFB_Engine:DI-UPDATE: resolved payload type=periodic_sine freq=81.01142797313753 mag_in=1000 unit=di duration_us=3669000 period_us=12343 phase=0
2026-07-30 14:16:18,032 INFO:FFB_Engine:DI-UPDATE: resolved payload type=periodic_sine freq=81.15913414564288 mag_in=1000 unit=di duration_us=3669000 period_us=12321 phase=0
2026-07-30 14:16:18,036 INFO:FFB_Engine:DI-UPDATE: resolved payload type=periodic_sine freq=81.27578532109494 mag_in=1000 unit=di duration_us=3669000 period_us=12303 phase=0
2026-07-30 14:16:18,042 INFO:FFB_Engine:DI-UPDATE: resolved payload type=periodic_sine freq=81.42469335774906 mag_in=1000 unit=di duration_us=3669000 period_us=12281 phase=0
2026-07-30 14:16:18,048 INFO:FFB_Engine:DI-UPDATE: resolved payload type=periodic_sine freq=81.57372451219402 mag_in=1000 unit=di duration_us=3669000 period_us=12258 phase=0
2026-07-30 14:16:18,053 INFO:FFB_Engine:DI-UPDATE: resolved payload type=periodic_sine freq=81.68482366155405 mag_in=1000 unit=di duration_us=3669000 period_us=12242 phase=0
2026-07-30 14:16:18,057 INFO:FFB_Engine:DI-UPDATE: resolved payload type=periodic_sine freq=81.78487152349753 mag_in=1000 unit=di duration_us=3669000 period_us=12227 phase=0
2026-07-30 14:16:18,063 INFO:FFB_Engine:DI-UPDATE: resolved payload type=periodic_sine freq=81.93310534367795 mag_in=1000 unit=di duration_us=3669000 period_us=12205 phase=0
2026-07-30 14:16:18,072 INFO:FFB_Engine:DI-UPDATE: resolved payload type=periodic_sine freq=82.14196001897093 mag_in=1000 unit=di duration_us=3669000 period_us=12174 phase=0
2026-07-30 14:16:18,076 INFO:FFB_Engine:DI-UPDATE: resolved payload type=periodic_sine freq=82.24325078432678 mag_in=1000 unit=di duration_us=3669000 period_us=12159 phase=0
2026-07-30 14:16:18,082 INFO:FFB_Engine:DI-UPDATE: resolved payload type=periodic_sine freq=82.3869526972536 mag_in=1000 unit=di duration_us=3669000 period_us=12137 phase=0
2026-07-30 14:16:18,086 INFO:FFB_Engine:DI-UPDATE: resolved payload type=periodic_sine freq=82.50764917154781 mag_in=1000 unit=di duration_us=3669000 period_us=12120 phase=0
2026-07-30 14:16:18,091 INFO:FFB_Engine:DI-UPDATE: resolved payload type=periodic_sine freq=82.60870542682585 mag_in=1000 unit=di duration_us=3669000 period_us=12105 phase=0
2026-07-30 14:16:18,097 INFO:FFB_Engine:DI-UPDATE: resolved payload type=periodic_sine freq=82.7563060697962 mag_in=1000 unit=di duration_us=3669000 period_us=12083 phase=0
2026-07-30 14:16:18,104 INFO:FFB_Engine:DI-UPDATE: resolved payload type=periodic_sine freq=82.93244072648345 mag_in=1000 unit=di duration_us=3669000 period_us=12058 phase=0
2026-07-30 14:16:18,110 INFO:FFB_Engine:DI-UPDATE: resolved payload type=periodic_sine freq=83.07941405499568 mag_in=1000 unit=di duration_us=3669000 period_us=12036 phase=0
2026-07-30 14:16:18,116 INFO:FFB_Engine:DI-UPDATE: resolved payload type=periodic_sine freq=83.22652222680263 mag_in=1000 unit=di duration_us=3669000 period_us=12015 phase=0
2026-07-30 14:16:18,121 INFO:FFB_Engine:DI-UPDATE: resolved payload type=periodic_sine freq=83.35930183285572 mag_in=1000 unit=di duration_us=3669000 period_us=11996 phase=0
2026-07-30 14:16:18,125 INFO:FFB_Engine:DI-UPDATE: resolved payload type=periodic_sine freq=83.4599476954976 mag_in=1000 unit=di duration_us=3669000 period_us=11981 phase=0
2026-07-30 14:16:18,131 INFO:FFB_Engine:DI-UPDATE: resolved payload type=periodic_sine freq=83.60651649412561 mag_in=1000 unit=di duration_us=3669000 period_us=11960 phase=0
2026-07-30 14:16:18,137 INFO:FFB_Engine:DI-UPDATE: resolved payload type=periodic_sine freq=83.7622546367958 mag_in=1000 unit=di duration_us=3669000 period_us=11938 phase=0
2026-07-30 14:16:18,143 INFO:FFB_Engine:DI-UPDATE: resolved payload type=periodic_sine freq=83.90993735829338 mag_in=1000 unit=di duration_us=3669000 period_us=11917 phase=0
2026-07-30 14:16:18,149 INFO:FFB_Engine:DI-UPDATE: resolved payload type=periodic_sine freq=84.05764353079874 mag_in=1000 unit=di duration_us=3669000 period_us=11896 phase=0
2026-07-30 14:16:18,154 INFO:FFB_Engine:DI-UPDATE: resolved payload type=periodic_sine freq=84.17857451517074 mag_in=1000 unit=di duration_us=3669000 period_us=11879 phase=0
2026-07-30 14:16:18,158 INFO:FFB_Engine:DI-UPDATE: resolved payload type=periodic_sine freq=84.27961904494488 mag_in=1000 unit=di duration_us=3669000 period_us=11865 phase=0
2026-07-30 14:16:18,164 INFO:FFB_Engine:DI-UPDATE: resolved payload type=periodic_sine freq=84.42579503919258 mag_in=1000 unit=di duration_us=3669000 period_us=11844 phase=0
2026-07-30 14:16:18,169 INFO:FFB_Engine:DI-UPDATE: resolved payload type=periodic_sine freq=84.52711511830813 mag_in=1000 unit=di duration_us=3669000 period_us=11830 phase=0
2026-07-30 14:16:18,174 INFO:FFB_Engine:DI-UPDATE: resolved payload type=periodic_sine freq=84.65251938241427 mag_in=1000 unit=di duration_us=3669000 period_us=11812 phase=0
2026-07-30 14:16:18,180 INFO:FFB_Engine:DI-UPDATE: resolved payload type=periodic_sine freq=84.79710657088484 mag_in=1000 unit=di duration_us=3669000 period_us=11792 phase=0
2026-07-30 14:16:18,185 INFO:FFB_Engine:DI-UPDATE: resolved payload type=periodic_sine freq=84.94054465997414 mag_in=1000 unit=di duration_us=3669000 period_us=11772 phase=0
2026-07-30 14:16:18,191 INFO:FFB_Engine:DI-UPDATE: resolved payload type=periodic_sine freq=85.08514357394859 mag_in=1000 unit=di duration_us=3669000 period_us=11752 phase=0
2026-07-30 14:16:18,197 INFO:FFB_Engine:DI-UPDATE: resolved payload type=periodic_sine freq=85.23306080552398 mag_in=1000 unit=di duration_us=3669000 period_us=11732 phase=0
2026-07-30 14:16:18,203 INFO:FFB_Engine:DI-UPDATE: resolved payload type=periodic_sine freq=85.38061454647877 mag_in=1000 unit=di duration_us=3669000 period_us=11712 phase=0
2026-07-30 14:16:18,209 INFO:FFB_Engine:DI-UPDATE: resolved payload type=periodic_sine freq=85.51050381582291 mag_in=1000 unit=di duration_us=3669000 period_us=11694 phase=0
2026-07-30 14:16:18,215 INFO:FFB_Engine:DI-UPDATE: resolved payload type=periodic_sine freq=85.65964636255484 mag_in=1000 unit=di duration_us=3669000 period_us=11674 phase=0
2026-07-30 14:16:18,220 INFO:FFB_Engine:DI-UPDATE: resolved payload type=periodic_sine freq=85.80365900133476 mag_in=1000 unit=di duration_us=3669000 period_us=11654 phase=0
2026-07-30 14:16:18,226 INFO:FFB_Engine:DI-UPDATE: resolved payload type=periodic_sine freq=85.93951655215903 mag_in=1000 unit=di duration_us=3669000 period_us=11636 phase=0
2026-07-30 14:16:18,232 INFO:FFB_Engine:DI-UPDATE: resolved payload type=periodic_sine freq=86.08838941230148 mag_in=1000 unit=di duration_us=3669000 period_us=11615 phase=0
2026-07-30 14:16:18,238 INFO:FFB_Engine:DI-UPDATE: resolved payload type=periodic_sine freq=86.23553276062012 mag_in=1000 unit=di duration_us=3669000 period_us=11596 phase=0
2026-07-30 14:16:18,243 INFO:FFB_Engine:DI-UPDATE: resolved payload type=periodic_sine freq=86.36815407237069 mag_in=1000 unit=di duration_us=3669000 period_us=11578 phase=0
2026-07-30 14:16:18,248 INFO:FFB_Engine:DI-UPDATE: resolved payload type=periodic_sine freq=86.46960313202905 mag_in=1000 unit=di duration_us=3669000 period_us=11564 phase=0
2026-07-30 14:16:18,253 INFO:FFB_Engine:DI-UPDATE: resolved payload type=periodic_sine freq=86.61404375170098 mag_in=1000 unit=di duration_us=3669000 period_us=11545 phase=0
2026-07-30 14:16:18,259 INFO:FFB_Engine:DI-UPDATE: resolved payload type=periodic_sine freq=86.75015926361084 mag_in=1000 unit=di duration_us=3669000 period_us=11527 phase=0
2026-07-30 14:16:18,265 INFO:FFB_Engine:DI-UPDATE: resolved payload type=periodic_sine freq=86.89722639615418 mag_in=1000 unit=di duration_us=3669000 period_us=11507 phase=0
2026-07-30 14:16:18,271 INFO:FFB_Engine:DI-UPDATE: resolved payload type=periodic_sine freq=87.04616960931996 mag_in=1000 unit=di duration_us=3669000 period_us=11488 phase=0
2026-07-30 14:16:18,276 INFO:FFB_Engine:DI-UPDATE: resolved payload type=periodic_sine freq=87.16549419965901 mag_in=1000 unit=di duration_us=3669000 period_us=11472 phase=0
2026-07-30 14:16:18,282 INFO:FFB_Engine:DI-UPDATE: resolved payload type=periodic_sine freq=87.31239717514788 mag_in=1000 unit=di duration_us=3669000 period_us=11453 phase=0
2026-07-30 14:16:18,288 INFO:FFB_Engine:DI-UPDATE: resolved payload type=periodic_sine freq=87.45990987683906 mag_in=1000 unit=di duration_us=3669000 period_us=11433 phase=0
2026-07-30 14:16:18,293 INFO:FFB_Engine:DI-UPDATE: resolved payload type=periodic_sine freq=87.58465751272733 mag_in=1000 unit=di duration_us=3669000 period_us=11417 phase=0
2026-07-30 14:16:18,297 INFO:FFB_Engine:DI-UPDATE: resolved payload type=periodic_sine freq=87.68524474784975 mag_in=1000 unit=di duration_us=3669000 period_us=11404 phase=0
2026-07-30 14:16:18,303 INFO:FFB_Engine:DI-UPDATE: resolved payload type=periodic_sine freq=87.8304533880265 mag_in=1000 unit=di duration_us=3669000 period_us=11385 phase=0
2026-07-30 14:16:18,310 INFO:FFB_Engine:DI-UPDATE: resolved payload type=periodic_sine freq=88.00168678408762 mag_in=1000 unit=di duration_us=3669000 period_us=11363 phase=0
2026-07-30 14:16:18,316 INFO:FFB_Engine:DI-UPDATE: resolved payload type=periodic_sine freq=88.14918776027491 mag_in=1000 unit=di duration_us=3669000 period_us=11344 phase=0
2026-07-30 14:16:18,320 INFO:FFB_Engine:DI-UPDATE: resolved payload type=periodic_sine freq=88.24978672090124 mag_in=1000 unit=di duration_us=3669000 period_us=11331 phase=0
2026-07-30 14:16:18,327 INFO:FFB_Engine:DI-UPDATE: resolved payload type=periodic_sine freq=88.42902277336746 mag_in=1000 unit=di duration_us=3669000 period_us=11308 phase=0
2026-07-30 14:16:18,333 INFO:FFB_Engine:DI-UPDATE: resolved payload type=periodic_sine freq=88.57882194831723 mag_in=1000 unit=di duration_us=3669000 period_us=11289 phase=0
2026-07-30 14:16:18,339 INFO:FFB_Engine:DI-UPDATE: resolved payload type=periodic_sine freq=88.72566629628666 mag_in=1000 unit=di duration_us=3669000 period_us=11270 phase=0
2026-07-30 14:16:18,345 INFO:FFB_Engine:DI-UPDATE: resolved payload type=periodic_sine freq=88.86610851913203 mag_in=1000 unit=di duration_us=3669000 period_us=11252 phase=0
2026-07-30 14:16:18,351 INFO:FFB_Engine:DI-UPDATE: resolved payload type=periodic_sine freq=89.01376192686988 mag_in=1000 unit=di duration_us=3669000 period_us=11234 phase=0
2026-07-30 14:16:18,357 INFO:FFB_Engine:DI-UPDATE: resolved payload type=periodic_sine freq=89.16067076511071 mag_in=1000 unit=di duration_us=3669000 period_us=11215 phase=0
2026-07-30 14:16:18,362 INFO:FFB_Engine:DI-UPDATE: resolved payload type=periodic_sine freq=89.28717722658251 mag_in=1000 unit=di duration_us=3669000 period_us=11199 phase=0
2026-07-30 14:16:18,368 INFO:FFB_Engine:DI-UPDATE: resolved payload type=periodic_sine freq=89.43575108637575 mag_in=1000 unit=di duration_us=3669000 period_us=11181 phase=0
2026-07-30 14:16:18,374 INFO:FFB_Engine:DI-UPDATE: resolved payload type=periodic_sine freq=89.58386765151728 mag_in=1000 unit=di duration_us=3669000 period_us=11162 phase=0
2026-07-30 14:16:18,380 INFO:FFB_Engine:DI-UPDATE: resolved payload type=periodic_sine freq=89.7162896297017 mag_in=1000 unit=di duration_us=3669000 period_us=11146 phase=0
2026-07-30 14:16:18,386 INFO:FFB_Engine:DI-UPDATE: resolved payload type=periodic_sine freq=89.86426548879655 mag_in=1000 unit=di duration_us=3669000 period_us=11127 phase=0
2026-07-30 14:16:18,392 INFO:FFB_Engine:DI-UPDATE: resolved payload type=periodic_sine freq=90.013349408009 mag_in=1000 unit=di duration_us=3669000 period_us=11109 phase=0
2026-07-30 14:16:18,397 INFO:FFB_Engine:DI-UPDATE: resolved payload type=periodic_sine freq=90.1505729800365 mag_in=1000 unit=di duration_us=3669000 period_us=11092 phase=0
2026-07-30 14:16:18,401 INFO:FFB_Engine:DI-UPDATE: resolved payload type=periodic_sine freq=90.25208652996626 mag_in=1000 unit=di duration_us=3669000 period_us=11080 phase=0
2026-07-30 14:16:18,407 INFO:FFB_Engine:DI-UPDATE: resolved payload type=periodic_sine freq=90.39740656242996 mag_in=1000 unit=di duration_us=3669000 period_us=11062 phase=0
2026-07-30 14:16:18,412 INFO:FFB_Engine:DI-UPDATE: resolved payload type=periodic_sine freq=90.52374300409535 mag_in=1000 unit=di duration_us=3669000 period_us=11046 phase=0
2026-07-30 14:16:18,417 INFO:FFB_Engine:DI-UPDATE: resolved payload type=periodic_sine freq=90.62571384867684 mag_in=1000 unit=di duration_us=3669000 period_us=11034 phase=0
2026-07-30 14:16:18,423 INFO:FFB_Engine:DI-UPDATE: resolved payload type=periodic_sine freq=90.77675592703896 mag_in=1000 unit=di duration_us=3669000 period_us=11016 phase=0
2026-07-30 14:16:18,429 INFO:FFB_Engine:DI-UPDATE: resolved payload type=periodic_sine freq=90.93859133173207 mag_in=1000 unit=di duration_us=3669000 period_us=10996 phase=0
2026-07-30 14:16:18,435 INFO:FFB_Engine:DI-UPDATE: resolved payload type=periodic_sine freq=91.08692481869556 mag_in=1000 unit=di duration_us=3669000 period_us=10978 phase=0
2026-07-30 14:16:18,441 INFO:FFB_Engine:DI-UPDATE: resolved payload type=periodic_sine freq=91.23416197104532 mag_in=1000 unit=di duration_us=3669000 period_us=10960 phase=0
2026-07-30 14:16:18,446 INFO:FFB_Engine:DI-UPDATE: resolved payload type=periodic_sine freq=91.35681074173723 mag_in=1000 unit=di duration_us=3669000 period_us=10946 phase=0
2026-07-30 14:16:18,452 INFO:FFB_Engine:DI-UPDATE: resolved payload type=periodic_sine freq=91.50464003203345 mag_in=1000 unit=di duration_us=3669000 period_us=10928 phase=0
2026-07-30 14:16:18,459 INFO:FFB_Engine:DI-UPDATE: resolved payload type=periodic_sine freq=91.66063027303727 mag_in=1000 unit=di duration_us=3669000 period_us=10909 phase=0
2026-07-30 14:16:18,464 INFO:FFB_Engine:DI-UPDATE: resolved payload type=periodic_sine freq=91.79698029502494 mag_in=1000 unit=di duration_us=3669000 period_us=10893 phase=0
2026-07-30 14:16:18,470 INFO:FFB_Engine:DI-UPDATE: resolved payload type=periodic_sine freq=91.9444519574525 mag_in=1000 unit=di duration_us=3669000 period_us=10876 phase=0
2026-07-30 14:16:18,476 INFO:FFB_Engine:DI-UPDATE: resolved payload type=periodic_sine freq=92.09168910980225 mag_in=1000 unit=di duration_us=3669000 period_us=10858 phase=0
2026-07-30 14:16:18,482 INFO:FFB_Engine:DI-UPDATE: resolved payload type=periodic_sine freq=92.23205511687232 mag_in=1000 unit=di duration_us=3669000 period_us=10842 phase=0
2026-07-30 14:16:18,488 INFO:FFB_Engine:DI-UPDATE: resolved payload type=periodic_sine freq=92.37978474038546 mag_in=1000 unit=di duration_us=3669000 period_us=10824 phase=0
2026-07-30 14:16:18,494 INFO:FFB_Engine:DI-UPDATE: resolved payload type=periodic_sine freq=92.52722122630134 mag_in=1000 unit=di duration_us=3669000 period_us=10807 phase=0
2026-07-30 14:16:18,499 INFO:FFB_Engine:DI-UPDATE: resolved payload type=periodic_sine freq=92.6567997697924 mag_in=1000 unit=di duration_us=3669000 period_us=10792 phase=0
2026-07-30 14:16:18,505 INFO:FFB_Engine:DI-UPDATE: resolved payload type=periodic_sine freq=92.80508635474033 mag_in=1000 unit=di duration_us=3669000 period_us=10775 phase=0
2026-07-30 14:16:18,511 INFO:FFB_Engine:DI-UPDATE: resolved payload type=periodic_sine freq=92.95008393584703 mag_in=1000 unit=di duration_us=3669000 period_us=10758 phase=0
2026-07-30 14:16:18,517 INFO:FFB_Engine:DI-UPDATE: resolved payload type=periodic_sine freq=93.0921618664851 mag_in=1000 unit=di duration_us=3669000 period_us=10742 phase=0
2026-07-30 14:16:18,523 INFO:FFB_Engine:DI-UPDATE: resolved payload type=periodic_sine freq=93.24002047054103 mag_in=1000 unit=di duration_us=3669000 period_us=10725 phase=0
2026-07-30 14:16:18,529 INFO:FFB_Engine:DI-UPDATE: resolved payload type=periodic_sine freq=93.38748040746471 mag_in=1000 unit=di duration_us=3669000 period_us=10708 phase=0
2026-07-30 14:16:18,535 INFO:FFB_Engine:DI-UPDATE: resolved payload type=periodic_sine freq=93.52699045275078 mag_in=1000 unit=di duration_us=3669000 period_us=10692 phase=0
2026-07-30 14:16:18,541 INFO:FFB_Engine:DI-UPDATE: resolved payload type=periodic_sine freq=93.67482560579894 mag_in=1000 unit=di duration_us=3669000 period_us=10675 phase=0
2026-07-30 14:16:18,546 INFO:FFB_Engine:DI-UPDATE: resolved payload type=periodic_sine freq=93.82082571748826 mag_in=1000 unit=di duration_us=3669000 period_us=10658 phase=0
2026-07-30 14:16:18,552 INFO:FFB_Engine:DI-UPDATE: resolved payload type=periodic_sine freq=93.96548325898218 mag_in=1000 unit=di duration_us=3669000 period_us=10642 phase=0
2026-07-30 14:16:18,558 INFO:FFB_Engine:DI-UPDATE: resolved payload type=periodic_sine freq=94.1143795701324 mag_in=1000 unit=di duration_us=3669000 period_us=10625 phase=0
2026-07-30 14:16:18,564 INFO:FFB_Engine:DI-UPDATE: resolved payload type=periodic_sine freq=94.25924817069632 mag_in=1000 unit=di duration_us=3669000 period_us=10609 phase=0
2026-07-30 14:16:18,569 INFO:FFB_Engine:DI-UPDATE: resolved payload type=periodic_sine freq=94.38647575065737 mag_in=1000 unit=di duration_us=3669000 period_us=10594 phase=0
2026-07-30 14:16:18,576 INFO:FFB_Engine:DI-UPDATE: resolved payload type=periodic_sine freq=94.53484441413254 mag_in=1000 unit=di duration_us=3669000 period_us=10578 phase=0
2026-07-30 14:16:18,581 INFO:FFB_Engine:DI-UPDATE: resolved payload type=periodic_sine freq=94.68113180066717 mag_in=1000 unit=di duration_us=3669000 period_us=10561 phase=0
2026-07-30 14:16:18,586 INFO:FFB_Engine:DI-UPDATE: resolved payload type=periodic_sine freq=94.78751143471139 mag_in=1000 unit=di duration_us=3669000 period_us=10549 phase=0
2026-07-30 14:16:18,592 INFO:FFB_Engine:DI-UPDATE: resolved payload type=periodic_sine freq=94.93453752799113 mag_in=1000 unit=di duration_us=3669000 period_us=10533 phase=0
2026-07-30 14:16:18,596 INFO:FFB_Engine:DI-UPDATE: resolved payload type=periodic_sine freq=95.03531237117579 mag_in=1000 unit=di duration_us=3669000 period_us=10522 phase=0
2026-07-30 14:16:18,602 INFO:FFB_Engine:DI-UPDATE: resolved payload type=periodic_sine freq=95.17898497034291 mag_in=1000 unit=di duration_us=3669000 period_us=10506 phase=0
2026-07-30 14:16:18,608 INFO:FFB_Engine:DI-UPDATE: resolved payload type=periodic_sine freq=95.3269139274222 mag_in=1000 unit=di duration_us=3669000 period_us=10490 phase=0
2026-07-30 14:16:18,614 INFO:FFB_Engine:DI-UPDATE: resolved payload type=periodic_sine freq=95.47367033411244 mag_in=1000 unit=di duration_us=3669000 period_us=10474 phase=0
2026-07-30 14:16:18,619 INFO:FFB_Engine:DI-UPDATE: resolved payload type=periodic_sine freq=95.59823622469041 mag_in=1000 unit=di duration_us=3669000 period_us=10460 phase=0
2026-07-30 14:16:18,625 INFO:FFB_Engine:DI-UPDATE: resolved payload type=periodic_sine freq=95.74718530060814 mag_in=1000 unit=di duration_us=3669000 period_us=10444 phase=0
2026-07-30 14:16:18,631 INFO:FFB_Engine:DI-UPDATE: resolved payload type=periodic_sine freq=95.89669133796066 mag_in=1000 unit=di duration_us=3669000 period_us=10427 phase=0
2026-07-30 14:16:18,636 INFO:FFB_Engine:DI-UPDATE: resolved payload type=periodic_sine freq=96.0216148564073 mag_in=1000 unit=di duration_us=3669000 period_us=10414 phase=0
2026-07-30 14:16:18,642 INFO:FFB_Engine:DI-UPDATE: resolved payload type=periodic_sine freq=96.16960830375795 mag_in=1000 unit=di duration_us=3669000 period_us=10398 phase=0
2026-07-30 14:16:18,646 INFO:FFB_Engine:DI-UPDATE: resolved payload type=periodic_sine freq=96.2727047967129 mag_in=1000 unit=di duration_us=3669000 period_us=10387 phase=0
2026-07-30 14:16:18,653 INFO:FFB_Engine:DI-UPDATE: resolved payload type=periodic_sine freq=96.44780174630587 mag_in=1000 unit=di duration_us=3669000 period_us=10368 phase=0
2026-07-30 14:16:18,659 INFO:FFB_Engine:DI-UPDATE: resolved payload type=periodic_sine freq=96.59692670478195 mag_in=1000 unit=di duration_us=3669000 period_us=10352 phase=0
2026-07-30 14:16:18,665 INFO:FFB_Engine:DI-UPDATE: resolved payload type=periodic_sine freq=96.7461396045372 mag_in=1000 unit=di duration_us=3669000 period_us=10336 phase=0
2026-07-30 14:16:18,670 INFO:FFB_Engine:DI-UPDATE: resolved payload type=periodic_sine freq=96.86439131127028 mag_in=1000 unit=di duration_us=3669000 period_us=10323 phase=0
2026-07-30 14:16:18,676 INFO:FFB_Engine:DI-UPDATE: resolved payload type=periodic_sine freq=97.0127130727299 mag_in=1000 unit=di duration_us=3669000 period_us=10307 phase=0
2026-07-30 14:16:18,682 INFO:FFB_Engine:DI-UPDATE: resolved payload type=periodic_sine freq=97.15944602841236 mag_in=1000 unit=di duration_us=3669000 period_us=10292 phase=0
2026-07-30 14:16:18,687 INFO:FFB_Engine:DI-UPDATE: resolved payload type=periodic_sine freq=97.27966175704707 mag_in=1000 unit=di duration_us=3669000 period_us=10279 phase=0
2026-07-30 14:16:18,693 INFO:FFB_Engine:DI-UPDATE: resolved payload type=periodic_sine freq=97.42842322490255 mag_in=1000 unit=di duration_us=3669000 period_us=10263 phase=0
2026-07-30 14:16:18,699 INFO:FFB_Engine:DI-UPDATE: resolved payload type=periodic_sine freq=97.57356151205595 mag_in=1000 unit=di duration_us=3669000 period_us=10248 phase=0
2026-07-30 14:16:18,704 INFO:FFB_Engine:DI-UPDATE: resolved payload type=periodic_sine freq=97.69361308363617 mag_in=1000 unit=di duration_us=3669000 period_us=10236 phase=0
2026-07-30 14:16:18,708 INFO:FFB_Engine:DI-UPDATE: resolved payload type=periodic_sine freq=97.79424722077415 mag_in=1000 unit=di duration_us=3669000 period_us=10225 phase=0
2026-07-30 14:16:18,714 INFO:FFB_Engine:DI-UPDATE: resolved payload type=periodic_sine freq=97.94460335715873 mag_in=1000 unit=di duration_us=3669000 period_us=10209 phase=0
2026-07-30 14:16:18,721 INFO:FFB_Engine:DI-UPDATE: resolved payload type=periodic_sine freq=98.12059730779929 mag_in=1000 unit=di duration_us=3669000 period_us=10191 phase=0
2026-07-30 14:16:18,727 INFO:FFB_Engine:DI-UPDATE: resolved payload type=periodic_sine freq=98.26846763735912 mag_in=1000 unit=di duration_us=3669000 period_us=10176 phase=0
2026-07-30 14:16:18,733 INFO:FFB_Engine:DI-UPDATE: resolved payload type=periodic_sine freq=98.41465535711069 mag_in=1000 unit=di duration_us=3669000 period_us=10161 phase=0
2026-07-30 14:16:18,739 INFO:FFB_Engine:DI-UPDATE: resolved payload type=periodic_sine freq=98.54914688673175 mag_in=1000 unit=di duration_us=3669000 period_us=10147 phase=0
2026-07-30 14:16:18,743 INFO:FFB_Engine:DI-UPDATE: resolved payload type=periodic_sine freq=98.64948202352053 mag_in=1000 unit=di duration_us=3669000 period_us=10136 phase=0
2026-07-30 14:16:18,749 INFO:FFB_Engine:DI-UPDATE: resolved payload type=periodic_sine freq=98.79605082214856 mag_in=1000 unit=di duration_us=3669000 period_us=10121 phase=0
2026-07-30 14:16:18,756 INFO:FFB_Engine:DI-UPDATE: resolved payload type=periodic_sine freq=98.96469874460189 mag_in=1000 unit=di duration_us=3669000 period_us=10104 phase=0
2026-07-30 14:16:18,762 INFO:FFB_Engine:DI-UPDATE: resolved payload type=periodic_sine freq=99.11184795567246 mag_in=1000 unit=di duration_us=3669000 period_us=10089 phase=0
2026-07-30 14:16:18,768 INFO:FFB_Engine:DI-UPDATE: resolved payload type=periodic_sine freq=99.2590557942625 mag_in=1000 unit=di duration_us=3669000 period_us=10074 phase=0
2026-07-30 14:16:18,774 INFO:FFB_Engine:DI-UPDATE: resolved payload type=periodic_sine freq=99.41534503561552 mag_in=1000 unit=di duration_us=3669000 period_us=10058 phase=0
2026-07-30 14:16:18,778 INFO:FFB_Engine:DI-UPDATE: resolved payload type=periodic_sine freq=99.51731001744506 mag_in=1000 unit=di duration_us=3669000 period_us=10048 phase=0
2026-07-30 14:16:18,784 INFO:FFB_Engine:DI-UPDATE: resolved payload type=periodic_sine freq=99.66899699852114 mag_in=1000 unit=di duration_us=3669000 period_us=10033 phase=0
2026-07-30 14:16:18,790 INFO:FFB_Engine:DI-UPDATE: resolved payload type=periodic_sine freq=99.80387546977059 mag_in=1000 unit=di duration_us=3669000 period_us=10019 phase=0
2026-07-30 14:16:18,796 INFO:FFB_Engine:DI-UPDATE: resolved payload type=periodic_sine freq=99.95255485909884 mag_in=1000 unit=di duration_us=3669000 period_us=10004 phase=0
2026-07-30 14:18:33,920 INFO:FFB_Engine:SDL3 custom events registered: {'EFFECT_START': 32768, 'EFFECT_STOP': 32769, 'POSITION_REQUEST': 32770}
2026-07-30 14:18:34,104 INFO:FFB_Engine:Loaded DirectInput provider: unity_di (c:\Users\nishi\OneDrive\Desktop\MotorBuster\MotorBuster\DirectInputForceFeedback.dll)
2026-07-30 14:18:34,267 INFO:FFB_Engine:DirectInput scan found 1 FFB-capable device(s) via Unity DI
2026-07-30 14:18:34,267 INFO:FFB_Engine:Connecting to (DI mode): CONSPIT Ares [VID:0000 PID:0000]
2026-07-30 14:18:34,331 INFO:FFB_Engine:Opened SDL input telemetry handle: joy_id=5, axes=8, gamepad=no
2026-07-30 14:18:34,332 INFO:FFB_Engine:DirectInput backend ignores SDL device index; using first available DI device
2026-07-30 14:18:34,508 INFO:FFB_Engine:DirectInput backend initialized via Unity DI for guid={8424D4D0-5664-11F0-8001-444553540000}
2026-07-30 14:18:34,508 INFO:FFB_Engine:DirectInput backend active; SDL haptics disabled.
2026-07-30 14:29:21,990 INFO:FFB_Engine:SDL3 custom events registered: {'EFFECT_START': 32768, 'EFFECT_STOP': 32769, 'POSITION_REQUEST': 32770}
2026-07-30 14:29:22,178 INFO:FFB_Engine:Loaded DirectInput provider: unity_di (c:\Users\nishi\OneDrive\Desktop\MotorBuster\MotorBuster\DirectInputForceFeedback.dll)
2026-07-30 14:29:22,336 INFO:FFB_Engine:DirectInput scan found 1 FFB-capable device(s) via Unity DI
2026-07-30 14:29:22,336 INFO:FFB_Engine:Connecting to (DI mode): CONSPIT Ares [VID:0000 PID:0000]
2026-07-30 14:29:22,402 INFO:FFB_Engine:Opened SDL input telemetry handle: joy_id=5, axes=8, gamepad=no
2026-07-30 14:29:22,402 INFO:FFB_Engine:DirectInput backend ignores SDL device index; using first available DI device
2026-07-30 14:29:22,578 INFO:FFB_Engine:DirectInput backend initialized via Unity DI for guid={8424D4D0-5664-11F0-8001-444553540000}
2026-07-30 14:29:22,578 INFO:FFB_Engine:DirectInput backend active; SDL haptics disabled.
2026-07-30 14:39:56,077 INFO:FFB_Engine:SDL3 custom events registered: {'EFFECT_START': 32768, 'EFFECT_STOP': 32769, 'POSITION_REQUEST': 32770}
2026-07-30 14:39:56,264 INFO:FFB_Engine:Loaded DirectInput provider: unity_di (c:\Users\nishi\OneDrive\Desktop\MotorBuster\MotorBuster\DirectInputForceFeedback.dll)
2026-07-30 14:39:56,421 INFO:FFB_Engine:DirectInput scan found 1 FFB-capable device(s) via Unity DI
2026-07-30 14:39:56,421 INFO:FFB_Engine:Connecting to (DI mode): CONSPIT Ares [VID:0000 PID:0000]
2026-07-30 14:39:56,484 INFO:FFB_Engine:Opened SDL input telemetry handle: joy_id=5, axes=8, gamepad=no
2026-07-30 14:39:56,484 INFO:FFB_Engine:DirectInput backend ignores SDL device index; using first available DI device
2026-07-30 14:39:56,660 INFO:FFB_Engine:DirectInput backend initialized via Unity DI for guid={8424D4D0-5664-11F0-8001-444553540000}
2026-07-30 14:39:56,661 INFO:FFB_Engine:DirectInput backend active; SDL haptics disabled.
2026-07-30 14:42:39,358 INFO:FFB_Engine:SDL3 custom events registered: {'EFFECT_START': 32768, 'EFFECT_STOP': 32769, 'POSITION_REQUEST': 32770}
2026-07-30 14:42:39,547 INFO:FFB_Engine:Loaded DirectInput provider: unity_di (c:\Users\nishi\OneDrive\Desktop\MotorBuster\MotorBuster\DirectInputForceFeedback.dll)
2026-07-30 14:42:39,706 INFO:FFB_Engine:DirectInput scan found 1 FFB-capable device(s) via Unity DI
2026-07-30 14:42:39,706 INFO:FFB_Engine:Connecting to (DI mode): CONSPIT Ares [VID:0000 PID:0000]
2026-07-30 14:42:39,770 INFO:FFB_Engine:Opened SDL input telemetry handle: joy_id=5, axes=8, gamepad=no
2026-07-30 14:42:39,770 INFO:FFB_Engine:DirectInput backend ignores SDL device index; using first available DI device
2026-07-30 14:42:39,948 INFO:FFB_Engine:DirectInput backend initialized via Unity DI for guid={8424D4D0-5664-11F0-8001-444553540000}
2026-07-30 14:42:39,949 INFO:FFB_Engine:DirectInput backend active; SDL haptics disabled.
2026-07-30 14:54:39,562 INFO:FFB_Engine:SDL3 custom events registered: {'EFFECT_START': 32768, 'EFFECT_STOP': 32769, 'POSITION_REQUEST': 32770}
2026-07-30 14:54:39,759 INFO:FFB_Engine:Loaded DirectInput provider: unity_di (c:\Users\nishi\OneDrive\Desktop\MotorBuster\MotorBuster\DirectInputForceFeedback.dll)
2026-07-30 14:54:39,924 INFO:FFB_Engine:DirectInput scan found 1 FFB-capable device(s) via Unity DI
2026-07-30 14:54:39,925 INFO:FFB_Engine:Connecting to (DI mode): CONSPIT Ares [VID:0000 PID:0000]
2026-07-30 14:54:39,988 INFO:FFB_Engine:Opened SDL input telemetry handle: joy_id=5, axes=8, gamepad=no
2026-07-30 14:54:39,988 INFO:FFB_Engine:DirectInput backend ignores SDL device index; using first available DI device
2026-07-30 14:54:40,164 INFO:FFB_Engine:DirectInput backend initialized via Unity DI for guid={8424D4D0-5664-11F0-8001-444553540000}
2026-07-30 14:54:40,164 INFO:FFB_Engine:DirectInput backend active; SDL haptics disabled.
2026-07-30 15:08:34,514 INFO:FFB_Engine:SDL3 custom events registered: {'EFFECT_START': 32768, 'EFFECT_STOP': 32769, 'POSITION_REQUEST': 32770}
2026-07-30 15:08:34,706 INFO:FFB_Engine:Loaded DirectInput provider: unity_di (c:\Users\nishi\OneDrive\Desktop\MotorBuster\MotorBuster\DirectInputForceFeedback.dll)
2026-07-30 15:08:34,861 INFO:FFB_Engine:DirectInput scan found 1 FFB-capable device(s) via Unity DI
2026-07-30 15:08:34,861 INFO:FFB_Engine:Connecting to (DI mode): CONSPIT Ares [VID:0000 PID:0000]
2026-07-30 15:08:34,924 INFO:FFB_Engine:Opened SDL input telemetry handle: joy_id=5, axes=8, gamepad=no
2026-07-30 15:08:34,924 INFO:FFB_Engine:DirectInput backend ignores SDL device index; using first available DI device
2026-07-30 15:08:35,100 INFO:FFB_Engine:DirectInput backend initialized via Unity DI for guid={8424D4D0-5664-11F0-8001-444553540000}
2026-07-30 15:08:35,100 INFO:FFB_Engine:DirectInput backend active; SDL haptics disabled.
2026-07-30 15:48:34,920 INFO:FFB_Engine:SDL3 custom events registered: {'EFFECT_START': 32768, 'EFFECT_STOP': 32769, 'POSITION_REQUEST': 32770}
2026-07-30 15:48:35,121 INFO:FFB_Engine:Loaded DirectInput provider: unity_di (c:\Users\nishi\OneDrive\Desktop\MotorBuster\MotorBuster\DirectInputForceFeedback.dll)
2026-07-30 15:48:35,280 INFO:FFB_Engine:DirectInput scan found 1 FFB-capable device(s) via Unity DI
2026-07-30 15:48:35,281 INFO:FFB_Engine:Connecting to (DI mode): CONSPIT Ares [VID:0000 PID:0000]
2026-07-30 15:48:35,344 INFO:FFB_Engine:Opened SDL input telemetry handle: joy_id=5, axes=8, gamepad=no
2026-07-30 15:48:35,345 INFO:FFB_Engine:DirectInput backend ignores SDL device index; using first available DI device
2026-07-30 15:48:35,521 INFO:FFB_Engine:DirectInput backend initialized via Unity DI for guid={8424D4D0-5664-11F0-8001-444553540000}
2026-07-30 15:48:35,521 INFO:FFB_Engine:DirectInput backend active; SDL haptics disabled.
2026-07-30 15:49:55,589 INFO:FFB_Engine:SDL3 custom events registered: {'EFFECT_START': 32768, 'EFFECT_STOP': 32769, 'POSITION_REQUEST': 32770}
2026-07-30 15:49:55,780 INFO:FFB_Engine:Loaded DirectInput provider: unity_di (c:\Users\nishi\OneDrive\Desktop\MotorBuster\MotorBuster\DirectInputForceFeedback.dll)
2026-07-30 15:49:55,937 INFO:FFB_Engine:DirectInput scan found 1 FFB-capable device(s) via Unity DI
2026-07-30 15:49:55,937 INFO:FFB_Engine:Connecting to (DI mode): CONSPIT Ares [VID:0000 PID:0000]
2026-07-30 15:49:56,001 INFO:FFB_Engine:Opened SDL input telemetry handle: joy_id=5, axes=8, gamepad=no
2026-07-30 15:49:56,002 INFO:FFB_Engine:DirectInput backend ignores SDL device index; using first available DI device
2026-07-30 15:49:56,175 INFO:FFB_Engine:DirectInput backend initialized via Unity DI for guid={8424D4D0-5664-11F0-8001-444553540000}
2026-07-30 15:49:56,175 INFO:FFB_Engine:DirectInput backend active; SDL haptics disabled.
2026-07-30 15:51:15,327 INFO:FFB_Engine:SDL3 custom events registered: {'EFFECT_START': 32768, 'EFFECT_STOP': 32769, 'POSITION_REQUEST': 32770}
2026-07-30 15:51:15,515 INFO:FFB_Engine:Loaded DirectInput provider: unity_di (c:\Users\nishi\OneDrive\Desktop\MotorBuster\MotorBuster\DirectInputForceFeedback.dll)
2026-07-30 15:51:15,674 INFO:FFB_Engine:DirectInput scan found 1 FFB-capable device(s) via Unity DI
2026-07-30 15:51:15,675 INFO:FFB_Engine:Connecting to (DI mode): CONSPIT Ares [VID:0000 PID:0000]
2026-07-30 15:51:15,738 INFO:FFB_Engine:Opened SDL input telemetry handle: joy_id=5, axes=8, gamepad=no
2026-07-30 15:51:15,739 INFO:FFB_Engine:DirectInput backend ignores SDL device index; using first available DI device
2026-07-30 15:51:15,914 INFO:FFB_Engine:DirectInput backend initialized via Unity DI for guid={8424D4D0-5664-11F0-8001-444553540000}
2026-07-30 15:51:15,914 INFO:FFB_Engine:DirectInput backend active; SDL haptics disabled.
2026-07-30 15:51:31,235 INFO:FFB_Engine:SDL3 custom events registered: {'EFFECT_START': 32768, 'EFFECT_STOP': 32769, 'POSITION_REQUEST': 32770}
2026-07-30 15:51:31,432 INFO:FFB_Engine:Loaded DirectInput provider: unity_di (c:\Users\nishi\OneDrive\Desktop\MotorBuster\MotorBuster\DirectInputForceFeedback.dll)
2026-07-30 15:51:31,592 INFO:FFB_Engine:DirectInput scan found 1 FFB-capable device(s) via Unity DI
2026-07-30 15:51:31,592 INFO:FFB_Engine:Connecting to (DI mode): CONSPIT Ares [VID:0000 PID:0000]
2026-07-30 15:51:31,655 INFO:FFB_Engine:Opened SDL input telemetry handle: joy_id=5, axes=8, gamepad=no
2026-07-30 15:51:31,655 INFO:FFB_Engine:DirectInput backend ignores SDL device index; using first available DI device
2026-07-30 15:51:31,836 INFO:FFB_Engine:DirectInput backend initialized via Unity DI for guid={8424D4D0-5664-11F0-8001-444553540000}
2026-07-30 15:51:31,836 INFO:FFB_Engine:DirectInput backend active; SDL haptics disabled.
2026-07-30 15:59:00,213 INFO:FFB_Engine:SDL3 custom events registered: {'EFFECT_START': 32768, 'EFFECT_STOP': 32769, 'POSITION_REQUEST': 32770}
2026-07-30 15:59:00,407 INFO:FFB_Engine:Loaded DirectInput provider: unity_di (c:\Users\nishi\OneDrive\Desktop\MotorBuster\MotorBuster\DirectInputForceFeedback.dll)
2026-07-30 15:59:00,563 INFO:FFB_Engine:DirectInput scan found 1 FFB-capable device(s) via Unity DI
2026-07-30 15:59:00,563 INFO:FFB_Engine:Connecting to (DI mode): CONSPIT Ares [VID:0000 PID:0000]
2026-07-30 15:59:00,626 INFO:FFB_Engine:Opened SDL input telemetry handle: joy_id=5, axes=8, gamepad=no
2026-07-30 15:59:00,626 INFO:FFB_Engine:DirectInput backend ignores SDL device index; using first available DI device
2026-07-30 15:59:00,799 INFO:FFB_Engine:DirectInput backend initialized via Unity DI for guid={8424D4D0-5664-11F0-8001-444553540000}
2026-07-30 15:59:00,799 INFO:FFB_Engine:DirectInput backend active; SDL haptics disabled.
2026-07-30 17:45:37,897 INFO:FFB_Engine:SDL3 custom events registered: {'EFFECT_START': 32768, 'EFFECT_STOP': 32769, 'POSITION_REQUEST': 32770}
2026-07-30 17:45:38,083 INFO:FFB_Engine:Loaded DirectInput provider: unity_di (c:\Users\nishi\OneDrive\Desktop\MotorBuster\MotorBuster\DirectInputForceFeedback.dll)
2026-07-30 17:45:38,244 INFO:FFB_Engine:DirectInput scan found 1 FFB-capable device(s) via Unity DI
2026-07-30 17:45:38,244 INFO:FFB_Engine:Connecting to (DI mode): CONSPIT Ares [VID:0000 PID:0000]
2026-07-30 17:45:38,309 INFO:FFB_Engine:Opened SDL input telemetry handle: joy_id=5, axes=8, gamepad=no
2026-07-30 17:45:38,309 INFO:FFB_Engine:DirectInput backend ignores SDL device index; using first available DI device
2026-07-30 17:45:38,490 INFO:FFB_Engine:DirectInput backend initialized via Unity DI for guid={8424D4D0-5664-11F0-8001-444553540000}
2026-07-30 17:45:38,490 INFO:FFB_Engine:DirectInput backend active; SDL haptics disabled.
2026-07-30 18:03:13,319 INFO:FFB_Engine:SDL3 custom events registered: {'EFFECT_START': 32768, 'EFFECT_STOP': 32769, 'POSITION_REQUEST': 32770}
2026-07-30 18:03:13,512 INFO:FFB_Engine:Loaded DirectInput provider: unity_di (c:\Users\nishi\OneDrive\Desktop\MotorBuster\MotorBuster\DirectInputForceFeedback.dll)
2026-07-30 18:03:13,674 INFO:FFB_Engine:DirectInput scan found 1 FFB-capable device(s) via Unity DI
2026-07-30 18:03:13,675 INFO:FFB_Engine:Connecting to (DI mode): CONSPIT Ares [VID:0000 PID:0000]
2026-07-30 18:03:13,738 INFO:FFB_Engine:Opened SDL input telemetry handle: joy_id=5, axes=8, gamepad=no
2026-07-30 18:03:13,738 INFO:FFB_Engine:DirectInput backend ignores SDL device index; using first available DI device
2026-07-30 18:03:13,915 INFO:FFB_Engine:DirectInput backend initialized via Unity DI for guid={8424D4D0-5664-11F0-8001-444553540000}
2026-07-30 18:03:13,915 INFO:FFB_Engine:DirectInput backend active; SDL haptics disabled.
2026-07-30 19:06:03,907 INFO:FFB_Engine:SDL3 custom events registered: {'EFFECT_START': 32768, 'EFFECT_STOP': 32769, 'POSITION_REQUEST': 32770}
2026-07-30 19:06:04,125 INFO:FFB_Engine:Loaded DirectInput provider: unity_di (c:\Users\nishi\OneDrive\Desktop\MotorBuster\MotorBuster\DirectInputForceFeedback.dll)
2026-07-30 19:06:04,274 INFO:FFB_Engine:DirectInput scan found no DI devices
2026-07-30 19:06:20,835 INFO:FFB_Engine:SDL3 custom events registered: {'EFFECT_START': 32768, 'EFFECT_STOP': 32769, 'POSITION_REQUEST': 32770}
2026-07-30 19:06:21,024 INFO:FFB_Engine:Loaded DirectInput provider: unity_di (c:\Users\nishi\OneDrive\Desktop\MotorBuster\MotorBuster\DirectInputForceFeedback.dll)
2026-07-30 19:06:21,171 INFO:FFB_Engine:DirectInput scan found no DI devices
2026-07-30 19:20:58,114 INFO:FFB_Engine:SDL3 custom events registered: {'EFFECT_START': 32768, 'EFFECT_STOP': 32769, 'POSITION_REQUEST': 32770}
2026-07-30 19:20:58,314 INFO:FFB_Engine:Loaded DirectInput provider: unity_di (c:\Users\nishi\OneDrive\Desktop\MotorBuster\MotorBuster\DirectInputForceFeedback.dll)
2026-07-30 19:20:58,465 INFO:FFB_Engine:DirectInput scan found no DI devices
2026-07-30 21:50:21,562 INFO:FFB_Engine:SDL3 custom events registered: {'EFFECT_START': 32768, 'EFFECT_STOP': 32769, 'POSITION_REQUEST': 32770}
2026-07-30 21:50:21,855 INFO:FFB_Engine:Loaded DirectInput provider: unity_di (c:\Users\nishi\OneDrive\Desktop\MotorBuster\MotorBuster\DirectInputForceFeedback.dll)
2026-07-30 21:50:22,005 INFO:FFB_Engine:DirectInput scan found no DI devices
2026-07-30 21:50:35,480 INFO:FFB_Engine:SDL3 custom events registered: {'EFFECT_START': 32768, 'EFFECT_STOP': 32769, 'POSITION_REQUEST': 32770}
2026-07-30 21:50:35,676 INFO:FFB_Engine:Loaded DirectInput provider: unity_di (c:\Users\nishi\OneDrive\Desktop\MotorBuster\MotorBuster\DirectInputForceFeedback.dll)
2026-07-30 21:50:35,823 INFO:FFB_Engine:DirectInput scan found no DI devices
2026-07-31 10:48:53,913 INFO:FFB_Engine:SDL3 custom events registered: {'EFFECT_START': 32768, 'EFFECT_STOP': 32769, 'POSITION_REQUEST': 32770}
2026-07-31 10:48:54,189 INFO:FFB_Engine:Loaded DirectInput provider: unity_di (c:\Users\nishi\OneDrive\Desktop\MotorBuster\MotorBuster\DirectInputForceFeedback.dll)
2026-07-31 10:48:54,335 INFO:FFB_Engine:DirectInput scan found no DI devices
2026-07-31 11:04:08,110 INFO:FFB_Engine:SDL3 custom events registered: {'EFFECT_START': 32768, 'EFFECT_STOP': 32769, 'POSITION_REQUEST': 32770}
2026-07-31 11:04:08,374 INFO:FFB_Engine:Loaded DirectInput provider: unity_di (c:\Users\nishi\OneDrive\Desktop\MotorBuster\MotorBuster\DirectInputForceFeedback.dll)
2026-07-31 11:04:08,520 INFO:FFB_Engine:DirectInput scan found no DI devices
2026-07-31 11:04:23,669 INFO:FFB_Engine:SDL3 custom events registered: {'EFFECT_START': 32768, 'EFFECT_STOP': 32769, 'POSITION_REQUEST': 32770}
2026-07-31 11:04:23,862 INFO:FFB_Engine:Loaded DirectInput provider: unity_di (c:\Users\nishi\OneDrive\Desktop\MotorBuster\MotorBuster\DirectInputForceFeedback.dll)
2026-07-31 11:04:24,006 INFO:FFB_Engine:DirectInput scan found no DI devices
2026-07-31 11:24:09,873 INFO:FFB_Engine:SDL3 custom events registered: {'EFFECT_START': 32768, 'EFFECT_STOP': 32769, 'POSITION_REQUEST': 32770}
2026-07-31 11:24:10,073 INFO:FFB_Engine:Loaded DirectInput provider: unity_di (c:\Users\nishi\OneDrive\Desktop\MotorBuster\MotorBuster\DirectInputForceFeedback.dll)
2026-07-31 11:24:10,221 INFO:FFB_Engine:DirectInput scan found no DI devices
2026-07-31 11:33:32,476 INFO:FFB_Engine:SDL3 custom events registered: {'EFFECT_START': 32768, 'EFFECT_STOP': 32769, 'POSITION_REQUEST': 32770}
2026-07-31 11:33:32,654 INFO:FFB_Engine:Loaded DirectInput provider: unity_di (c:\Users\nishi\OneDrive\Desktop\MotorBuster\MotorBuster\DirectInputForceFeedback.dll)
2026-07-31 11:33:32,803 INFO:FFB_Engine:DirectInput scan found no DI devices
2026-08-17 12:47:01,077 INFO:FFB_Engine:SDL3 custom events registered: {'EFFECT_START': 32768, 'EFFECT_STOP': 32769, 'POSITION_REQUEST': 32770}
2026-08-17 12:47:01,330 INFO:FFB_Engine:Loaded DirectInput provider: unity_di (c:\Users\nishi\OneDrive\Desktop\MotorBuster\MotorBuster\DirectInputForceFeedback.dll)
2026-08-17 12:47:01,482 INFO:FFB_Engine:DirectInput scan found 1 FFB-capable device(s) via Unity DI
2026-08-17 12:47:01,482 INFO:FFB_Engine:Connecting to (DI mode): CONSPIT Ares [VID:0000 PID:0000]
2026-08-17 12:47:01,545 INFO:FFB_Engine:Opened SDL input telemetry handle: joy_id=5, axes=8, gamepad=no
2026-08-17 12:47:01,545 INFO:FFB_Engine:DirectInput backend ignores SDL device index; using first available DI device
2026-08-17 12:47:01,722 INFO:FFB_Engine:DirectInput backend initialized via Unity DI for guid={8424D4D0-5664-11F0-8001-444553540000}
2026-08-17 12:47:01,723 INFO:FFB_Engine:DirectInput backend active; SDL haptics disabled.
2026-08-17 12:58:49,289 INFO:FFB_Engine:SDL3 custom events registered: {'EFFECT_START': 32768, 'EFFECT_STOP': 32769, 'POSITION_REQUEST': 32770}
2026-08-17 12:58:49,533 INFO:FFB_Engine:Loaded DirectInput provider: unity_di (c:\Users\nishi\OneDrive\Desktop\MotorBuster\MotorBuster\DirectInputForceFeedback.dll)
2026-08-17 12:58:49,720 INFO:FFB_Engine:DirectInput scan found 1 FFB-capable device(s) via Unity DI
2026-08-17 12:58:49,721 INFO:FFB_Engine:Connecting to (DI mode): CONSPIT Ares [VID:0000 PID:0000]
2026-08-17 12:58:49,785 INFO:FFB_Engine:Opened SDL input telemetry handle: joy_id=5, axes=8, gamepad=no
2026-08-17 12:58:49,786 INFO:FFB_Engine:DirectInput backend ignores SDL device index; using first available DI device
2026-08-17 12:58:49,974 INFO:FFB_Engine:DirectInput backend initialized via Unity DI for guid={8424D4D0-5664-11F0-8001-444553540000}
2026-08-17 12:58:49,974 INFO:FFB_Engine:DirectInput backend active; SDL haptics disabled.
2026-08-17 13:09:57,111 INFO:FFB_Engine:SDL3 custom events registered: {'EFFECT_START': 32768, 'EFFECT_STOP': 32769, 'POSITION_REQUEST': 32770}
2026-08-17 13:09:57,325 INFO:FFB_Engine:Loaded DirectInput provider: unity_di (c:\Users\nishi\OneDrive\Desktop\MotorBuster\MotorBuster\DirectInputForceFeedback.dll)
2026-08-17 13:09:57,499 INFO:FFB_Engine:DirectInput scan found 1 FFB-capable device(s) via Unity DI
2026-08-17 13:09:57,499 INFO:FFB_Engine:Connecting to (DI mode): CONSPIT Ares [VID:0000 PID:0000]
2026-08-17 13:09:57,562 INFO:FFB_Engine:Opened SDL input telemetry handle: joy_id=5, axes=8, gamepad=no
2026-08-17 13:09:57,562 INFO:FFB_Engine:DirectInput backend ignores SDL device index; using first available DI device
2026-08-17 13:09:57,741 INFO:FFB_Engine:DirectInput backend initialized via Unity DI for guid={8424D4D0-5664-11F0-8001-444553540000}
2026-08-17 13:09:57,741 INFO:FFB_Engine:DirectInput backend active; SDL haptics disabled.
2026-08-17 13:16:17,925 INFO:FFB_Engine:DI-DESC: resolved payload type=periodic_sine mag_in=3276 unit=s16 length_us=2009000 period_us=100000 offset=0
2026-08-17 13:16:20,628 INFO:FFB_Engine:DI-DESC: resolved payload type=periodic_sine mag_in=3276 unit=s16 length_us=2009000 period_us=100000 offset=0
2026-08-17 13:16:25,583 INFO:FFB_Engine:DI-DESC: resolved payload type=periodic_sine mag_in=3276 unit=s16 length_us=2009000 period_us=100000 offset=0
2026-08-17 13:16:28,435 INFO:FFB_Engine:DI-DESC: resolved payload type=periodic_sine mag_in=3276 unit=s16 length_us=2009000 period_us=100000 offset=0
2026-08-17 13:16:45,051 INFO:FFB_Engine:DI-DESC: resolved payload type=periodic_sine mag_in=11796 unit=s16 length_us=2009000 period_us=100000 offset=0
2026-08-17 13:16:56,732 INFO:FFB_Engine:DI-DESC: resolved payload type=periodic_sine mag_in=11796 unit=s16 length_us=2009000 period_us=100000 offset=0
2026-08-17 13:20:32,627 INFO:FFB_Engine:SDL3 custom events registered: {'EFFECT_START': 32768, 'EFFECT_STOP': 32769, 'POSITION_REQUEST': 32770}
2026-08-17 13:20:32,819 INFO:FFB_Engine:Loaded DirectInput provider: unity_di (c:\Users\nishi\OneDrive\Desktop\MotorBuster\MotorBuster\DirectInputForceFeedback.dll)
2026-08-17 13:20:32,973 INFO:FFB_Engine:DirectInput scan found 1 FFB-capable device(s) via Unity DI
2026-08-17 13:20:32,973 INFO:FFB_Engine:Connecting to (DI mode): CONSPIT Ares [VID:0000 PID:0000]
2026-08-17 13:20:33,035 INFO:FFB_Engine:Opened SDL input telemetry handle: joy_id=5, axes=8, gamepad=no
2026-08-17 13:20:33,035 INFO:FFB_Engine:DirectInput backend ignores SDL device index; using first available DI device
2026-08-17 13:20:33,207 INFO:FFB_Engine:DirectInput backend initialized via Unity DI for guid={8424D4D0-5664-11F0-8001-444553540000}
2026-08-17 13:20:33,208 INFO:FFB_Engine:DirectInput backend active; SDL haptics disabled.
2026-08-17 13:21:19,804 INFO:FFB_Engine:SDL3 custom events registered: {'EFFECT_START': 32768, 'EFFECT_STOP': 32769, 'POSITION_REQUEST': 32770}
2026-08-17 13:21:20,026 INFO:FFB_Engine:Loaded DirectInput provider: unity_di (c:\Users\nishi\OneDrive\Desktop\MotorBuster\MotorBuster\DirectInputForceFeedback.dll)
2026-08-17 13:21:20,192 INFO:FFB_Engine:DirectInput scan found 1 FFB-capable device(s) via Unity DI
2026-08-17 13:21:20,193 INFO:FFB_Engine:Connecting to (DI mode): CONSPIT Ares [VID:0000 PID:0000]
2026-08-17 13:21:20,259 INFO:FFB_Engine:Opened SDL input telemetry handle: joy_id=5, axes=8, gamepad=no
2026-08-17 13:21:20,259 INFO:FFB_Engine:DirectInput backend ignores SDL device index; using first available DI device
2026-08-17 13:21:20,431 INFO:FFB_Engine:DirectInput backend initialized via Unity DI for guid={8424D4D0-5664-11F0-8001-444553540000}
2026-08-17 13:21:20,432 INFO:FFB_Engine:DirectInput backend active; SDL haptics disabled.
